# Blender 5.0.1
# www.blender.org
o david_decimated
v 6.836726 6.504811 2.746277
v 6.955930 5.231949 -0.407219
v 6.859910 4.813062 -0.156835
v 6.902322 5.165609 -0.420656
v 6.383673 6.470966 -0.839903
v 4.587599 5.344222 6.684244
v 4.457348 5.337217 6.809741
v 4.326027 5.384154 7.011331
v 3.009368 3.838899 -6.179302
v 2.885179 4.038997 -6.380675
v 2.929457 3.978579 -6.501302
v 1.538874 4.554943 -7.190629
v -0.660186 -2.014046 -7.662501
v -2.814532 3.508295 4.328591
v 1.293701 -2.180342 -5.337396
v -3.157284 6.291131 6.102343
v -2.470663 6.155399 5.734409
v -5.907198 8.147382 -0.320866
v 2.313443 -1.630430 -3.772695
v -3.753331 -3.616171 -7.155604
v -0.274256 7.988530 -6.377039
v -5.777978 1.309441 -2.990883
v 0.009026 9.995101 2.856914
v -3.325433 8.706843 3.310101
v 5.778403 3.516639 0.603929
v 4.133090 2.203854 4.102739
v -2.706567 9.294676 -2.699382
v -3.654173 9.373658 1.532752
v 5.831624 5.457068 1.282039
v -2.875867 -2.551321 0.401397
v -2.670876 6.507697 5.839684
v -1.439379 6.410769 7.573216
v 0.210163 6.881842 6.974540
v -7.078462 -0.192315 -2.262364
v 1.781218 10.625367 1.246238
v 3.017267 4.075179 -5.080076
v -6.218412 6.106706 -2.065508
v 6.651089 6.885109 4.410623
v 1.538327 3.939264 -7.472379
v 4.246659 8.433638 5.116571
v -2.186165 3.248684 6.033868
v -5.920110 2.585925 2.447748
v 4.706960 5.388076 6.594921
v -4.800045 5.096465 5.451780
v 2.813601 4.687607 5.397585
v 1.175323 2.826957 5.555611
v -0.995514 9.350620 3.683743
v 4.573986 7.982256 6.887380
v -4.881024 7.987622 2.203261
v -4.569785 9.189095 1.260409
v -2.912000 2.999880 5.588103
v -4.458023 6.553117 4.693995
v 1.749074 5.064787 -6.912738
v 6.901889 7.003781 -2.328238
v 5.880270 3.163855 2.075779
v 5.430249 2.517972 1.425521
v 5.714258 5.061901 5.164658
v 6.384421 5.459064 4.359930
v -5.913310 2.434833 1.663967
v -3.718633 0.386201 2.248150
v -1.385171 3.103340 6.044617
v -1.835934 -5.407462 0.521509
v 7.425148 5.087472 1.510030
v -3.719505 -4.051056 0.124382
v -5.955997 3.737966 -4.310523
v 2.687958 7.209393 -6.508908
v 2.470278 9.951090 -3.155885
v 2.671787 9.497528 -3.098536
v 1.071271 4.587962 6.453707
v 0.891477 5.393665 7.059398
v -5.039412 -0.192818 -0.868815
v 4.408647 5.011886 -5.659799
v -4.386499 -1.674259 -6.564644
v 4.505876 -1.520308 3.696709
v 1.813389 1.165528 -5.679567
v 1.170630 0.665365 -6.114757
v 6.455256 5.333827 5.747473
v 6.721921 5.449166 4.624700
v -2.949487 8.764946 -4.212986
v -4.612988 -3.736239 -4.666393
v -1.560748 5.132301 6.875860
v -1.598209 3.152993 5.173121
v -0.834311 3.284642 5.697772
v -3.546450 -1.608582 -7.389188
v -3.557160 4.384224 5.648662
v -3.307249 3.782621 6.079044
v -2.781515 -1.368526 -7.726263
v -2.425084 5.481136 6.161213
v 3.919157 5.382411 4.960151
v 5.626835 8.691028 -1.053721
v 3.391267 7.216336 -5.443103
v 0.175319 10.839714 1.264952
v 1.655667 -4.978265 -0.860364
v -5.963350 0.982888 0.000118
v 4.067171 0.970327 -2.998044
v -1.429512 -3.769477 1.130645
v 0.420916 -1.481081 -6.494384
v 3.244966 -5.488791 -4.944897
v 6.301325 5.920661 6.053929
v -5.161455 2.699641 -5.387130
v -7.013187 3.944678 2.268330
v 2.703546 10.402537 -0.171293
v 5.561058 4.083392 -2.064823
v -7.028430 4.888278 0.259935
v -3.457632 -1.538899 0.588293
v -6.728147 5.859362 -1.374751
v -4.991669 -0.747001 -6.238363
v 5.965826 4.627326 -0.758647
v -6.370280 2.259624 -1.906378
v 5.270268 0.445388 -0.138788
v -6.055682 1.512002 -0.309889
v -6.608584 1.297566 -0.461429
v 3.410201 4.095513 -4.312793
v 3.055947 1.682942 -3.903963
v -4.989758 6.128553 4.528512
v 0.531510 10.263752 -3.474360
v -0.786777 4.607612 6.434592
v -0.891362 7.204240 6.423217
v 0.872243 3.705810 5.805678
v 4.587357 9.176837 3.739579
v -4.181973 -4.764421 -5.748350
v -2.701378 -1.991827 -7.643326
v -3.163752 -2.185544 -7.677976
v 1.326971 10.423191 2.575348
v -5.466796 2.879852 2.034838
v 4.671012 6.374218 -4.746221
v 5.712854 8.332228 3.268721
v 3.360908 8.223188 -4.635329
v -0.870319 0.912125 4.761118
v -4.790998 9.025311 -0.770111
v 3.666878 -3.930182 1.919634
v -2.071307 2.641170 -7.212564
v -5.376071 5.077076 3.208654
v 6.940476 7.109208 2.938312
v -5.429339 7.072272 -3.484405
v -6.095967 6.923243 -2.386066
v -6.042304 -0.344878 -0.158299
v 4.216131 -0.049547 2.298229
v -7.702828 3.844573 0.106418
v 3.839093 -2.282363 1.296492
v -7.068014 2.234248 0.117403
v -6.643135 3.135190 0.589181
v -2.072996 7.602745 -6.038649
v 1.372610 1.245198 4.722288
v -0.406777 9.383763 4.153701
v 6.697837 6.191678 3.968482
v 6.587742 5.441773 4.126600
v 1.857732 5.688341 6.933697
v 5.784481 5.309246 5.964462
v 5.618315 4.965851 5.582856
v -0.697708 5.890487 7.878661
v -1.963376 5.291780 6.629264
v 3.325208 6.109686 7.373384
v -6.253309 1.880952 0.819033
v -5.005558 8.679391 -2.130933
v 1.343642 4.256405 6.183506
v -5.421822 1.594258 -3.114282
v 5.972593 6.014704 -0.733460
v 6.718184 6.088920 -1.729160
v 0.168688 9.933990 4.029310
v 5.242332 2.387782 1.172809
v 3.113451 3.189734 -6.718493
v 5.994712 7.542264 -3.185395
v -0.828926 2.755725 4.786923
v 5.096655 8.358582 4.577467
v 0.457179 -5.963356 0.591216
v 1.269119 -6.523765 -0.732225
v 2.304143 -4.593700 2.449697
v 0.751073 4.545455 6.871784
v 3.515919 3.032469 -3.453914
v 3.165535 2.639992 -4.074545
v 0.167664 5.944215 -6.963481
v 1.366000 -4.956321 -0.079647
v 7.509508 6.112303 1.139518
v 3.685658 -2.988072 1.495818
v -0.588832 -3.332428 -7.217969
v -5.698174 8.124578 1.742456
v -5.719701 7.283393 2.879801
v 1.723720 5.957194 -6.903627
v 6.497466 5.788806 -0.416080
v -6.440014 4.290365 -2.433320
v -6.375508 -0.460124 -1.056972
v -5.643469 -1.024611 -0.498300
v -0.373591 4.077151 6.429943
v -2.046594 0.680078 -7.524689
v 2.596788 2.141890 -5.914318
v 3.292285 -3.025573 2.326814
v -0.727733 2.335245 -6.920229
v 2.934028 -2.733812 3.168624
v -0.788757 7.393221 -6.586672
v -6.787451 0.756574 -1.500585
v -6.529901 0.175418 -0.224983
v 1.997575 4.914039 6.135163
v 1.284245 9.901377 3.132923
v 2.627792 9.496836 3.697752
v -7.042238 5.256746 0.872759
v -3.372265 1.748292 2.625701
v -4.395221 1.663262 1.805639
v 4.384204 3.900862 -3.060240
v -4.173761 4.603423 4.960633
v -4.085889 4.309255 5.771242
v 3.984473 9.974418 2.208832
v 2.989850 3.192915 -3.970226
v -2.161280 -0.253178 -7.264649
v -6.716443 5.150794 1.215084
v -6.356283 5.774017 2.066608
v 4.967154 -1.083417 3.717463
v -5.144510 -0.288325 -5.807764
v 3.054734 4.652919 -7.009459
v 3.841666 7.018317 -5.162388
v -3.834379 2.629177 1.620171
v -4.913672 1.930575 1.546646
v 1.418791 -0.085553 -6.077583
v 5.951205 8.474640 -2.761241
v 6.696418 7.678216 -0.694967
v -2.775398 8.144005 -5.552885
v -1.946992 8.687374 5.064143
v 5.183881 5.453288 4.644435
v -6.600707 -1.170689 -3.570151
v -6.266440 -1.722454 -3.347960
v -4.484714 7.637171 2.337936
v -4.818842 7.850496 2.708614
v -2.586094 3.597959 6.451064
v 0.371109 4.574863 6.060040
v 2.844968 9.206589 4.726476
v 6.317521 5.198120 -1.754343
v 6.157092 6.000469 -1.601952
v 5.756260 8.715105 3.110546
v 6.890612 6.455230 2.025291
v 6.011184 5.840756 2.317316
v 3.587420 4.080658 -3.375083
v 3.022740 3.590314 -3.714160
v -2.403777 10.172979 -0.142391
v -6.193848 -0.526822 -4.791412
v 2.583875 -6.314824 -1.632902
v -6.767669 -0.050800 -3.146584
v -6.102985 -0.710015 -3.732891
v -0.395142 0.581748 -7.556208
v -0.711485 -0.262504 -7.619963
v 5.296520 1.394574 -1.186073
v -4.979520 4.835016 3.971448
v -4.035037 3.861757 2.905908
v -6.299966 6.788521 0.277887
v -3.942289 3.419382 2.779424
v 6.804067 5.253187 -0.337076
v -4.583448 -5.381706 -5.698495
v 0.969005 8.662311 -5.428289
v -0.183633 8.611111 -5.583912
v 6.274381 4.469451 0.856530
v -5.799364 5.460583 3.916079
v -4.663570 6.700976 3.922034
v 7.724590 6.868673 0.139603
v -4.596809 8.049781 3.770900
v -3.680945 2.224066 2.309261
v -3.830108 4.856735 5.126181
v -5.426328 1.215961 -3.890355
v 3.696815 7.276160 6.951466
v 5.418194 6.852830 7.079547
v -4.448538 -3.513465 -0.530220
v 1.712428 -4.067054 -5.374090
v 0.585252 -0.271335 -7.378688
v -1.327687 -0.388460 -7.251422
v -2.370383 -0.049677 3.324556
v -0.057911 -3.160981 -6.412948
v 1.390690 6.323966 -7.080352
v -5.522571 5.689012 -4.599081
v -4.296888 1.023047 0.799654
v 4.406456 5.322170 4.578023
v 7.634590 4.943425 0.681393
v 4.908355 5.416726 3.984718
v 4.494636 5.123245 6.582300
v 4.598466 -1.079921 2.881012
v -2.865936 9.558750 -1.416849
v 3.785641 6.162024 -5.798083
v 0.589674 6.398939 7.194037
v 2.054171 -4.637050 -0.093492
v 5.461985 4.223375 -0.039501
v -4.234344 0.412164 0.468891
v -5.056804 0.407644 0.553208
v -0.538743 8.600031 5.427157
v -6.156008 0.980458 0.326275
v 6.047669 4.203329 0.393676
v 6.168064 4.734818 0.619485
v 2.107793 1.812241 -6.449405
v -2.900413 -3.664866 -7.526256
v -3.526625 2.012561 -6.082576
v 0.607414 -3.045412 -6.058273
v -4.626453 -3.463920 -6.461059
v 3.854968 9.473086 2.530140
v 4.040357 9.484707 3.627959
v -3.310286 3.156394 -6.849049
v 7.106068 6.623115 4.038929
v 3.636825 6.834159 7.103596
v 2.969726 5.116278 6.814651
v -0.880620 10.499619 0.207408
v 2.939711 5.227656 5.542217
v 5.728718 8.260003 -3.177588
v -6.294934 3.067088 -2.477783
v -2.812383 7.323692 5.139969
v 6.352563 7.910724 -2.356086
v 5.063090 8.892117 1.222336
v -5.807626 6.591416 -3.224662
v -1.494380 -1.715172 -7.486794
v 1.509555 -0.291732 -5.744566
v -3.556973 9.705781 1.109264
v -2.360370 1.989866 4.090372
v -2.235645 3.082602 4.988360
v 4.749923 1.110687 1.142053
v -4.863065 3.460223 2.030534
v 5.257505 4.955821 5.277805
v -5.256500 -5.814856 -3.784320
v 7.103244 5.877401 1.296564
v 7.234764 5.488661 0.530320
v 3.030757 0.675097 -3.722325
v -3.933334 8.884386 -2.968652
v -3.282101 9.082573 -3.680556
v 5.675387 5.211047 2.461944
v -3.908654 9.576128 -0.697129
v 3.637029 10.088682 0.829564
v 4.348635 -2.046093 0.656415
v 4.030917 -2.296716 2.044776
v 4.129236 -1.778434 1.509903
v 4.283002 -1.299189 3.147283
v -2.062660 8.935019 4.550105
v 5.659452 9.081761 -0.507724
v 2.061043 1.421777 -4.746154
v -7.435012 3.050914 -0.858081
v 5.208115 5.762211 6.163056
v 4.409686 2.340863 -2.991696
v -0.046891 1.406816 -6.757068
v 6.144626 6.263144 2.386962
v 4.657314 5.407946 -3.920469
v 4.020356 5.138199 -4.251198
v 1.141799 9.664319 3.747904
v -1.349511 0.284012 -7.491965
v 0.716475 3.936800 5.473911
v 4.483934 4.441947 -3.146110
v 2.848923 2.697831 -5.654325
v 0.394653 8.023617 -6.013026
v 3.302938 9.840230 -1.666015
v -5.709439 3.244609 -4.361218
v -5.929286 1.885539 -1.988809
v 0.864802 10.553650 1.579332
v 4.097337 1.514248 2.071104
v -0.813937 10.213673 2.857555
v -4.156869 9.913958 0.536329
v -4.434135 4.142625 3.248583
v -5.587848 -0.708397 -5.504920
v -6.860156 -0.290045 -1.678250
v -6.987157 -0.091429 -1.405638
v 6.267543 5.191859 -3.246152
v -4.866678 -1.421702 -0.798138
v -5.268181 -1.419538 -1.137796
v 4.730939 0.174001 3.761207
v -0.968134 3.918119 5.451805
v -7.329773 2.957545 -0.045322
v 3.933336 -2.747139 2.324327
v 1.757002 -1.267385 3.827517
v -7.581589 3.574671 0.820483
v -7.134937 3.192993 0.778366
v -3.444223 -3.640986 -7.589069
v 5.432623 5.387050 2.926946
v 4.394722 6.539145 6.802285
v 0.265715 -0.867118 -7.112452
v 3.239275 0.344739 3.673457
v -4.255390 2.387228 -6.014045
v -5.526349 5.708511 3.405986
v 4.905404 5.615678 -5.255102
v -4.796784 6.169486 3.488000
v -3.994624 7.920530 4.091494
v -5.299382 4.429826 2.864858
v 6.335705 6.161443 -3.064740
v -6.049927 4.503922 3.004440
v -5.759623 -1.102194 -4.608247
v 6.577314 6.745770 -3.108490
v -6.288362 4.734097 3.059989
v -5.770365 8.847232 -0.490295
v -0.521468 10.043333 -3.579502
v 4.008840 -1.363446 3.651951
v 5.721546 8.303208 2.358930
v 3.322447 -0.667219 3.143635
v -4.997344 3.282604 2.413368
v 2.440209 10.624829 1.020526
v -1.832192 9.877019 -3.692999
v 0.648096 0.819314 -6.737839
v 2.092222 4.394757 5.535551
v 4.036984 2.025944 2.432190
v 4.760032 5.147960 4.293008
v -5.177739 1.761569 1.844689
v -0.161648 3.943770 6.617834
v 3.537958 2.540826 5.069906
v -5.443256 9.110939 0.510440
v -6.111626 -0.592030 -0.552349
v -2.758656 -0.867879 -7.448613
v -0.846474 8.811810 -5.418821
v -4.372015 9.134294 -2.027194
v 7.452637 6.552074 -0.469112
v 3.672533 4.020184 -4.233392
v -5.439557 -2.812925 -5.287216
v 6.130164 6.760608 -1.862537
v -2.744447 10.195436 1.798720
v -6.480264 -1.405352 -1.713002
v 0.892364 10.536278 0.520941
v -1.627511 4.314994 6.127673
v 6.334527 7.545208 4.386912
v -5.327925 6.531440 -4.221206
v 5.727743 5.289769 -3.619272
v -6.638132 0.430882 -2.278460
v -5.606488 2.367493 1.629596
v 6.055435 5.067413 1.091477
v 2.710982 9.653172 2.198865
v -0.726064 3.181776 -7.448558
v 3.149644 9.730182 4.434353
v -2.649324 4.178735 -7.093452
v -3.551027 -5.187934 -6.515650
v 1.877597 2.828293 -6.751760
v 1.883379 7.802971 -6.099702
v 3.353300 2.922437 -5.214649
v 2.074776 -2.397521 2.979109
v 2.038384 -2.094470 3.338890
v 3.067513 -2.393835 3.098692
v 6.045671 6.903445 -1.495574
v 5.041372 2.413699 0.062720
v 3.388789 4.660934 -4.889256
v 5.212385 3.957213 -0.614434
v 5.646293 4.323082 -1.262789
v 2.041566 7.766242 6.357208
v 0.482181 3.592692 -7.445996
v -1.860437 4.269293 -7.213664
v -1.362895 4.209132 6.164643
v 3.286237 5.898985 -6.774072
v -4.049979 1.198430 2.261988
v -1.893640 9.538855 3.460719
v 4.598445 5.099084 6.049377
v 5.016474 5.239572 6.217080
v -3.954126 2.038827 -6.071793
v 0.447095 0.004771 4.743982
v -3.200655 3.314636 4.694327
v -2.645878 3.108336 4.904378
v -6.983951 -0.857893 -1.706499
v -5.192452 5.265748 4.182139
v -4.648654 5.469711 4.094289
v -1.703749 7.495725 -6.411743
v -5.211739 4.750827 3.642864
v 5.245621 5.992869 5.848594
v 5.510590 7.776369 5.653674
v -3.926812 8.625205 2.393052
v 5.765944 6.818634 6.775017
v 4.169210 4.628728 -4.466410
v -5.536120 8.192303 -1.788581
v 6.255847 5.897971 -0.864309
v -5.264375 6.330983 3.056041
v 7.179034 6.932686 2.164559
v 7.100315 7.550196 1.796152
v 7.290602 6.934897 1.303371
v 4.699553 9.298061 -1.623215
v 4.743865 3.626904 -1.567967
v 0.444283 -2.541629 -6.614758
v -1.902371 2.400129 4.280814
v 6.142207 3.982651 -1.109985
v 5.735474 5.771744 1.735616
v -3.877056 7.505189 -5.315106
v -4.462412 0.111002 -6.727184
v -3.135710 6.407452 -6.387503
v 0.550452 1.225563 -6.517156
v -4.775189 5.963499 5.218758
v 3.167673 1.806178 -4.378221
v 1.410272 -1.047419 -5.445969
v 1.142032 -1.394816 -5.211737
v 1.667394 10.303094 -3.301897
v -7.435581 4.002676 -0.334208
v 0.929372 6.490779 -6.779613
v -3.797705 2.476404 2.157123
v 3.421280 2.290055 3.767840
v -4.434510 3.483506 2.309920
v -3.303206 2.868535 2.107352
v -2.597026 9.624745 -3.738622
v 3.087652 -5.476076 -5.400781
v 5.156683 4.295989 -2.376652
v 3.743405 -0.714323 3.349333
v 4.663278 9.068830 2.928687
v 1.706348 1.520158 -5.348159
v -5.510135 -1.288429 -4.861664
v -7.070506 2.751787 1.727435
v -5.857471 -2.586754 -3.936540
v -5.359223 -3.392994 -4.091228
v -5.581155 -3.163210 -3.629019
v 7.156408 5.899890 1.926575
v -2.041775 -1.991693 -7.930896
v 0.865440 3.373238 5.469836
v -3.392082 -0.025656 1.697863
v -6.556977 4.346244 2.817335
v 1.616364 4.978453 7.716861
v 1.888798 5.794134 7.512516
v -3.467902 4.335351 -6.693386
v -5.393996 5.753843 5.190755
v -5.215323 -3.549327 -4.969787
v 6.232108 7.186674 4.883177
v 6.371356 7.497033 5.394233
v -6.847030 5.856551 0.391043
v -6.966140 3.293174 -2.200080
v 6.742676 4.349375 -1.203864
v 3.326437 -4.671821 1.406957
v -0.044712 -1.047954 -7.482285
v 1.484661 10.559741 -0.570764
v -0.611638 10.233328 -2.887924
v -5.330137 2.978624 -5.508500
v -5.012403 6.180906 -5.005120
v 0.481848 9.038720 -4.829653
v 3.589330 -2.313920 -2.397874
v -3.415444 -4.791818 -6.493376
v 4.090403 4.858259 6.034144
v -3.519668 7.641121 4.820712
v 4.392738 9.899597 1.039015
v 5.116853 5.645642 6.928434
v -5.772024 0.884159 -4.096378
v -4.821521 0.536100 -5.393846
v 2.274600 10.098366 2.437822
v -2.697505 1.263838 3.545290
v -4.799676 4.049278 -5.956462
v 4.686889 2.285740 3.386518
v -1.196316 -1.362205 -7.710812
v 5.459049 7.060377 -4.113219
v -0.718032 4.428215 7.326089
v -6.647183 4.705052 -1.624233
v 7.050756 6.106508 3.053141
v 4.197568 -1.074383 4.214857
v -5.717872 2.088677 -2.691656
v 6.718160 5.288450 -0.420709
v 4.402022 3.457990 4.513702
v -5.976634 1.733083 -0.115339
v -3.073744 -0.446516 -7.534139
v 4.351626 0.043374 4.045952
v -5.547972 3.148257 2.788750
v -5.007185 -2.943859 -6.258466
v -2.796217 3.308839 3.915383
v -3.254750 3.094867 3.549202
v -6.349818 -0.381768 -4.171516
v -4.956387 0.803852 1.746501
v 1.469942 -0.546226 -4.862788
v -6.974460 5.745747 -0.657240
v 5.681954 4.005046 0.644727
v 7.243032 4.998147 0.056373
v 1.350486 2.301451 -6.831792
v -5.759815 -1.551236 -1.197583
v 3.242407 4.714042 6.319586
v -5.150939 -5.601223 -4.805319
v -6.563635 -0.561915 -1.873852
v 3.850758 5.269591 7.445340
v 4.251016 6.197365 7.062929
v 6.916234 5.557956 -1.847112
v 7.216755 4.542302 1.081295
v 4.550936 5.433923 7.410349
v 1.280713 7.620807 -5.967467
v -1.671117 5.685436 -7.053220
v 4.601015 2.228846 1.824891
v 5.936182 5.410283 -1.420058
v -5.908845 -2.114031 -5.191248
v -5.828640 -1.864081 -4.781130
v -2.970810 -2.181903 1.551140
v 4.956121 7.698179 -3.445766
v 2.557956 7.014320 6.664530
v 4.912821 5.478287 -4.359153
v 4.580498 3.127004 -2.345247
v 0.718330 2.046811 4.719240
v 0.675516 1.735588 4.656271
v 2.277389 1.328065 4.263354
v -5.428875 -2.278578 -5.814163
v 2.489712 -3.554294 -2.200619
v -4.671641 -2.224522 -1.193308
v -5.152855 6.878370 2.974803
v -2.703549 8.528935 3.949914
v -4.056445 -3.312016 -7.231690
v -4.148837 8.571527 -3.737531
v -6.224083 4.183102 -3.182081
v 1.670528 2.524308 -6.558683
v 5.734766 4.482035 0.831790
v -1.835706 -5.079679 -6.964586
v 4.813758 2.527287 2.558827
v 0.119773 -2.280379 -7.016565
v -1.873015 1.747134 -6.886921
v 4.905298 9.906832 0.549558
v 3.487815 3.195232 -3.886889
v -2.884041 8.611832 4.376925
v -7.084739 5.455132 -1.877442
v -5.863816 4.846264 -3.660094
v -5.521766 7.380562 -0.298083
v -5.192688 8.199881 -2.357649
v -6.453212 0.939795 -1.972181
v -2.894477 2.419809 3.365380
v 4.712651 8.948421 -3.210488
v -3.579164 8.267391 -4.710119
v 5.048664 5.169676 -4.010530
v 4.525758 6.776970 7.174112
v 0.633614 8.380804 5.865175
v 1.140211 6.684707 6.506351
v 5.582279 6.971048 -3.321912
v 0.557081 -4.720701 0.678056
v 2.278402 2.302691 -4.901618
v -0.394245 -4.553498 0.930525
v 2.654782 2.424062 -3.710768
v 5.627472 6.165895 -3.919986
v -6.490766 0.328655 -3.198379
v -4.248969 4.032766 2.631679
v -1.805386 10.470114 1.367638
v -0.330493 -3.934832 -6.725699
v 2.736266 8.128938 -5.497682
v -0.227631 10.104321 -1.104011
v 2.370013 1.901759 -4.192227
v 4.901649 1.511852 1.266468
v -6.380241 2.103639 -0.394478
v -3.532651 3.802678 2.622714
v 6.438183 7.236542 -1.666361
v 0.826112 3.964039 6.909078
v 2.677869 1.323834 -5.313759
v -6.729538 5.049987 2.130786
v -5.417316 -2.649889 -2.482467
v 0.164224 9.356725 4.326279
v 2.652682 2.255183 3.688335
v -6.649440 1.986263 -0.795519
v 1.436685 8.509720 5.918974
v 4.841241 5.027262 5.691174
v -0.304182 -5.030179 -7.193189
v 2.540153 2.322926 4.730059
v -3.904007 3.010774 2.083855
v -1.631340 10.001348 2.048270
v 3.639142 8.711952 6.454998
v 2.591367 4.799974 6.065991
v -5.728748 1.365995 -2.346191
v -4.458056 7.157661 4.617062
v -1.412358 10.088256 -2.003710
v 2.093437 0.946858 4.111666
v -2.905990 0.716658 2.957083
v -6.267286 3.341436 3.025495
v 2.874589 -0.255812 3.445700
v 4.935853 3.494349 3.925180
v 3.827332 1.933449 -3.196592
v 3.403319 4.070875 -5.097858
v 3.237215 4.083986 -6.099193
v 4.315779 5.218632 -6.481307
v 1.246578 2.789341 -7.171105
v -2.190209 8.150121 -5.953050
v -4.571769 1.185171 1.998175
v 3.858354 2.919991 5.193040
v -4.593267 7.060973 -4.758436
v -5.356256 3.677966 2.896374
v -1.526655 8.479582 -5.611825
v 5.240175 3.963480 -2.802567
v 2.119342 5.036940 6.941573
v -6.174401 6.222735 -0.837626
v -6.049734 4.789468 2.664021
v 0.485206 0.585921 -7.333331
v 6.525153 5.333187 3.276202
v 5.551216 5.240418 3.222172
v 5.660697 4.949793 3.601604
v 2.213728 1.803005 4.379108
v 2.613662 1.861066 3.702580
v -1.354461 4.010218 5.792253
v -4.641735 1.526841 -4.917059
v 0.004055 2.210856 4.892614
v 1.023877 0.026887 -6.589560
v -5.705603 7.826797 0.198353
v 4.076914 -0.613638 2.530441
v -2.467404 4.541757 6.780030
v 3.647837 5.167394 6.334148
v -2.527502 2.739575 4.131909
v 4.672801 3.570786 -2.867803
v 2.454287 3.792990 5.373081
v -5.062532 7.277461 3.649879
v 1.582292 3.171140 -6.786643
v -4.854116 -3.839571 -5.894996
v 4.559906 1.758799 3.568594
v -4.743648 -1.361552 -0.611728
v -1.515918 2.462884 -7.204474
v 6.902880 6.916669 -0.795404
v 1.100381 4.414384 5.726360
v 2.899398 -1.127397 -3.714890
v 5.045127 9.513388 -0.155121
v 1.590232 10.466887 -1.848374
v -4.611467 -0.908100 -6.689505
v 3.962224 -1.100145 2.353138
v -2.704920 1.910092 -6.443779
v -3.032416 0.679820 -6.740281
v 2.458410 3.021964 -5.022030
v -4.223829 -2.303847 -6.814998
v -1.301447 3.024309 4.619656
v -6.103397 6.744199 -1.251346
v 5.942440 5.296184 3.764973
v -5.996002 7.452144 -1.515058
v -1.475334 4.708814 6.887317
v -1.973873 1.346537 4.152205
v 5.565817 4.678169 2.439670
v 5.264374 5.354748 -3.734148
v -6.475310 -1.849544 -2.860096
v 4.631181 4.796319 -3.436136
v -4.832028 7.146502 3.149813
v 2.757677 10.001860 3.091019
v -4.368542 -4.063798 -5.145906
v -3.584806 8.907598 2.118539
v -5.990861 7.592035 0.879428
v -3.163540 2.138887 1.918304
v -0.742346 3.633552 4.990114
v -0.368093 3.980514 5.150851
v -0.171336 4.784285 7.579136
v 4.028282 -0.547729 1.915572
v -0.800122 3.923967 5.812119
v 2.058826 5.737582 6.433947
v 4.880167 5.794608 5.673476
v -4.903197 -1.537713 -1.470039
v 4.487164 5.692875 6.312289
v 2.921101 -1.186027 3.263882
v 7.237515 7.093898 3.422676
v 4.149337 4.684009 -3.849634
v 4.465487 -0.970187 2.149482
v 0.621312 5.695181 7.572250
v 6.765355 5.992622 -2.591958
v 2.797268 1.553874 3.640041
v 3.912965 4.382067 -5.907835
v 6.732230 6.545952 5.401204
v 4.328007 9.629834 -0.393709
v -5.666471 1.124247 1.374845
v -6.346900 5.924429 1.433369
v -0.654344 4.173089 -7.349206
v 0.410290 4.560499 7.033204
v 1.420283 1.907189 -6.038755
v 0.815091 0.795782 -6.351665
v 3.795786 4.550172 -5.205932
v -4.483691 0.877213 -5.844159
v 5.631095 6.466331 6.279481
v 4.843519 6.236208 6.368029
v 4.152157 5.529298 5.665008
v 4.442297 5.319004 6.769663
v -1.689387 7.887110 6.070069
v 1.925063 1.995116 5.031293
v 2.741502 6.706536 -6.097199
v -5.419615 0.854963 0.563254
v 5.742747 4.802241 1.584127
v 6.389641 5.195770 -1.349877
v -1.322282 1.168059 -6.998150
v 7.461038 5.938763 -0.145309
v 7.121727 5.169048 0.196513
v 6.960802 5.741620 -0.012944
v -6.726987 3.011154 2.163782
v 2.237038 6.820684 6.869513
v 5.152159 5.497462 6.413834
v 5.034526 8.480166 3.988704
v -1.050090 -2.889811 2.725369
v -5.737793 1.715225 0.274338
v 2.473983 1.602366 3.743299
v 4.205187 7.733938 -4.845565
v -4.851577 -1.285586 -6.067063
v 2.940083 -3.935368 2.706452
v -5.226417 0.351355 -5.049040
v 6.618817 4.590958 -2.875582
v -5.834972 -2.488018 -3.060903
v 0.019136 7.780272 6.127320
v -5.324166 6.156900 -4.055203
v 5.470432 4.882086 -3.406028
v -5.840191 4.086705 -3.493693
v 1.667267 -0.259981 -4.455839
v -5.933211 -2.105128 -1.834753
v -6.383012 0.452238 -3.752947
v -2.514899 -3.274778 -7.554141
v -4.734410 2.116805 2.353555
v 4.010796 8.329126 -4.128241
v -1.585555 -3.777349 -7.368909
v 3.725682 -1.472294 3.007167
v 3.900381 -2.282731 2.887550
v 3.400514 -2.026513 3.333941
v 7.267987 5.812062 0.502690
v 4.479686 2.724186 1.865949
v 2.643258 3.897141 -7.018651
v 1.085470 9.910152 -3.914166
v 4.128843 1.867986 2.001352
v -2.721224 1.709705 3.769114
v 1.307413 1.912510 -6.729437
v -5.499853 2.091928 1.984964
v -1.443715 -4.079513 -6.844608
v 6.400105 5.752862 1.858518
v 5.549524 3.033804 3.374525
v -1.933544 -3.254707 -7.540400
v 2.431819 3.101194 5.742315
v -3.081407 -1.139917 2.263863
v 6.792459 6.287657 4.982455
v 6.503042 4.931772 -2.308952
v 5.803268 5.262854 -3.905680
v -2.097353 7.186258 6.378841
v 5.008258 2.038625 0.116742
v 2.929841 2.501777 -5.083568
v 3.828568 6.159833 -6.174989
v 1.435289 5.750744 7.932509
v 4.005505 7.664808 7.189611
v -0.096773 4.317563 6.611468
v 4.275646 4.796432 -5.109141
v -3.286435 -4.649708 -6.937430
v -2.720466 -5.117569 -6.801401
v -1.071752 9.843253 2.949212
v -3.989652 1.671654 1.559013
v 3.682149 4.589212 5.868129
v -4.944004 3.686207 2.444382
v -6.369927 5.459239 -2.293628
v -6.530888 1.993742 0.323949
v 0.276941 3.815713 7.106072
v 1.429223 4.390307 7.056986
v -4.197761 0.336859 1.651864
v -1.834602 5.996001 -6.809071
v -1.312499 4.606756 6.424054
v -1.200795 5.229146 6.353786
v -4.686398 -0.078895 0.238002
v -3.793464 5.001321 -6.376323
v -1.919559 2.982971 4.506746
v -4.972866 -0.449339 -0.373620
v -4.985525 -0.147010 -0.021895
v -4.516097 -0.659002 -0.180613
v -2.318204 5.183666 -7.013643
v -5.509132 6.233619 2.718417
v -5.268272 6.319715 3.449603
v 3.130494 -0.983820 3.817483
v 1.952162 0.229859 -5.074461
v -5.242719 5.516160 4.738547
v -5.211228 8.215715 1.151232
v 5.747049 3.861603 1.730432
v -6.444044 -1.371748 -2.509198
v -5.554534 -3.453716 -4.327871
v 5.204741 9.320916 2.314953
v 7.041933 5.161890 -0.574116
v 5.921848 8.449889 0.712981
v 2.786544 6.761226 -6.369947
v -6.684939 -1.025877 -0.868870
v -5.359128 -1.483788 -5.593115
v -6.491282 4.985147 2.300744
v 5.578464 8.641393 0.241526
v 2.577870 9.187456 -3.568624
v 2.465853 10.758392 -0.771059
v -4.496296 5.245691 4.643679
v -5.090048 -2.534539 -2.621388
v -2.425792 10.372910 -1.539321
v -6.535167 1.471693 -1.408501
v 1.796376 9.469046 4.485233
v -6.365607 0.672912 -1.090156
v -2.584458 0.850204 -6.838270
v 6.059197 6.752437 5.998832
v 4.508316 1.642382 -2.458162
v 2.793258 8.523630 -4.868296
v -3.745496 6.440413 5.684359
v -0.490395 5.889379 -7.112579
v -4.222254 8.893019 1.838296
v 5.233856 5.018813 3.369816
v 1.376410 1.245462 -6.371036
v 0.480481 9.797864 -4.713473
v 5.029617 2.036696 1.293079
v 4.457153 5.474552 -5.358150
v 1.949111 1.983568 -5.549801
v 5.391755 2.541960 3.215796
v 5.607095 5.708736 4.461532
v 2.645957 4.145787 -6.947249
v -5.065147 1.207983 0.836112
v -3.374057 1.102690 2.234017
v -5.264783 1.199685 1.360662
v -4.290403 -6.276109 -1.804583
v 1.064602 -0.609136 -6.534405
v 1.863377 0.877303 -4.441224
v 1.570255 6.798111 -6.450642
v 5.010067 3.571415 -2.212931
v 2.856426 1.881357 -5.265688
v 7.144760 5.594904 1.588328
v 0.018969 3.472230 5.672487
v -1.136898 4.570703 6.129679
v -1.941066 4.361785 6.488972
v -4.891890 -3.540539 -5.514145
v 5.648534 4.604011 0.314195
v -5.901000 5.577293 -3.182180
v -0.903885 6.537783 -6.644949
v -4.436897 6.108699 -5.656867
v -5.800778 3.046734 -3.352288
v 5.550205 7.387235 -3.693560
v -0.687175 -1.108204 -7.845592
v 0.211235 10.384324 -2.103738
v 2.577362 2.145040 -6.356428
v -2.980602 2.694814 -6.646403
v 1.216839 -5.110385 -6.905234
v -2.943415 1.532769 3.281757
v 6.558439 5.735234 -3.342709
v 3.944810 -3.235669 0.138397
v 1.850950 -3.241453 2.857771
v -3.694976 -0.814488 -6.904876
v 4.953929 4.658092 -2.774788
v -1.766455 3.920485 6.027194
v 6.364400 4.830809 0.005178
v -5.741920 5.285994 2.639228
v -7.257148 5.115930 -0.915587
v 4.060229 5.173155 5.392670
v 3.215904 -5.883257 -3.482984
v -1.669576 -4.499716 -6.879511
v -4.909904 1.149567 -4.822214
v -6.054850 1.355123 -1.979660
v 5.494794 6.429217 -3.151755
v -6.101026 2.790365 1.381714
v -6.043815 2.306326 -2.602862
v -5.921749 3.010000 1.898625
v 4.048963 4.979862 6.544261
v -3.722248 0.803202 -6.477258
v 6.179163 4.488011 -2.524565
v -3.690021 2.575066 2.606808
v 3.862016 9.096738 4.413609
v -5.049923 -3.558914 -3.475336
v -5.386496 3.705037 -4.629772
v -4.768827 3.914926 4.577309
v 1.544354 4.157098 5.521149
v -0.813869 5.329828 7.385428
v -2.394040 2.948760 4.142789
v -3.173030 1.240711 2.061415
v 5.761751 5.936851 -1.443176
v 5.818257 5.902406 -3.277421
v 3.246728 4.167768 -5.534314
v -1.465433 7.932617 -6.040264
v -3.880564 4.924034 5.612464
v 5.833008 3.998713 -2.398320
v 6.450802 4.985017 1.800280
v -0.256423 4.514167 -7.305795
v -1.698431 6.495545 6.522850
v 2.578400 2.031330 4.211229
v -3.167667 2.959430 2.745105
v 5.042067 4.925362 4.449941
v -1.341990 4.413360 5.756945
v 1.266093 9.182334 -4.672227
v -4.843425 -2.549406 -1.691342
v -0.131389 -2.419252 -6.578682
v -7.061086 3.311753 1.672353
v 2.884688 3.535972 -5.842237
v 5.678747 4.987438 4.063917
v 0.905730 -1.704407 -6.287670
v 3.917011 9.844506 3.337995
v 6.945945 5.314910 -2.221956
v 0.379594 1.780157 -6.565454
v -1.985348 4.189947 6.368893
v 2.099470 9.024565 4.824695
v -2.120122 0.734944 3.746835
v 6.418433 4.190093 -2.023319
v -5.648229 2.144640 -3.983169
v -6.925670 2.269383 -0.794063
v -3.834667 -2.454785 -7.193576
v 0.399615 4.227348 6.386806
v 2.926538 8.379622 6.407691
v -3.049955 9.501479 2.383913
v -5.548068 -3.373106 -3.308873
v -4.905366 3.719697 3.119630
v 2.255872 10.272489 -2.783166
v 0.617512 0.545984 -6.312096
v -0.683375 -2.698820 -7.275561
v 1.722181 2.248966 5.329423
v 2.928248 -5.697870 -4.303289
v -6.353150 5.863151 2.693863
v -0.277847 5.539352 7.785178
v 4.637152 2.684869 -2.485205
v 2.577520 2.676783 -6.778161
v 0.656134 2.252725 -7.172194
v -4.372116 3.525212 4.721762
v 3.110851 6.909916 -5.156558
v 2.061416 2.123976 4.767780
v 5.073665 2.004676 0.944080
v 4.874659 9.166744 -2.584101
v -2.382181 8.753489 -5.128068
v 2.928194 0.660015 -4.606923
v -5.051279 1.878222 -4.138631
v -4.211003 -4.526723 -6.572888
v -7.216786 3.986488 -0.859208
v -6.954132 2.756231 0.298074
v 4.802373 2.729630 3.882751
v 3.835011 6.788310 6.709345
v -5.424438 4.704506 -5.014304
v -6.108849 -1.779610 -2.401961
v -2.144041 -0.953841 -7.257279
v -3.576918 3.652514 5.183817
v -5.050185 -2.294229 -1.068281
v -4.377442 0.756998 -5.392007
v 0.781635 10.555099 -1.599242
v -5.675097 0.114453 0.033507
v -4.847354 -3.929795 -4.121980
v -6.486588 6.656420 1.860544
v 2.910444 3.964392 -6.167321
v 0.276541 -6.719067 0.121888
v -4.597935 2.690203 1.688792
v -3.839841 3.479255 3.982994
v 6.612178 5.931130 3.074814
v 7.063675 6.432283 1.653090
v -6.272020 -1.616605 -3.979692
v 3.948300 3.137092 -3.091368
v 5.132077 3.312157 -0.565021
v 1.106563 -0.348388 -6.915879
v -1.018617 -6.742788 0.197259
v -6.723772 -0.358982 -1.103611
v 1.255896 -0.608178 -5.033536
v -5.224547 4.222827 3.481735
v 3.495749 4.385889 -5.640639
v -6.872509 4.665496 -0.582662
v 6.436796 6.563018 1.882956
v -1.269166 -3.339403 -7.512587
v -7.259173 4.460097 1.019615
v 5.728878 4.277750 -2.774808
v -6.035838 6.984649 2.250771
v -3.857642 3.420689 2.427381
v 2.491089 -5.330082 -6.144425
v -3.374991 -6.618827 -0.314921
vn 0.8758 -0.4647 -0.1306
vn 0.8073 -0.4787 -0.3450
vn 0.9893 -0.1010 -0.1049
vn 0.8914 -0.2400 -0.3844
vn 0.8758 -0.3841 -0.2923
vn 0.8808 -0.2517 -0.4011
vn 0.6999 0.6641 0.2629
vn 0.7072 0.6599 0.2537
vn 0.7029 0.6785 0.2134
vn 0.7979 -0.5633 -0.2147
vn 0.7817 -0.5692 -0.2549
vn 0.7932 -0.5447 -0.2722
vn 0.8923 -0.1586 -0.4226
vn 0.8837 -0.1393 -0.4469
vn 0.9060 -0.1313 -0.4023
vn 0.9279 -0.2314 0.2924
vn 0.9473 -0.1323 0.2918
vn 0.9166 -0.1763 0.3590
vn 0.9875 0.1575 -0.0002
vn 0.9903 0.1388 -0.0035
vn 0.9583 0.1287 -0.2551
vn 0.9832 0.1804 0.0264
vn 0.9602 0.2792 -0.0028
vn 0.9553 0.2707 0.1188
vn 0.8363 -0.1965 0.5119
vn 0.8164 -0.2944 0.4967
vn 0.9136 -0.1253 0.3867
vn 0.2219 -0.9730 -0.0630
vn 0.1419 -0.9874 -0.0697
vn 0.1796 -0.9799 -0.0866
vn 0.9914 -0.0530 -0.1197
vn 0.9063 -0.2292 -0.3551
vn 0.9867 0.0190 -0.1614
vn 0.5603 -0.3091 -0.7685
vn 0.5782 -0.3367 -0.7432
vn 0.5585 -0.3812 -0.7367
vn 0.6151 -0.0719 -0.7852
vn 0.6852 0.0802 -0.7239
vn 0.7766 -0.0378 -0.6289
vn 0.6214 -0.2118 -0.7543
vn 0.5553 -0.0140 -0.8315
vn 0.6140 -0.0281 -0.7888
vn 0.4102 0.0732 -0.9091
vn 0.5682 -0.0573 -0.8209
vn 0.5262 -0.0858 -0.8460
vn 0.3630 -0.4349 0.8241
vn 0.3462 -0.6036 0.7182
vn 0.5115 -0.2732 0.8147
vn 0.6510 -0.7396 -0.1712
vn 0.5469 -0.7797 -0.3050
vn 0.5888 -0.7481 -0.3060
vn 0.6919 -0.6348 -0.3439
vn 0.7446 -0.5664 -0.3531
vn 0.7063 -0.6359 -0.3111
vn 0.5847 0.1584 -0.7957
vn 0.6388 0.1021 -0.7625
vn 0.5471 -0.0738 -0.8338
vn -0.4102 0.2088 -0.8877
vn -0.3559 0.1352 -0.9247
vn -0.4190 0.1424 -0.8967
vn 0.8044 0.4778 0.3530
vn 0.8497 0.3532 0.3914
vn 0.8319 0.5034 0.2335
vn 0.7627 0.3764 -0.5259
vn 0.7937 0.3753 -0.4788
vn 0.8014 0.3077 -0.5129
vn 0.7250 0.5165 -0.4557
vn 0.7122 0.5366 -0.4526
vn 0.7454 0.5916 -0.3071
vn 0.4182 0.0229 -0.9081
vn 0.4970 0.1519 -0.8544
vn 0.5020 0.1151 -0.8572
vn -0.2430 -0.2481 0.9378
vn -0.0168 -0.2639 0.9644
vn -0.1551 -0.1341 0.9788
vn -0.8985 -0.4198 -0.1284
vn -0.7610 -0.6357 -0.1295
vn -0.7618 -0.6451 -0.0596
vn 0.4454 -0.4186 -0.7915
vn 0.3620 -0.6298 -0.6873
vn 0.2747 -0.6117 -0.7419
vn 0.1028 0.8673 0.4870
vn -0.0905 0.8212 0.5634
vn 0.0793 0.5697 0.8180
vn 0.7924 -0.5246 -0.3113
vn 0.6949 -0.5685 -0.4403
vn 0.7422 -0.5203 -0.4224
vn 0.9983 -0.0584 0.0011
vn 0.9821 0.1444 -0.1211
vn 0.9885 -0.0377 0.1464
vn -0.9550 -0.2634 -0.1363
vn -0.9103 -0.0841 -0.4052
vn -0.8543 -0.3653 -0.3697
vn -0.5064 0.8610 -0.0465
vn -0.2527 0.9584 0.1327
vn -0.3132 0.9475 -0.0651
vn 0.8533 -0.4953 -0.1633
vn 0.8564 -0.3980 -0.3289
vn 0.9136 -0.3869 -0.1251
vn 0.9660 0.0108 -0.2583
vn 0.9101 0.0993 -0.4023
vn 0.9316 0.2429 -0.2704
vn -0.5737 -0.7778 0.2567
vn -0.6762 -0.7261 0.1248
vn -0.6789 -0.7332 -0.0395
vn 0.7957 0.1494 -0.5870
vn 0.7867 0.3592 -0.5020
vn 0.8650 0.2483 -0.4360
vn 0.3972 -0.9127 -0.0964
vn 0.4541 -0.8835 -0.1151
vn 0.5226 -0.8526 0.0066
vn 0.6168 -0.5762 -0.5363
vn 0.5619 -0.5595 -0.6093
vn 0.6093 -0.5329 -0.5872
vn 0.5769 -0.6053 -0.5484
vn 0.5919 -0.5284 -0.6087
vn 0.6328 -0.5523 -0.5427
vn 0.2408 -0.9052 0.3501
vn 0.2716 -0.8613 0.4294
vn 0.1105 -0.9059 0.4088
vn 0.6497 -0.7583 0.0529
vn 0.7028 -0.7110 -0.0211
vn 0.6904 -0.6808 0.2448
vn -0.1731 0.1612 -0.9716
vn -0.6022 0.1828 -0.7771
vn -0.4000 0.2846 -0.8712
vn 0.3855 -0.8680 0.3131
vn 0.4243 -0.8699 0.2516
vn 0.4317 -0.8582 0.2776
vn 0.7029 -0.6584 0.2692
vn 0.7359 -0.5862 0.3389
vn 0.6673 -0.6845 0.2935
vn 0.7766 -0.6021 -0.1853
vn 0.7808 -0.5711 -0.2535
vn 0.8864 -0.4101 -0.2148
vn 0.6619 -0.6746 -0.3268
vn 0.3899 -0.9209 -0.0035
vn 0.3623 -0.8977 -0.2508
vn 0.9664 -0.2059 0.1541
vn 0.9699 -0.1969 0.1435
vn 0.9277 -0.1903 0.3212
vn 0.9665 0.2546 0.0323
vn 0.9587 0.2831 0.0289
vn 0.9513 0.3013 0.0660
vn 0.1882 -0.4617 -0.8668
vn 0.3244 -0.3982 -0.8580
vn 0.3261 -0.4554 -0.8284
vn 0.7730 -0.6269 -0.0975
vn 0.7759 -0.6203 -0.1147
vn 0.7874 -0.6080 -0.1019
vn 0.5153 -0.8488 -0.1188
vn 0.4562 -0.8797 -0.1344
vn 0.4594 -0.8673 -0.1917
vn 0.2440 -0.3304 0.9117
vn 0.2318 -0.3127 0.9212
vn 0.2076 -0.3437 0.9158
vn 0.7604 -0.6484 -0.0372
vn 0.7457 -0.6643 -0.0517
vn 0.7589 -0.6472 -0.0716
vn 0.4053 -0.5783 -0.7080
vn 0.5408 -0.4094 -0.7348
vn 0.5676 -0.4623 -0.6812
vn -0.1993 -0.9415 0.2717
vn -0.1782 -0.9751 0.1318
vn -0.0596 -0.9850 0.1620
vn 0.1591 -0.7939 0.5869
vn 0.3025 -0.8488 0.4336
vn 0.2486 -0.7484 0.6149
vn -0.1070 -0.9889 0.1036
vn -0.0922 -0.9943 0.0543
vn 0.0351 -0.9751 0.2191
vn 0.9825 0.1495 0.1113
vn 0.9595 0.2816 -0.0071
vn 0.9568 0.2902 0.0173
vn 0.5467 -0.7800 -0.3044
vn 0.4807 -0.8000 -0.3590
vn 0.5715 -0.6934 -0.4389
vn 0.1150 -0.7156 -0.6890
vn 0.0796 -0.6568 -0.7499
vn 0.1757 -0.6864 -0.7057
vn 0.6277 -0.4698 -0.6208
vn 0.6424 -0.4170 -0.6430
vn 0.6622 -0.4584 -0.5928
vn 0.9265 -0.1459 0.3470
vn 0.9315 -0.1628 0.3252
vn 0.9424 -0.0942 0.3210
vn 0.5160 -0.3180 -0.7954
vn 0.3660 -0.2459 -0.8975
vn 0.3481 -0.1816 -0.9197
vn 0.2948 -0.2638 -0.9184
vn 0.2537 -0.2512 -0.9341
vn 0.2839 -0.2054 -0.9366
vn -0.5237 -0.7180 -0.4585
vn -0.3497 -0.6646 -0.6603
vn -0.3477 -0.6927 -0.6319
vn 0.1405 -0.1512 -0.9785
vn 0.3168 -0.0991 -0.9433
vn 0.3803 -0.2437 -0.8922
vn 0.9776 -0.1337 0.1627
vn 0.9904 -0.1072 0.0873
vn 0.9932 -0.0530 0.1034
vn 0.8938 0.4466 -0.0419
vn 0.8839 0.4595 0.0877
vn 0.8916 0.4482 0.0641
vn 0.9133 -0.3981 -0.0861
vn 0.9461 -0.2705 -0.1779
vn 0.9568 -0.2456 -0.1555
vn 0.8171 -0.5414 0.1979
vn 0.7169 -0.6772 -0.1658
vn 0.9454 -0.3235 0.0389
vn 0.8701 -0.3323 -0.3641
vn 0.7961 -0.3626 -0.4845
vn 0.9030 -0.2698 -0.3342
vn 0.8606 -0.1465 -0.4877
vn 0.8127 -0.2288 -0.5359
vn 0.8589 -0.1380 -0.4931
vn -0.0125 -0.3966 0.9179
vn 0.1331 -0.5304 0.8372
vn 0.0931 -0.1566 0.9833
vn 0.5704 0.2439 -0.7843
vn 0.5585 0.2859 -0.7787
vn 0.5755 0.2954 -0.7626
vn 0.7247 -0.5994 0.3400
vn 0.6574 -0.6496 0.3819
vn 0.7127 -0.6291 0.3103
vn 0.2313 0.0644 0.9707
vn 0.2481 0.1252 0.9606
vn 0.2119 0.1005 0.9721
vn -0.6513 -0.6555 0.3823
vn -0.6341 -0.6428 0.4299
vn -0.6516 -0.5937 0.4722
vn 0.4930 0.3941 -0.7756
vn 0.4424 0.4770 -0.7595
vn 0.4723 0.4606 -0.7515
vn 0.9293 -0.2612 -0.2610
vn 0.8702 -0.3086 -0.3841
vn 0.9276 -0.2564 -0.2717
vn -0.5468 -0.0915 -0.8323
vn -0.5706 -0.1179 -0.8127
vn -0.5551 -0.0415 -0.8308
vn 0.0814 0.8586 0.5062
vn 0.1259 0.8796 0.4588
vn 0.0492 0.8902 0.4530
vn 0.3358 0.8838 0.3258
vn 0.3251 0.9074 0.2662
vn 0.2831 0.9111 0.2996
vn 0.0056 0.7009 0.7132
vn -0.0325 0.7344 0.6779
vn -0.0184 0.6969 0.7169
vn 0.9041 -0.0002 -0.4272
vn 0.9733 0.0156 -0.2289
vn 0.9589 -0.0728 -0.2742
vn 0.5136 -0.3293 0.7923
vn 0.5366 -0.3296 0.7768
vn 0.5705 -0.2094 0.7942
vn 0.6757 -0.3336 -0.6573
vn 0.7047 -0.2813 -0.6513
vn 0.7038 -0.3215 -0.6335
vn 0.8670 -0.2268 -0.4437
vn 0.8957 -0.3008 -0.3273
vn 0.8602 -0.2466 -0.4463
vn 0.8763 -0.1684 -0.4514
vn 0.8907 -0.1797 -0.4175
vn 0.8741 -0.2288 -0.4286
vn 0.9190 -0.3885 -0.0669
vn 0.9244 -0.3807 -0.0223
vn 0.9055 -0.4198 -0.0611
vn 0.9267 0.1084 0.3597
vn 0.8983 -0.0282 0.4384
vn 0.9450 -0.1333 0.2986
vn 0.9642 -0.0457 0.2613
vn 0.9672 -0.1281 0.2192
vn 0.9841 0.0102 0.1774
vn 0.9564 0.2448 -0.1595
vn 0.9548 0.2723 -0.1194
vn 0.9594 0.2530 -0.1248
vn 0.1191 -0.3271 -0.9375
vn 0.0860 -0.3212 -0.9431
vn 0.1299 -0.3046 -0.9436
vn 0.3601 0.2155 -0.9077
vn 0.3656 0.2762 -0.8888
vn 0.4247 0.2527 -0.8693
vn 0.2464 -0.6321 -0.7346
vn 0.3102 -0.6054 -0.7330
vn 0.3030 -0.6340 -0.7115
vn 0.3364 0.3798 -0.8617
vn 0.3082 0.3984 -0.8639
vn 0.3764 0.4116 -0.8300
vn 0.2471 0.3819 -0.8905
vn 0.4385 0.4523 -0.7766
vn 0.3065 0.2392 -0.9213
vn -0.0608 -0.0589 -0.9964
vn -0.0952 -0.0505 -0.9942
vn -0.0655 -0.0092 -0.9978
vn 0.3378 0.0966 -0.9363
vn 0.3321 0.1152 -0.9362
vn 0.3488 0.1307 -0.9280
vn 0.5447 -0.6364 -0.5462
vn 0.5171 -0.6418 -0.5663
vn 0.5221 -0.6108 -0.5953
vn 0.5087 0.5122 -0.6920
vn 0.5349 0.4943 -0.6852
vn 0.5330 0.4641 -0.7075
vn 0.9987 -0.0169 -0.0481
vn 0.9871 -0.0373 -0.1559
vn 0.9913 -0.0225 -0.1295
vn 0.8290 0.5257 -0.1907
vn 0.8685 0.4568 -0.1922
vn 0.8326 0.5024 -0.2330
vn 0.6821 0.7283 0.0658
vn 0.7203 0.6767 0.1526
vn 0.7295 0.6828 -0.0410
vn 0.3195 -0.2997 -0.8990
vn 0.2784 -0.2830 -0.9178
vn 0.3280 -0.2324 -0.9156
vn 0.5649 0.4615 -0.6840
vn 0.5199 0.5028 -0.6905
vn 0.6122 0.4545 -0.6470
vn 0.3457 -0.2645 -0.9003
vn 0.4042 -0.2761 -0.8720
vn 0.3862 -0.2938 -0.8744
vn -0.2350 -0.9688 -0.0783
vn -0.1796 -0.9796 -0.0899
vn -0.1706 -0.9843 -0.0456
vn 0.6566 0.1087 -0.7463
vn 0.6592 0.1263 -0.7413
vn 0.6791 0.1060 -0.7263
vn 0.9164 -0.3197 0.2408
vn 0.9429 -0.2489 0.2212
vn 0.9109 -0.2511 0.3273
vn 0.9751 0.1172 -0.1881
vn 0.9552 0.1765 -0.2374
vn 0.9475 0.2787 -0.1570
vn 0.9890 -0.0187 -0.1465
vn 0.9534 0.1608 -0.2554
vn 0.9659 0.1384 -0.2190
vn 0.6488 -0.0672 -0.7580
vn 0.5974 0.0044 -0.8019
vn 0.6726 -0.0342 -0.7392
vn 0.6082 0.5204 -0.5995
vn 0.6183 0.5491 -0.5622
vn 0.6525 0.5376 -0.5341
vn 0.5518 0.1273 -0.8242
vn 0.4522 0.0841 -0.8879
vn 0.5526 0.1311 -0.8231
vn 0.6730 0.5364 -0.5093
vn 0.6495 0.5873 -0.4830
vn 0.6891 0.5294 -0.4949
vn 0.4808 0.8081 -0.3405
vn 0.5197 0.7760 -0.3574
vn 0.5122 0.7719 -0.3766
vn -0.1043 0.5806 -0.8075
vn -0.0987 0.6251 -0.7743
vn -0.0309 0.5711 -0.8203
vn 0.4995 0.8645 0.0566
vn 0.4514 0.8917 0.0340
vn 0.4502 0.8913 0.0533
vn 0.5918 -0.8035 -0.0646
vn 0.6718 -0.7266 -0.1436
vn 0.7267 -0.6869 -0.0110
vn 0.6547 -0.7556 -0.0220
vn 0.5772 -0.8091 -0.1110
vn 0.7269 -0.6867 -0.0085
vn 0.7634 -0.3704 0.5292
vn 0.7702 -0.5714 0.2835
vn 0.8388 -0.3142 0.4447
vn 0.6863 0.4796 -0.5468
vn 0.7073 0.4622 -0.5349
vn 0.6903 0.4411 -0.5736
vn -0.9493 -0.3142 0.0124
vn -0.9426 -0.3184 0.1005
vn -0.9645 -0.2397 0.1110
vn -0.1172 0.0113 -0.9930
vn -0.2254 0.0685 -0.9719
vn -0.1896 0.1740 -0.9663
vn -0.0434 -0.7879 -0.6143
vn 0.0462 -0.7740 -0.6315
vn 0.0043 -0.7972 -0.6037
vn -0.2201 -0.9754 -0.0094
vn -0.1276 -0.9918 0.0022
vn -0.1252 -0.9919 0.0198
vn 0.0932 -0.9166 0.3889
vn 0.1414 -0.8930 0.4273
vn 0.0154 -0.8638 0.5035
vn 0.3982 -0.2249 -0.8893
vn 0.4518 -0.2803 -0.8469
vn 0.3541 -0.3342 -0.8735
vn 0.4078 -0.4675 -0.7843
vn 0.3308 -0.4253 -0.8424
vn 0.4307 -0.4460 -0.7846
vn 0.1245 -0.1301 -0.9837
vn 0.0991 -0.1269 -0.9870
vn 0.1327 -0.0839 -0.9876
vn 0.3800 0.4070 -0.8306
vn 0.5818 0.3738 -0.7223
vn 0.5740 0.1035 -0.8123
vn 0.5482 -0.3492 -0.7599
vn 0.5314 -0.4109 -0.7408
vn 0.3548 -0.4552 -0.8166
vn 0.5821 0.2671 -0.7679
vn 0.5022 0.2115 -0.8385
vn 0.5943 0.3260 -0.7352
vn 0.0376 -0.2636 -0.9639
vn -0.0979 -0.1872 -0.9774
vn -0.1017 -0.1493 -0.9835
vn 0.5727 -0.7869 -0.2299
vn 0.5837 -0.5824 -0.5658
vn 0.7445 -0.6163 -0.2567
vn -0.0682 -0.4070 -0.9109
vn -0.1090 -0.4718 -0.8749
vn -0.1818 -0.4653 -0.8663
vn 0.0026 0.1825 -0.9832
vn 0.0247 0.1356 -0.9905
vn -0.0304 0.1199 -0.9923
vn 0.8955 -0.4449 -0.0068
vn 0.9374 -0.3394 0.0783
vn 0.8836 -0.4675 0.0245
vn 0.5999 -0.4940 -0.6293
vn 0.5066 -0.5738 -0.6435
vn 0.5634 -0.4311 -0.7048
vn 0.3947 -0.3933 -0.8304
vn -0.0420 -0.1670 -0.9851
vn 0.4135 -0.2067 -0.8867
vn 0.5313 0.1522 -0.8334
vn 0.5178 0.2412 -0.8208
vn 0.5899 0.2078 -0.7803
vn 0.2134 -0.0286 -0.9765
vn 0.1525 -0.0449 -0.9873
vn 0.1467 0.1342 -0.9800
vn -0.0773 -0.6221 -0.7791
vn -0.0953 -0.6321 -0.7690
vn -0.1322 -0.5847 -0.8004
vn -0.3100 -0.6124 -0.7273
vn -0.2899 -0.5737 -0.7660
vn -0.2191 -0.6219 -0.7518
vn 0.5729 -0.8184 -0.0448
vn 0.5944 -0.8037 -0.0288
vn 0.4522 -0.8919 -0.0025
vn 0.8497 -0.3369 -0.4055
vn 0.8502 -0.4014 -0.3405
vn 0.8212 -0.3878 -0.4187
vn 0.8568 -0.4694 -0.2133
vn 0.8600 -0.4691 -0.2007
vn 0.8545 -0.4759 -0.2082
vn 0.9397 -0.1096 -0.3240
vn 0.9806 0.0558 -0.1881
vn 0.9687 -0.2199 0.1154
vn 0.7273 -0.6749 0.1250
vn 0.4677 -0.7766 -0.4221
vn 0.7000 -0.6697 -0.2481
vn -0.1525 -0.8689 0.4708
vn 0.0784 -0.9142 0.3975
vn 0.0689 -0.7532 0.6542
vn 0.9684 -0.0472 0.2448
vn 0.9727 -0.0715 0.2206
vn 0.9715 -0.0301 0.2350
vn 0.8913 -0.4533 0.0127
vn 0.9078 -0.4190 0.0208
vn 0.8997 -0.4336 0.0497
vn 0.2644 -0.8823 -0.3893
vn 0.3130 -0.8813 -0.3542
vn 0.2352 -0.9069 -0.3497
vn 0.8597 0.0079 0.5107
vn 0.7956 -0.1337 0.5908
vn 0.8684 -0.0847 0.4885
vn 0.9704 -0.1523 -0.1874
vn 0.8983 -0.2001 -0.3912
vn 0.9392 -0.0749 -0.3350
vn 0.6309 -0.7598 -0.1569
vn 0.7458 -0.6517 0.1381
vn 0.4940 -0.8614 0.1184
vn 0.8639 -0.0253 -0.5031
vn 0.8824 -0.0396 -0.4689
vn 0.8765 -0.0546 -0.4782
vn 0.9528 0.2028 -0.2259
vn 0.9488 0.2042 -0.2408
vn 0.9401 0.2392 -0.2429
vn 0.9792 0.2001 -0.0350
vn 0.9805 0.1960 0.0141
vn 0.9821 0.1878 -0.0128
vn 0.9826 0.1795 -0.0477
vn 0.9855 0.1676 -0.0256
vn 0.9894 0.1390 -0.0415
vn 0.9913 -0.1104 -0.0719
vn 0.9938 -0.0748 -0.0818
vn 0.9946 -0.0802 -0.0665
vn 0.9876 0.1373 0.0766
vn 0.9835 0.1546 0.0944
vn 0.9849 0.1323 0.1115
vn 0.5566 -0.8281 -0.0671
vn 0.4685 -0.8651 -0.1792
vn 0.6251 -0.7678 -0.1401
vn 0.6817 -0.7313 0.0208
vn 0.6596 -0.7507 0.0386
vn 0.6636 -0.7477 0.0231
vn -0.5432 -0.5592 0.6263
vn -0.5331 -0.5197 0.6677
vn -0.5795 -0.4150 0.7014
vn -0.5717 -0.7493 0.3343
vn -0.6943 -0.6815 0.2312
vn -0.5789 -0.7729 0.2597
vn -0.1761 -0.9842 0.0195
vn -0.2636 -0.9610 0.0834
vn -0.3000 -0.9517 -0.0660
vn 0.5456 -0.8363 -0.0545
vn 0.5141 -0.8574 -0.0254
vn 0.4972 -0.8666 -0.0433
vn 0.0555 -0.4807 0.8751
vn 0.0213 -0.4644 0.8853
vn 0.0128 -0.4814 0.8764
vn -0.2292 -0.3416 0.9115
vn -0.2616 -0.3702 0.8913
vn -0.2395 -0.3897 0.8893
vn 0.4800 -0.6502 0.5890
vn 0.5106 -0.6226 0.5930
vn 0.4781 -0.6314 0.6105
vn 0.5418 -0.6642 0.5151
vn 0.5545 -0.6644 0.5011
vn 0.5685 -0.6310 0.5279
vn -0.8110 -0.4319 -0.3947
vn -0.5182 -0.0221 -0.8550
vn -0.6398 -0.4506 -0.6226
vn 0.7603 -0.0079 0.6495
vn 0.9511 -0.3030 -0.0603
vn 0.9159 0.3847 0.1145
vn -0.3514 0.8334 -0.4266
vn 0.1715 0.9613 -0.2156
vn 0.2783 0.9184 -0.2813
vn -0.5093 -0.4848 0.7110
vn 0.0184 -0.1814 0.9832
vn -0.1018 -0.0999 0.9898
vn -0.7542 -0.3404 -0.5615
vn -0.7430 -0.6167 -0.2600
vn -0.7571 -0.2604 -0.5992
vn -0.2124 0.3629 -0.9073
vn -0.3618 0.3967 -0.8437
vn -0.5492 0.6317 -0.5471
vn 0.2349 -0.8834 -0.4055
vn 0.2276 -0.7822 -0.5799
vn 0.3357 -0.6684 -0.6638
vn 0.5447 -0.5276 -0.6519
vn 0.6184 -0.4885 -0.6156
vn 0.5841 -0.6197 -0.5242
vn -0.2341 -0.3852 -0.8927
vn -0.3787 -0.4728 -0.7957
vn -0.3618 -0.2681 -0.8929
vn 0.5662 -0.7642 -0.3088
vn 0.5452 -0.8030 -0.2409
vn 0.5520 -0.7534 -0.3573
vn -0.1443 -0.8846 -0.4434
vn -0.1122 -0.9356 -0.3347
vn -0.1805 -0.9043 -0.3867
vn 0.1492 -0.9533 -0.2627
vn 0.1398 -0.9707 -0.1953
vn 0.1066 -0.9543 -0.2791
vn -0.9563 -0.2922 -0.0037
vn -0.9260 -0.3773 0.0074
vn -0.9347 -0.3483 0.0711
vn 0.4525 -0.8312 -0.3229
vn 0.4391 -0.8198 -0.3677
vn 0.4544 -0.7798 -0.4306
vn 0.5987 0.7140 -0.3630
vn 0.6336 0.7134 -0.2994
vn 0.6256 0.7090 -0.3256
vn 0.7246 0.1809 -0.6650
vn 0.7240 0.1286 -0.6777
vn 0.6822 0.1777 -0.7093
vn -0.2225 0.0776 0.9718
vn -0.1837 0.0759 0.9801
vn -0.2876 0.2093 0.9346
vn 0.7151 -0.3289 -0.6168
vn 0.7403 -0.2710 -0.6152
vn 0.7786 -0.2472 -0.5768
vn -0.4265 0.5444 -0.7223
vn -0.2568 0.5506 -0.7943
vn -0.3631 0.4281 -0.8276
vn 0.1649 0.1135 0.9798
vn 0.2300 0.1649 0.9591
vn 0.1858 0.1816 0.9657
vn 0.8813 0.3481 0.3195
vn 0.8918 0.3581 0.2764
vn 0.8325 0.4591 0.3100
vn 0.8957 0.0048 -0.4447
vn 0.8335 0.0437 -0.5508
vn 0.8521 0.0831 -0.5167
vn 0.3303 -0.9368 -0.1155
vn 0.3620 -0.9290 -0.0772
vn 0.3325 -0.9404 -0.0710
vn 0.9171 -0.2021 -0.3436
vn 0.9328 -0.1456 -0.3298
vn 0.9350 -0.1689 -0.3119
vn 0.9501 -0.3120 -0.0061
vn 0.9621 -0.2727 -0.0057
vn 0.9666 -0.2557 0.0181
vn 0.2704 -0.3117 -0.9109
vn 0.3393 -0.4309 -0.8362
vn 0.2990 -0.4603 -0.8359
vn 0.5262 -0.3904 -0.7554
vn 0.6146 -0.2467 -0.7493
vn 0.6010 -0.3395 -0.7236
vn 0.3294 0.0542 -0.9426
vn 0.1857 0.1042 -0.9771
vn 0.2558 0.1481 -0.9553
vn 0.3521 -0.4322 -0.8302
vn 0.2850 -0.4986 -0.8186
vn 0.2604 -0.4055 -0.8762
vn 0.2562 -0.3867 -0.8859
vn 0.3163 -0.3453 -0.8836
vn 0.2495 -0.4442 -0.8605
vn 0.7608 0.4963 -0.4182
vn 0.8061 0.3050 -0.5071
vn 0.7411 0.3938 -0.5438
vn 0.6058 0.2776 -0.7456
vn 0.6461 0.2485 -0.7217
vn 0.6200 0.2586 -0.7407
vn 0.4297 -0.3628 -0.8269
vn 0.4605 -0.4273 -0.7780
vn 0.3504 -0.5113 -0.7847
vn 0.7254 -0.6458 -0.2382
vn 0.7247 -0.6781 -0.1222
vn 0.5960 -0.7913 -0.1366
vn 0.4558 0.8901 -0.0001
vn 0.3724 0.9280 -0.0107
vn 0.4415 0.8882 0.1270
vn 0.9389 0.2673 -0.2166
vn 0.8371 0.2775 -0.4715
vn 0.8057 0.4427 -0.3935
vn 0.6827 -0.6970 -0.2194
vn 0.7234 -0.6798 -0.1208
vn 0.6355 -0.7465 -0.1971
vn 0.8544 -0.5045 -0.1248
vn 0.7991 -0.6005 0.0295
vn 0.7766 -0.5478 -0.3111
vn 0.4524 -0.6088 -0.6517
vn 0.5013 -0.6015 -0.6220
vn 0.4334 -0.6434 -0.6310
vn 0.2545 -0.9045 -0.3422
vn 0.1917 -0.9221 -0.3362
vn 0.2558 -0.8834 -0.3927
vn -0.8858 0.0558 0.4608
vn -0.9504 0.0351 0.3092
vn -0.9108 -0.1138 0.3969
vn 0.4066 0.5342 0.7411
vn 0.2909 0.4717 0.8324
vn 0.4044 0.2933 0.8663
vn -0.5465 -0.3277 0.7707
vn -0.3559 -0.2665 0.8957
vn -0.4402 -0.2337 0.8669
vn -0.0873 -0.8600 0.5027
vn -0.0411 -0.8953 0.4436
vn -0.0137 -0.8565 0.5159
vn 0.7967 -0.5379 0.2758
vn 0.8004 -0.5242 0.2909
vn 0.7660 -0.5522 0.3291
vn 0.2228 -0.5931 0.7737
vn 0.2539 -0.6966 0.6710
vn 0.3120 -0.6571 0.6862
vn 0.3418 -0.0362 0.9391
vn 0.2240 -0.0180 0.9744
vn 0.3120 -0.1126 0.9434
vn 0.3432 -0.0487 0.9380
vn 0.4041 0.0217 0.9144
vn 0.3080 0.1135 0.9446
vn -0.7655 -0.5418 0.3472
vn -0.7440 -0.5196 0.4201
vn -0.7469 -0.5016 0.4365
vn -0.6895 -0.0752 0.7204
vn -0.6898 -0.1363 0.7111
vn -0.6793 -0.1018 0.7267
vn 0.0056 -0.7695 0.6386
vn 0.0950 -0.7415 0.6641
vn 0.0549 -0.6918 0.7200
vn 0.9884 0.0220 -0.1505
vn 0.9898 0.1004 -0.1008
vn 0.9998 -0.0070 0.0205
vn 0.2544 -0.9283 0.2710
vn 0.1341 -0.9308 0.3401
vn 0.0978 -0.9402 0.3264
vn 0.1725 -0.9164 0.3611
vn 0.1373 -0.9455 0.2953
vn 0.2280 -0.9457 0.2317
vn 0.3173 -0.0122 0.9482
vn 0.2597 -0.0891 0.9616
vn 0.3890 0.0250 0.9209
vn 0.9818 0.1539 -0.1113
vn 0.9820 0.1887 0.0079
vn 0.9925 0.0825 -0.0900
vn 0.8336 0.2837 0.4739
vn 0.8903 0.3186 0.3255
vn 0.8095 0.4613 0.3631
vn 0.8794 0.3441 0.3290
vn 0.8772 0.4014 0.2634
vn 0.8149 0.5006 0.2920
vn -0.0984 0.5421 0.8346
vn -0.0925 0.5982 0.7960
vn -0.1672 0.5589 0.8122
vn -0.3451 -0.1170 0.9312
vn -0.2656 -0.0697 0.9616
vn -0.4197 -0.0131 0.9076
vn 0.4413 -0.8937 -0.0808
vn 0.4464 -0.8678 -0.2183
vn 0.5899 -0.7723 -0.2359
vn 0.7367 -0.5673 0.3681
vn 0.8262 -0.4620 0.3225
vn 0.7355 -0.4968 0.4607
vn 0.4624 -0.8711 0.1656
vn 0.7340 -0.6743 -0.0810
vn 0.5556 -0.8006 0.2242
vn 0.6925 -0.7135 0.1061
vn 0.6985 -0.7129 0.0622
vn 0.7364 -0.6669 0.1134
vn 0.9605 -0.1478 0.2359
vn 0.9884 -0.1015 0.1131
vn 0.9598 -0.0227 0.2797
vn 0.4687 -0.4320 0.7705
vn 0.5349 -0.4440 0.7188
vn 0.5314 -0.4205 0.7354
vn 0.2956 0.9410 -0.1647
vn 0.2585 0.9082 -0.3291
vn 0.1989 0.9397 -0.2781
vn 0.7155 0.2020 -0.6687
vn 0.8725 0.2276 -0.4324
vn 0.7906 0.1572 -0.5918
vn 0.5242 0.8376 -0.1539
vn 0.3568 0.8621 -0.3599
vn 0.3697 0.9008 -0.2277
vn 0.0285 0.7980 -0.6019
vn 0.0279 0.7030 -0.7107
vn -0.0779 0.7700 -0.6333
vn 0.7763 0.6127 -0.1482
vn 0.9240 0.2597 -0.2808
vn 0.8924 0.2289 -0.3889
vn 0.8911 0.2908 -0.3482
vn 0.8901 0.2320 -0.3923
vn 0.8748 0.3056 -0.3760
vn 0.8667 0.3925 0.3078
vn 0.8939 0.3684 0.2553
vn 0.8792 0.3998 0.2592
vn 0.5874 -0.6335 -0.5036
vn 0.5527 -0.6346 -0.5402
vn 0.5778 -0.6115 -0.5406
vn 0.2717 -0.8428 -0.4647
vn 0.3201 -0.6999 -0.6385
vn 0.3836 -0.6856 -0.6187
vn 0.7796 0.4936 0.3855
vn 0.7902 0.4798 0.3813
vn 0.8012 0.4907 0.3425
vn 0.6290 0.5735 -0.5248
vn 0.6956 0.5963 -0.4007
vn 0.6936 0.5657 -0.4460
vn 0.6450 0.7625 0.0514
vn 0.7100 0.7006 0.0713
vn 0.6800 0.7326 0.0289
vn 0.6876 0.7218 -0.0785
vn 0.5690 0.8166 -0.0976
vn 0.6708 0.7408 -0.0356
vn 0.9182 0.2193 0.3299
vn 0.9242 0.1791 0.3372
vn 0.9395 0.1670 0.2990
vn 0.7821 0.0425 0.6217
vn 0.7792 0.0848 0.6210
vn 0.7672 0.0923 0.6347
vn 0.7146 0.6668 0.2114
vn 0.6791 0.7080 0.1936
vn 0.6741 0.7030 0.2266
vn 0.2335 0.9157 -0.3271
vn 0.2708 0.8892 -0.3688
vn 0.2481 0.8990 -0.3608
vn 0.9288 -0.3423 0.1419
vn 0.9327 -0.3425 0.1132
vn 0.9515 -0.2854 0.1152
vn 0.9776 0.1786 0.1113
vn 0.9723 0.2013 0.1183
vn 0.9517 0.2527 0.1743
vn 0.3516 -0.9142 -0.2016
vn 0.4054 -0.8155 -0.4131
vn 0.5061 -0.7923 -0.3407
vn 0.7994 -0.0816 -0.5953
vn 0.8285 0.0779 -0.5546
vn 0.8568 0.0518 -0.5130
vn 0.5062 -0.3408 -0.7922
vn 0.4992 -0.3211 -0.8048
vn 0.5412 -0.3247 -0.7757
vn 0.2542 -0.7851 -0.5647
vn 0.2721 -0.7661 -0.5823
vn 0.2963 -0.7808 -0.5501
vn 0.7963 -0.1850 -0.5760
vn 0.7808 -0.1467 -0.6073
vn 0.8390 -0.0668 -0.5400
vn 0.8298 -0.0008 -0.5581
vn 0.8584 0.0364 -0.5118
vn 0.8902 -0.0270 -0.4548
vn 0.8910 -0.3290 0.3130
vn 0.9234 -0.2107 0.3210
vn 0.8805 -0.2723 0.3881
vn 0.9378 0.2546 0.2359
vn 0.9455 0.2597 0.1963
vn 0.9321 0.2668 0.2448
vn 0.7718 0.5200 -0.3660
vn 0.7475 0.5365 -0.3917
vn 0.7177 0.5772 -0.3896
vn 0.7332 0.5349 -0.4198
vn 0.7791 0.4891 -0.3921
vn 0.7226 0.5357 -0.4369
vn 0.6466 0.7625 -0.0203
vn 0.6291 0.7771 -0.0201
vn 0.6345 0.7728 -0.0164
vn 0.6203 0.7758 0.1155
vn 0.6630 0.7256 0.1844
vn 0.6591 0.7393 0.1378
vn 0.3367 0.8465 0.4124
vn 0.3064 0.8943 0.3262
vn 0.3053 0.8704 0.3863
vn 0.6401 0.7506 0.1639
vn 0.6029 0.7707 0.2063
vn 0.6220 0.7539 0.2118
vn 0.4466 0.8587 0.2513
vn 0.4950 0.8149 0.3014
vn 0.5326 0.7972 0.2842
vn 0.5298 0.8405 0.1135
vn 0.5991 0.7878 0.1428
vn 0.5644 0.8197 0.0978
vn 0.7344 0.4384 0.5182
vn 0.7754 0.4205 0.4711
vn 0.7510 0.4695 0.4642
vn 0.9699 -0.2361 0.0594
vn 0.9784 -0.2016 0.0464
vn 0.9776 -0.2036 0.0533
vn 0.6573 -0.6621 0.3599
vn 0.6421 -0.7049 0.3014
vn 0.7014 -0.6409 0.3120
vn 0.3339 -0.9023 0.2727
vn 0.3679 -0.9136 0.1733
vn 0.4187 -0.8776 0.2334
vn 0.7535 -0.3384 -0.5637
vn 0.7586 -0.2908 -0.5831
vn 0.7675 -0.3043 -0.5642
vn 0.6355 -0.4977 -0.5903
vn 0.6115 -0.4823 -0.6272
vn 0.6647 -0.4646 -0.5851
vn 0.8064 -0.4396 0.3956
vn 0.9182 -0.3267 0.2238
vn 0.9018 -0.3049 0.3064
vn 0.9249 -0.2613 -0.2763
vn 0.9148 -0.2300 -0.3319
vn 0.9373 -0.1794 -0.2987
vn -0.0003 0.9971 -0.0759
vn 0.0796 0.9960 0.0411
vn 0.0936 0.9956 -0.0106
vn 0.8000 0.0774 -0.5950
vn 0.8384 0.1118 -0.5335
vn 0.8720 0.0572 -0.4862
vn -0.0054 0.2839 0.9588
vn 0.1143 0.5000 0.8584
vn -0.0568 0.3307 0.9420
vn 0.2629 -0.7948 0.5470
vn 0.3064 -0.8515 0.4256
vn 0.4817 -0.7684 0.4213
vn 0.9405 0.1058 -0.3229
vn 0.8749 0.1563 -0.4584
vn 0.8941 0.3766 -0.2422
vn 0.6280 -0.5194 0.5795
vn 0.5056 -0.5791 0.6395
vn 0.5366 -0.6081 0.5850
vn 0.3124 0.4446 0.8395
vn 0.3660 0.4650 0.8061
vn 0.3356 0.4817 0.8095
vn 0.1630 0.3299 0.9298
vn 0.1395 0.3270 0.9347
vn 0.1893 0.2367 0.9530
vn 0.9902 -0.1348 0.0374
vn 0.9823 -0.0164 -0.1868
vn 0.9866 -0.0492 0.1554
vn 0.5833 0.7978 -0.1526
vn 0.5810 0.8061 -0.1128
vn 0.6205 0.7731 -0.1317
vn 0.8431 0.2681 -0.4662
vn 0.8569 0.2266 -0.4629
vn 0.8375 0.2537 -0.4840
vn 0.7957 0.2799 -0.5371
vn 0.7706 0.2610 -0.5815
vn 0.7640 0.3262 -0.5567
vn -0.1260 0.5430 -0.8302
vn 0.0619 0.4848 -0.8724
vn -0.1103 0.4941 -0.8624
vn 0.3096 0.7120 -0.6303
vn 0.3321 0.7909 -0.5140
vn 0.3880 0.7168 -0.5794
vn 0.6776 0.6861 0.2649
vn 0.6008 0.7217 0.3437
vn 0.7031 0.6633 0.2563
vn 0.5543 0.8317 -0.0313
vn 0.4312 0.9022 0.0026
vn 0.5910 0.8048 0.0557
vn 0.7819 -0.1104 -0.6136
vn 0.7911 -0.2952 -0.5358
vn 0.7270 -0.3867 -0.5673
vn 0.3969 -0.9171 -0.0387
vn 0.2599 -0.9656 0.0101
vn 0.3699 -0.9186 -0.1392
vn 0.4429 -0.5624 -0.6982
vn 0.6234 -0.5229 -0.5813
vn 0.5789 -0.6068 -0.5446
vn 0.2058 -0.9119 0.3551
vn 0.4000 -0.8771 0.2659
vn 0.2717 -0.8728 0.4056
vn 0.5307 -0.5931 0.6055
vn 0.5553 -0.7162 0.4227
vn 0.5778 -0.6349 0.5128
vn 0.3628 -0.9182 0.1590
vn 0.3001 -0.9392 0.1667
vn 0.3547 -0.9269 0.1225
vn 0.4499 -0.7426 0.4961
vn 0.5235 -0.7059 0.4770
vn 0.5003 -0.6635 0.5564
vn 0.8649 0.4924 0.0975
vn 0.8870 0.4551 0.0782
vn 0.8692 0.4919 0.0499
vn 0.5093 -0.6863 0.5193
vn 0.3842 -0.7354 0.5582
vn 0.5132 -0.7005 0.4959
vn 0.2966 -0.6798 0.6707
vn 0.4936 -0.7314 0.4705
vn 0.5615 -0.6761 0.4770
vn 0.9667 0.2510 -0.0501
vn 0.9789 0.1986 -0.0478
vn 0.9688 0.2220 -0.1100
vn 0.8636 -0.0558 -0.5011
vn 0.8273 -0.1040 -0.5520
vn 0.8219 -0.0535 -0.5671
vn 0.8176 0.1320 -0.5604
vn 0.8221 0.1607 -0.5462
vn 0.8803 0.0462 -0.4722
vn 0.9223 -0.3805 -0.0669
vn 0.8731 -0.4873 0.0182
vn 0.8009 -0.5666 -0.1935
vn 0.4439 -0.4346 -0.7836
vn 0.4592 -0.3903 -0.7980
vn 0.5064 -0.3789 -0.7746
vn 0.0171 0.6104 -0.7919
vn 0.1672 0.5753 -0.8007
vn 0.0593 0.5381 -0.8408
vn 0.0621 0.5142 -0.8554
vn 0.1154 0.3446 -0.9316
vn 0.0262 0.4829 -0.8753
vn 0.6704 0.6124 -0.4190
vn 0.6757 0.6674 -0.3131
vn 0.6932 0.6002 -0.3991
vn 0.6405 -0.3240 -0.6963
vn 0.5969 -0.1761 -0.7828
vn 0.6512 -0.3199 -0.6882
vn 0.9846 -0.1457 0.0964
vn 0.9818 -0.1745 0.0745
vn 0.9914 -0.1255 0.0383
vn 0.5860 -0.7180 0.3756
vn 0.8235 -0.4929 0.2809
vn 0.6866 -0.5835 0.4337
vn 0.9318 0.1425 0.3338
vn 0.9853 0.0761 0.1533
vn 0.9631 0.1977 0.1827
vn 0.4789 0.4057 0.7785
vn 0.4648 0.3767 0.8013
vn 0.5079 0.3595 0.7828
vn 0.5977 0.7596 0.2565
vn 0.5324 0.7880 0.3091
vn 0.5536 0.7496 0.3628
vn 0.5098 -0.8540 -0.1036
vn 0.5205 -0.8517 -0.0611
vn 0.4025 -0.9123 -0.0762
vn 0.2251 0.9613 -0.1587
vn 0.2581 0.9401 -0.2227
vn 0.1739 0.9599 -0.2198
vn 0.4512 0.8586 -0.2435
vn 0.4771 0.8550 -0.2032
vn 0.4476 0.8397 -0.3074
vn 0.7932 0.4886 -0.3636
vn 0.6321 0.5266 -0.5684
vn 0.5909 0.6831 -0.4291
vn 0.8524 0.3519 0.3869
vn 0.8944 0.3367 0.2945
vn 0.8601 0.4145 0.2975
vn 0.3613 0.8440 -0.3964
vn 0.4015 0.8388 -0.3677
vn 0.3755 0.8240 -0.4243
vn 0.5797 0.5000 0.6434
vn 0.6006 0.5006 0.6235
vn 0.5305 0.6243 0.5735
vn 0.8634 0.3500 0.3635
vn 0.8714 0.4333 0.2300
vn 0.8444 0.3905 0.3666
vn 0.2189 0.9456 0.2406
vn 0.2325 0.9531 0.1938
vn 0.1923 0.9528 0.2348
vn -0.1301 0.8217 0.5548
vn -0.1713 0.8321 0.5275
vn -0.1023 0.7955 0.5973
vn 0.2229 0.9683 0.1124
vn 0.2145 0.9722 0.0942
vn 0.1498 0.9853 0.0816
vn 0.3853 0.9182 -0.0924
vn 0.4043 0.9132 -0.0508
vn 0.4056 0.9099 -0.0868
vn 0.4603 0.7978 -0.3894
vn 0.4725 0.8035 -0.3621
vn 0.4953 0.7840 -0.3740
vn 0.3602 0.8573 -0.3678
vn 0.2472 0.7540 -0.6086
vn 0.2418 0.8887 -0.3896
vn 0.7529 0.3182 -0.5761
vn 0.7459 0.4171 -0.5192
vn 0.7864 0.3199 -0.5284
vn 0.3480 0.9287 -0.1282
vn 0.3970 0.9074 -0.1377
vn 0.3588 0.9220 -0.1456
vn 0.4090 0.9124 0.0139
vn 0.2880 0.9575 0.0182
vn 0.3736 0.9271 0.0292
vn 0.3148 0.9473 -0.0597
vn 0.4543 0.8899 -0.0420
vn 0.3923 0.9178 -0.0606
vn 0.3738 0.8127 -0.4470
vn 0.3876 0.7825 -0.4872
vn 0.2764 0.8312 -0.4824
vn 0.1838 -0.0155 -0.9828
vn 0.2275 -0.0094 -0.9737
vn 0.3368 -0.0922 -0.9370
vn 0.3854 0.9227 0.0103
vn 0.3317 0.9424 0.0429
vn 0.3402 0.9383 0.0626
vn 0.0731 0.9822 -0.1730
vn 0.0514 0.9842 -0.1692
vn -0.0023 0.9941 -0.1088
vn 0.1113 0.9928 -0.0438
vn 0.1372 0.9861 -0.0939
vn 0.1159 0.9896 -0.0855
vn 0.2595 0.6676 -0.6979
vn 0.1894 0.7231 -0.6643
vn 0.1950 0.7337 -0.6509
vn -0.0922 0.9750 -0.2022
vn -0.1054 0.9652 -0.2392
vn -0.1262 0.9737 -0.1899
vn 0.3495 0.7898 -0.5041
vn 0.3400 0.8000 -0.4944
vn 0.3513 0.7985 -0.4888
vn 0.0192 0.9665 -0.2561
vn 0.0422 0.9598 -0.2775
vn 0.0035 0.9576 -0.2882
vn -0.1699 0.9834 -0.0644
vn -0.1485 0.9821 -0.1160
vn -0.2087 0.9687 -0.1347
vn -0.2568 0.9183 0.3013
vn -0.2812 0.9063 0.3155
vn -0.2205 0.9157 0.3359
vn -0.1904 0.9817 -0.0052
vn -0.1824 0.9831 0.0146
vn -0.1679 0.9858 -0.0081
vn -0.2609 0.9414 0.2140
vn -0.3203 0.9264 0.1980
vn -0.3189 0.9208 0.2246
vn -0.2099 0.9735 -0.0908
vn -0.2118 0.9643 -0.1593
vn -0.2615 0.9636 -0.0566
vn -0.1168 0.9913 -0.0602
vn -0.0805 0.9967 0.0114
vn -0.0240 0.9997 -0.0076
vn -0.0153 0.9643 -0.2644
vn -0.0070 0.9533 -0.3019
vn -0.0237 0.9439 -0.3294
vn -0.0865 0.9618 -0.2598
vn 0.0862 0.9497 -0.3011
vn 0.0854 0.9363 -0.3408
vn 0.3663 0.9302 0.0241
vn 0.3971 0.9177 -0.0137
vn 0.2534 0.9595 -0.1232
vn -0.0701 0.9964 0.0473
vn -0.0763 0.9965 -0.0339
vn -0.0919 0.9956 -0.0210
vn -0.0150 0.9889 0.1476
vn -0.0179 0.9960 0.0880
vn -0.0505 0.9820 0.1817
vn 0.3553 0.9003 0.2513
vn 0.3200 0.9226 0.2155
vn 0.3341 0.8805 0.3364
vn 0.2971 0.9491 -0.1047
vn 0.2905 0.9537 -0.0782
vn 0.3445 0.9341 -0.0934
vn 0.0975 0.8552 0.5090
vn 0.1727 0.8521 0.4940
vn 0.1516 0.8896 0.4308
vn 0.2634 0.9644 0.0221
vn 0.2233 0.9723 -0.0693
vn 0.1835 0.9805 0.0705
vn 0.0439 0.9166 0.3974
vn -0.0188 0.9206 0.3900
vn -0.0163 0.9101 0.4142
vn -0.7608 0.5228 0.3845
vn -0.8200 0.4651 0.3335
vn -0.7346 0.4805 0.4790
vn 0.0069 0.9304 0.3666
vn -0.0319 0.9432 0.3307
vn -0.0317 0.9243 0.3804
vn 0.1811 0.9819 -0.0557
vn 0.2746 0.9614 0.0169
vn 0.2748 0.9615 0.0052
vn 0.3854 0.5231 0.7602
vn 0.2783 0.4360 0.8558
vn 0.4007 0.3990 0.8248
vn -0.5047 0.6480 0.5704
vn -0.4367 0.6150 0.6566
vn -0.4593 0.7226 0.5167
vn -0.6442 0.6046 0.4685
vn -0.6093 0.4836 0.6283
vn -0.5861 0.5762 0.5696
vn -0.7899 0.6132 0.0085
vn -0.8163 0.5733 0.0711
vn -0.8080 0.5818 0.0927
vn -0.0676 0.9695 0.2356
vn -0.0918 0.9838 0.1541
vn -0.0949 0.9653 0.2432
vn 0.4845 0.7714 0.4125
vn 0.5918 0.7551 0.2821
vn 0.4908 0.7797 0.3888
vn -0.3878 0.9122 0.1321
vn -0.3968 0.9135 0.0894
vn -0.4677 0.8827 0.0453
vn 0.5939 0.7761 0.2122
vn 0.5478 0.7426 0.3852
vn 0.5944 0.7215 0.3553
vn -0.0125 0.9102 0.4139
vn -0.0936 0.9525 0.2899
vn -0.1195 0.8826 0.4547
vn -0.2927 0.9503 -0.1065
vn -0.3649 0.9290 -0.0611
vn -0.3056 0.9512 -0.0424
vn -0.1738 0.9782 -0.1139
vn -0.1698 0.9751 -0.1430
vn -0.2076 0.9708 -0.1206
vn 0.1474 0.9659 -0.2131
vn 0.1593 0.9663 -0.2025
vn 0.1492 0.9628 -0.2254
vn -0.2369 0.9601 0.1489
vn -0.2186 0.9680 0.1235
vn -0.2461 0.9599 0.1341
vn 0.2051 0.9580 -0.2006
vn 0.1675 0.9605 -0.2223
vn 0.1641 0.9653 -0.2032
vn -0.8845 0.4661 0.0210
vn -0.8858 0.4296 0.1754
vn -0.8211 0.5601 0.1098
vn -0.9039 0.3719 -0.2112
vn -0.8750 0.4464 -0.1871
vn -0.8536 0.4632 -0.2382
vn -0.2753 0.8593 -0.4311
vn -0.2401 0.9145 -0.3256
vn -0.1493 0.9171 -0.3697
vn -0.9679 0.2473 -0.0448
vn -0.9628 0.2702 0.0091
vn -0.9599 0.2792 -0.0254
vn -0.6305 0.7679 0.1129
vn -0.6426 0.7414 0.1934
vn -0.5827 0.7916 0.1838
vn 0.9919 -0.1262 -0.0154
vn 0.9980 -0.0586 -0.0233
vn 0.9851 -0.1016 0.1388
vn 0.8322 0.4525 -0.3204
vn 0.7435 0.6077 -0.2790
vn 0.8462 0.4510 -0.2837
vn 0.7792 0.6075 -0.1545
vn 0.8373 0.5035 -0.2133
vn 0.7301 0.5945 -0.3370
vn 0.8545 0.1690 -0.4913
vn 0.8667 0.1574 -0.4733
vn 0.8720 0.1243 -0.4735
vn 0.4775 0.8290 0.2912
vn 0.4802 0.8030 0.3529
vn 0.5100 0.8236 0.2482
vn 0.6975 0.2062 0.6862
vn 0.7107 0.1310 0.6912
vn 0.7789 0.1944 0.5963
vn 0.5075 0.5681 0.6478
vn 0.5928 0.5516 0.5867
vn 0.5339 0.6286 0.5655
vn 0.8171 0.5626 0.1258
vn 0.8886 0.4438 0.1162
vn 0.8282 0.5604 -0.0068
vn -0.5293 0.8366 -0.1409
vn -0.5536 0.8113 -0.1877
vn -0.5711 0.8078 -0.1463
vn 0.2055 0.8726 0.4431
vn 0.1480 0.8347 0.5305
vn 0.2328 0.8345 0.4993
vn 0.4724 0.8796 -0.0568
vn 0.5205 0.8539 -0.0033
vn 0.4706 0.8724 -0.1320
vn 0.4644 0.8750 -0.1371
vn 0.5182 0.8540 -0.0471
vn 0.5033 0.8589 -0.0944
vn 0.3613 0.8049 0.4707
vn 0.3394 0.8086 0.4805
vn 0.3692 0.7955 0.4805
vn 0.9801 0.1458 -0.1345
vn 0.9212 0.2286 -0.3148
vn 0.9702 0.2286 -0.0808
vn 0.6053 0.6250 0.4929
vn 0.6204 0.5905 0.5162
vn 0.6561 0.6143 0.4383
vn 0.6618 0.0186 0.7495
vn 0.7213 -0.0022 0.6926
vn 0.6832 0.0265 0.7298
vn 0.1918 0.8305 0.5230
vn 0.2593 0.8472 0.4637
vn 0.2023 0.8637 0.4617
vn 0.1723 0.9402 0.2939
vn 0.0984 0.9820 0.1611
vn 0.0841 0.9823 0.1677
vn -0.6860 0.6651 0.2951
vn -0.7454 0.5898 0.3107
vn -0.7362 0.5841 0.3419
vn -0.1956 0.9670 -0.1632
vn -0.1577 0.9704 -0.1828
vn -0.1969 0.9650 -0.1735
vn 0.1459 0.9673 0.2077
vn 0.1832 0.9549 0.2335
vn 0.1661 0.9663 0.1966
vn 0.7409 0.6434 0.1926
vn 0.7095 0.6857 0.1628
vn 0.7370 0.6279 0.2502
vn 0.4604 0.8876 0.0119
vn 0.4373 0.8992 0.0141
vn 0.4590 0.8878 0.0327
vn 0.5160 0.8218 0.2415
vn 0.5081 0.8190 0.2665
vn 0.5659 0.7865 0.2474
vn -0.2245 0.4628 0.8576
vn -0.2921 0.5093 0.8095
vn -0.2894 0.4715 0.8330
vn 0.0826 0.5891 0.8038
vn 0.1032 0.5829 0.8059
vn 0.0996 0.6111 0.7853
vn 0.3581 0.4749 0.8039
vn 0.4044 0.4572 0.7921
vn 0.4102 0.5850 0.6996
vn 0.3820 0.8693 0.3137
vn 0.3339 0.8947 0.2966
vn 0.3830 0.8636 0.3280
vn 0.3137 0.8779 0.3617
vn 0.2895 0.8927 0.3454
vn 0.3097 0.8754 0.3713
vn 0.3801 0.7719 0.5096
vn 0.3981 0.7621 0.5105
vn 0.4229 0.7635 0.4881
vn 0.3662 0.7897 0.4921
vn 0.3773 0.7598 0.5295
vn 0.3967 0.7665 0.5051
vn 0.7397 0.5684 0.3602
vn 0.7531 0.6270 0.1996
vn 0.7206 0.6497 0.2420
vn 0.5288 0.8352 0.1511
vn 0.5179 0.8480 0.1123
vn 0.5071 0.8472 0.1583
vn 0.1746 0.4965 0.8503
vn 0.1932 0.4928 0.8484
vn 0.2455 0.5719 0.7827
vn 0.3193 0.6567 -0.6832
vn 0.2366 0.6766 -0.6973
vn 0.2863 0.7347 -0.6151
vn 0.3521 0.8202 -0.4508
vn 0.3069 0.8672 -0.3922
vn 0.4016 0.8235 -0.4007
vn -0.1933 0.7870 0.5860
vn -0.0638 0.7557 0.6518
vn -0.0463 0.7633 0.6444
vn -0.3619 0.5667 0.7402
vn -0.3314 0.5633 0.7569
vn -0.3457 0.5938 0.7265
vn 0.4221 0.9064 -0.0151
vn 0.4008 0.9156 -0.0317
vn 0.3908 0.9203 -0.0200
vn 0.4498 0.8914 -0.0552
vn 0.4867 0.8729 -0.0348
vn 0.4806 0.8754 -0.0521
vn 0.1409 0.9279 0.3452
vn 0.1563 0.9252 0.3457
vn 0.1365 0.9351 0.3270
vn -0.0473 0.8468 0.5298
vn -0.0763 0.8514 0.5189
vn -0.0634 0.8164 0.5740
vn -0.1578 0.9794 0.1264
vn -0.1592 0.9828 0.0932
vn -0.1927 0.9748 0.1127
vn 0.1529 0.9873 -0.0431
vn 0.1517 0.9848 -0.0850
vn 0.1282 0.9902 -0.0547
vn -0.0465 0.9759 -0.2133
vn -0.0873 0.9757 -0.2009
vn -0.0746 0.9809 -0.1795
vn 0.1391 0.8408 0.5232
vn 0.1878 0.7076 0.6812
vn 0.2263 0.7686 0.5984
vn 0.6377 0.7702 0.0060
vn 0.7367 0.6754 0.0346
vn 0.7230 0.6908 -0.0085
vn 0.1297 0.9896 0.0622
vn 0.1284 0.9917 -0.0022
vn 0.1073 0.9929 0.0517
vn 0.0377 0.7684 0.6389
vn -0.0434 0.7745 0.6311
vn -0.0880 0.7636 0.6396
vn 0.1130 0.7450 0.6574
vn -0.0504 0.7339 0.6774
vn 0.0476 0.7028 0.7098
vn 0.1990 0.9502 0.2398
vn 0.1821 0.9645 0.1914
vn 0.1380 0.9537 0.2673
vn -0.0822 0.9300 0.3583
vn -0.1023 0.9365 0.3354
vn -0.0966 0.9303 0.3540
vn -0.2455 0.7711 0.5875
vn -0.2908 0.8379 0.4619
vn -0.3072 0.8204 0.4822
vn 0.4367 0.7801 0.4480
vn 0.3898 0.7165 0.5785
vn 0.4289 0.6451 0.6323
vn -0.0681 0.6598 0.7484
vn -0.1707 0.5214 0.8361
vn -0.0434 0.5594 0.8278
vn -0.0647 0.4112 0.9093
vn 0.0954 0.5332 0.8406
vn -0.1187 0.5474 0.8284
vn -0.3981 0.8016 0.4461
vn -0.4040 0.8146 0.4161
vn -0.4681 0.7954 0.3850
vn -0.6814 -0.0188 0.7316
vn -0.5383 -0.0662 0.8402
vn -0.5643 0.0728 0.8224
vn 0.2536 0.3119 0.9157
vn 0.3216 0.3705 0.8714
vn 0.2469 0.3779 0.8923
vn 0.6441 0.6477 0.4069
vn 0.6828 0.5815 0.4423
vn 0.7058 0.5755 0.4131
vn 0.5025 0.7136 0.4882
vn 0.4602 0.7303 0.5048
vn 0.5030 0.6896 0.5210
vn 0.8094 0.5389 0.2336
vn 0.7391 0.5364 0.4073
vn 0.8312 0.4806 0.2796
vn 0.0994 0.0426 0.9941
vn 0.2417 -0.0704 0.9678
vn 0.1051 0.0799 0.9912
vn -0.3808 -0.2421 0.8924
vn -0.3910 -0.2333 0.8903
vn -0.3526 -0.4233 0.8346
vn -0.4769 -0.6521 0.5893
vn -0.5331 -0.6117 0.5845
vn -0.5685 -0.6334 0.5249
vn -0.3594 -0.4902 0.7941
vn -0.2321 -0.6350 0.7368
vn -0.2764 -0.3243 0.9047
vn 0.8285 -0.2303 0.5104
vn 0.8688 -0.2146 0.4462
vn 0.8733 -0.1857 0.4504
vn 0.8641 0.0544 0.5004
vn 0.9194 -0.1442 0.3660
vn 0.8996 0.0391 0.4349
vn 0.1572 0.5488 0.8210
vn 0.1341 0.6061 0.7840
vn 0.0265 0.5707 0.8208
vn 0.0952 0.6247 0.7751
vn 0.2438 0.5333 0.8100
vn 0.2511 0.6378 0.7281
vn 0.7545 0.1431 0.6405
vn 0.8030 0.2443 0.5436
vn 0.6777 0.1911 0.7100
vn 0.4265 0.5067 0.7492
vn 0.4479 0.4993 0.7417
vn 0.4405 0.5439 0.7143
vn 0.4749 0.8675 0.1481
vn 0.5394 0.8145 0.2137
vn 0.5771 0.7996 0.1662
vn 0.9937 -0.1121 0.0011
vn 0.9858 -0.0608 0.1565
vn 0.9843 -0.1279 0.1218
vn 0.5560 -0.7671 0.3201
vn 0.6523 -0.7108 0.2631
vn 0.5537 -0.7308 0.3991
vn -0.1116 -0.9884 0.1034
vn -0.0950 -0.9906 0.0985
vn -0.1417 -0.9777 0.1553
vn 0.0065 0.1102 0.9939
vn 0.0300 0.0990 0.9946
vn 0.0273 0.1209 0.9923
vn 0.2868 0.4773 0.8306
vn 0.2294 0.4960 0.8374
vn 0.2301 0.4442 0.8659
vn -0.5623 -0.2583 0.7855
vn -0.5336 -0.2716 0.8010
vn -0.5211 -0.2406 0.8189
vn -0.1506 0.4217 0.8941
vn -0.1691 0.3902 0.9051
vn -0.1259 0.3837 0.9149
vn 0.1867 -0.9814 0.0450
vn 0.2097 -0.9770 -0.0376
vn 0.2789 -0.9601 -0.0206
vn -0.2701 0.3120 0.9109
vn -0.2978 0.2411 0.9237
vn -0.2313 0.2858 0.9299
vn -0.1629 0.8804 0.4453
vn -0.1320 0.8749 0.4659
vn -0.1620 0.9070 0.3887
vn -0.0428 0.9186 0.3930
vn -0.0582 0.9180 0.3922
vn -0.0386 0.8907 0.4529
vn -0.2605 0.3239 0.9095
vn -0.2755 0.3150 0.9082
vn -0.2228 0.2951 0.9291
vn -0.0766 0.4879 0.8696
vn -0.0870 0.4812 0.8723
vn -0.0377 0.4047 0.9137
vn 0.2435 0.5200 0.8187
vn 0.1978 0.5191 0.8315
vn 0.2340 0.4875 0.8412
vn -0.2375 0.2970 0.9249
vn -0.2014 0.3348 0.9205
vn -0.2213 0.3780 0.8990
vn -0.2907 0.0946 0.9521
vn -0.3013 0.1511 0.9415
vn -0.4156 0.1656 0.8943
vn -0.0605 0.8055 0.5895
vn -0.1352 0.8018 0.5821
vn -0.1137 0.7333 0.6703
vn -0.5492 -0.2316 0.8030
vn -0.5438 -0.2649 0.7963
vn -0.5048 -0.2915 0.8125
vn -0.5078 -0.2805 0.8145
vn -0.4929 -0.2531 0.8325
vn -0.5279 -0.2236 0.8193
vn 0.6324 -0.5885 0.5038
vn 0.6842 -0.5077 0.5236
vn 0.6222 -0.4975 0.6044
vn 0.2097 -0.8999 0.3823
vn 0.2701 -0.9039 0.3317
vn 0.2731 -0.8922 0.3596
vn -0.0634 -0.9416 0.3307
vn -0.0657 -0.9641 0.2574
vn 0.0154 -0.9424 0.3342
vn -0.3435 -0.8354 -0.4290
vn -0.0776 -0.8941 -0.4410
vn -0.2222 -0.9173 -0.3304
vn -0.3633 0.2452 0.8988
vn -0.3032 0.2997 0.9046
vn -0.4145 0.3052 0.8574
vn 0.2082 -0.8394 0.5020
vn 0.1534 -0.9043 0.3984
vn 0.3061 -0.8545 0.4197
vn 0.5403 -0.4364 0.7195
vn 0.4918 -0.5112 0.7049
vn 0.5561 -0.5156 0.6518
vn -0.2759 -0.9062 0.3204
vn -0.2789 -0.8165 0.5056
vn -0.4238 -0.7592 0.4940
vn -0.1706 -0.9802 0.1008
vn -0.0301 -0.9950 0.0949
vn -0.1941 -0.9727 0.1269
vn 0.5053 -0.8174 0.2766
vn 0.3169 -0.8860 0.3385
vn 0.4299 -0.8935 0.1299
vn 0.4720 -0.8794 0.0625
vn 0.2862 -0.9510 0.1170
vn 0.2863 -0.9568 0.0514
vn 0.6963 -0.6251 0.3527
vn 0.3274 -0.8958 0.3005
vn 0.5190 -0.8504 0.0864
vn 0.5936 -0.7295 -0.3397
vn 0.5963 -0.6695 -0.4429
vn 0.6932 -0.6275 -0.3545
vn 0.9830 -0.1667 -0.0767
vn 0.9778 -0.1696 -0.1231
vn 0.9819 -0.0920 -0.1656
vn -0.3110 -0.6277 -0.7137
vn -0.2309 -0.6590 -0.7158
vn -0.2748 -0.7131 -0.6450
vn -0.2722 -0.6859 -0.6749
vn -0.3225 -0.7007 -0.6364
vn -0.3061 -0.6433 -0.7017
vn 0.9850 -0.1623 -0.0594
vn 0.9862 -0.1248 -0.1087
vn 0.9874 -0.1576 -0.0144
vn 0.9909 -0.1201 -0.0606
vn 0.9820 -0.1866 -0.0285
vn 0.9844 -0.1627 -0.0666
vn 0.2817 -0.4540 0.8453
vn 0.3783 -0.5109 0.7719
vn 0.3820 -0.4485 0.8080
vn 0.7087 0.3924 0.5863
vn 0.6723 0.3815 0.6344
vn 0.7280 0.3275 0.6023
vn 0.9990 0.0400 0.0192
vn 0.9965 0.0825 0.0158
vn 0.9977 0.0475 0.0487
vn 0.9751 0.0019 -0.2216
vn 0.9667 0.0250 -0.2547
vn 0.9756 0.0553 -0.2126
vn 0.9763 0.2116 0.0444
vn 0.9787 0.1756 -0.1062
vn 0.9604 0.2780 -0.0182
vn 0.8685 0.4957 0.0017
vn 0.8753 0.4396 0.2016
vn 0.9140 0.3982 0.0783
vn 0.4292 0.7382 0.5204
vn 0.3095 0.7527 0.5811
vn 0.3306 0.6994 0.6337
vn 0.4953 0.6482 0.5784
vn 0.5202 0.6341 0.5721
vn 0.3907 0.7982 0.4585
vn 0.6642 0.5270 -0.5301
vn 0.6894 0.6598 -0.2989
vn 0.7196 0.4925 -0.4894
vn 0.2196 -0.9396 -0.2625
vn 0.1849 -0.9359 -0.2999
vn 0.2469 -0.9073 -0.3403
vn 0.3871 -0.8312 0.3991
vn 0.4388 -0.8013 0.4066
vn 0.3136 -0.8416 0.4398
vn -0.0402 -0.4955 0.8677
vn -0.0126 -0.4622 0.8867
vn -0.0426 -0.4853 0.8733
vn -0.3144 -0.7107 -0.6294
vn -0.2724 -0.7983 -0.5371
vn -0.3314 -0.7194 -0.6104
vn 0.1321 -0.9863 -0.0985
vn 0.1673 -0.9628 -0.2122
vn 0.2216 -0.9622 -0.1586
vn 0.2846 -0.9460 -0.1551
vn 0.3615 -0.9229 -0.1326
vn 0.2153 -0.9702 -0.1113
vn 0.3942 -0.9189 0.0166
vn 0.3835 -0.9235 -0.0048
vn 0.4882 -0.8718 -0.0414
vn 0.1264 -0.7024 -0.7005
vn 0.1932 -0.7044 -0.6830
vn 0.0836 -0.7972 -0.5979
vn 0.2499 -0.9675 0.0382
vn 0.2008 -0.9793 -0.0269
vn 0.2420 -0.9696 -0.0371
vn 0.9028 0.0493 0.4271
vn 0.8890 -0.0050 0.4580
vn 0.9392 -0.1062 0.3266
vn 0.9511 -0.2145 0.2222
vn 0.9707 -0.1511 0.1868
vn 0.9533 -0.1691 0.2502
vn 0.9021 -0.3065 0.3038
vn 0.9173 -0.2840 0.2791
vn 0.8780 -0.3022 0.3713
vn 0.2247 -0.3524 0.9085
vn 0.2918 -0.4314 0.8537
vn 0.3942 -0.3580 0.8464
vn 0.1938 -0.7793 0.5960
vn 0.2711 -0.8120 0.5169
vn 0.2485 -0.7373 0.6282
vn -0.3166 -0.3700 0.8734
vn -0.5654 -0.4777 0.6723
vn -0.6030 -0.5278 0.5981
vn -0.1478 -0.7278 -0.6697
vn -0.3172 -0.7043 -0.6350
vn -0.0672 -0.6807 -0.7294
vn 0.4057 -0.4741 0.7814
vn 0.4696 -0.4710 0.7467
vn 0.4343 -0.2942 0.8514
vn 0.4300 0.2318 0.8725
vn 0.4550 0.1461 0.8784
vn 0.4807 0.1729 0.8597
vn 0.1551 -0.2229 0.9624
vn 0.1149 -0.2358 0.9650
vn 0.1218 -0.2750 0.9537
vn 0.0200 0.7373 0.6753
vn -0.0405 0.6871 0.7255
vn 0.0143 0.6850 0.7284
vn 0.4228 -0.8459 0.3250
vn 0.3293 -0.6497 0.6852
vn 0.2685 -0.6689 0.6932
vn 0.7354 -0.5902 0.3329
vn 0.7829 -0.5907 0.1953
vn 0.7959 -0.4998 0.3417
vn -0.6186 0.3701 -0.6931
vn -0.6348 0.3637 -0.6817
vn -0.7081 0.4024 -0.5802
vn -0.2487 -0.4170 0.8742
vn -0.1927 -0.4521 0.8709
vn -0.1821 -0.4078 0.8947
vn -0.6287 -0.7024 -0.3337
vn -0.6355 -0.7313 -0.2477
vn -0.6843 -0.6900 -0.2358
vn 0.0564 -0.9680 0.2447
vn 0.2190 -0.9241 0.3131
vn 0.1898 -0.9229 0.3351
vn -0.4935 -0.2554 0.8314
vn -0.5895 -0.5264 0.6127
vn -0.3073 -0.7149 0.6280
vn 0.6989 -0.0131 0.7151
vn 0.7138 -0.3923 0.5802
vn 0.7321 0.0029 0.6812
vn 0.4396 -0.8938 0.0884
vn 0.4226 -0.9057 0.0347
vn 0.5386 -0.8425 0.0125
vn -0.0976 -0.5330 0.8405
vn -0.3517 -0.4769 0.8055
vn -0.3864 -0.5736 0.7223
vn 0.5325 -0.8455 0.0402
vn 0.1591 -0.9522 -0.2607
vn 0.4651 -0.8726 -0.1493
vn -0.2261 -0.9638 0.1411
vn -0.4511 -0.7969 0.4018
vn -0.5338 -0.8040 0.2622
vn 0.8861 0.0150 0.4633
vn 0.8440 -0.0891 0.5289
vn 0.8863 -0.0404 0.4613
vn 0.9004 -0.0061 0.4351
vn 0.9067 -0.0233 0.4212
vn 0.9010 0.0113 0.4336
vn 0.9146 -0.0837 -0.3955
vn 0.9735 -0.1406 -0.1804
vn 0.8964 -0.1569 -0.4146
vn -0.2095 -0.6207 -0.7556
vn -0.1449 -0.6778 -0.7209
vn -0.2126 -0.8312 -0.5137
vn 0.5866 -0.1080 0.8027
vn 0.5839 -0.1156 0.8036
vn 0.5908 -0.1172 0.7983
vn 0.7362 -0.0221 0.6764
vn 0.7420 -0.0283 0.6698
vn 0.7476 -0.0004 0.6642
vn 0.6097 -0.0033 0.7926
vn 0.6139 -0.0322 0.7887
vn 0.6198 -0.0439 0.7835
vn 0.6288 0.2937 0.7199
vn 0.5950 0.3068 0.7429
vn 0.6366 0.2683 0.7231
vn 0.3996 -0.0760 0.9135
vn 0.4119 -0.1105 0.9045
vn 0.4370 -0.1037 0.8934
vn 0.5159 -0.3343 0.7887
vn 0.5459 -0.5296 0.6492
vn 0.5230 -0.3275 0.7869
vn 0.5010 -0.6176 -0.6063
vn 0.4757 -0.7298 -0.4910
vn 0.3919 -0.7246 -0.5669
vn 0.7164 -0.0053 -0.6976
vn 0.7100 0.0611 -0.7016
vn 0.7387 0.0961 -0.6672
vn 0.8108 -0.4821 -0.3320
vn 0.7951 -0.5943 0.1208
vn 0.7738 -0.5235 -0.3567
vn -0.5729 -0.7565 0.3154
vn -0.5969 -0.7089 0.3758
vn -0.6065 -0.7180 0.3417
vn -0.3682 -0.9089 -0.1958
vn -0.7022 -0.7102 0.0499
vn -0.6889 -0.7162 -0.1117
vn 0.3012 -0.8279 -0.4731
vn 0.1638 -0.8454 -0.5084
vn 0.3691 -0.7257 -0.5806
vn 0.1660 -0.7098 -0.6846
vn 0.2326 -0.7371 -0.6345
vn 0.2081 -0.7535 -0.6237
vn 0.1360 -0.9857 0.0993
vn -0.0038 -0.9990 0.0454
vn 0.1520 -0.9878 0.0341
vn 0.0877 -0.7819 -0.6172
vn 0.1169 -0.7472 -0.6543
vn 0.1174 -0.7835 -0.6102
vn -0.5296 -0.1984 -0.8247
vn -0.6543 -0.2076 -0.7272
vn -0.6044 -0.1908 -0.7735
vn 0.5174 -0.6499 0.5567
vn 0.4584 -0.6808 0.5713
vn 0.4944 -0.7081 0.5041
vn -0.4735 -0.0238 0.8805
vn -0.5646 0.0458 0.8241
vn -0.6306 -0.1649 0.7584
vn 0.4528 -0.8080 -0.3770
vn 0.5104 -0.7738 -0.3750
vn 0.6048 -0.7628 -0.2289
vn 0.9273 -0.3177 -0.1978
vn 0.9353 -0.1806 -0.3044
vn 0.9617 -0.1517 -0.2282
vn -0.0886 -0.9960 -0.0118
vn -0.0015 -0.9996 0.0297
vn -0.0616 -0.9966 0.0555
vn 0.5978 0.7429 0.3012
vn 0.5147 0.7756 0.3654
vn 0.6042 0.6143 0.5075
vn 0.9097 -0.4120 0.0512
vn 0.8970 -0.4392 -0.0502
vn 0.9272 -0.3734 -0.0285
vn 0.7001 0.2692 0.6614
vn 0.6582 0.2520 0.7094
vn 0.7328 0.2258 0.6419
vn 0.6224 -0.7037 0.3426
vn 0.6598 -0.6995 0.2745
vn 0.6995 -0.6570 0.2811
vn -0.8242 0.5345 0.1870
vn -0.9105 0.3668 0.1908
vn -0.8348 0.4257 0.3491
vn 0.7543 0.2765 0.5955
vn 0.6830 0.3212 0.6559
vn 0.7130 0.2006 0.6719
vn 0.2650 -0.7800 0.5670
vn 0.3315 -0.7527 0.5689
vn 0.2769 -0.7519 0.5984
vn 0.2872 -0.8365 0.4667
vn 0.3156 -0.8202 0.4772
vn 0.2796 -0.8182 0.5024
vn 0.0823 -0.7848 0.6142
vn 0.0301 -0.6716 0.7403
vn -0.0301 -0.8441 0.5354
vn 0.2203 -0.8870 0.4058
vn 0.1321 -0.8530 0.5050
vn 0.1195 -0.8568 0.5016
vn 0.3341 -0.7862 0.5198
vn 0.3262 -0.8305 0.4514
vn 0.3690 -0.8132 0.4500
vn -0.1512 -0.6932 -0.7047
vn 0.1267 -0.4914 -0.8617
vn 0.1640 -0.5719 -0.8037
vn -0.0977 -0.9939 0.0520
vn -0.2408 -0.9641 0.1120
vn -0.2046 -0.9787 0.0187
vn 0.3233 -0.6150 -0.7192
vn 0.3965 -0.5771 -0.7140
vn 0.3710 -0.6445 -0.6686
vn 0.8122 0.5485 0.1988
vn 0.8577 0.4152 0.3032
vn 0.8560 0.4479 0.2580
vn 0.9881 -0.1165 -0.1007
vn 0.9820 -0.1588 -0.1025
vn 0.9848 -0.0705 -0.1590
vn 0.8899 -0.3171 -0.3280
vn 0.8265 -0.3375 -0.4506
vn 0.8990 -0.1969 -0.3913
vn 0.0210 0.3598 -0.9328
vn 0.3005 0.4802 -0.8241
vn 0.2226 0.3221 -0.9201
vn -0.1035 -0.2498 -0.9627
vn 0.0265 -0.2976 -0.9543
vn 0.0364 -0.3417 -0.9391
vn 0.2234 -0.1768 -0.9586
vn 0.1457 -0.1550 -0.9771
vn 0.1390 -0.0726 -0.9876
vn 0.2321 0.0293 -0.9722
vn 0.1605 0.0979 -0.9822
vn 0.2815 0.0732 -0.9568
vn 0.7792 -0.3542 -0.5171
vn 0.7487 -0.4190 -0.5137
vn 0.6436 -0.4731 -0.6016
vn 0.5463 0.7114 -0.4421
vn 0.5822 0.7092 -0.3976
vn 0.5793 0.6677 -0.4675
vn 0.6886 0.2335 -0.6865
vn 0.6454 0.3051 -0.7002
vn 0.7095 0.3562 -0.6080
vn 0.5057 0.8550 0.1150
vn 0.5066 0.8571 0.0938
vn 0.4385 0.8894 0.1289
vn -0.0685 0.3291 -0.9418
vn 0.0075 0.4105 -0.9118
vn 0.0312 0.3812 -0.9240
vn -0.0599 0.3843 -0.9213
vn -0.0559 0.3473 -0.9361
vn -0.1105 0.4180 -0.9017
vn 0.5151 0.1128 -0.8497
vn 0.4987 0.1369 -0.8559
vn 0.5226 0.1151 -0.8447
vn -0.3018 -0.7218 -0.6228
vn -0.2933 -0.8552 -0.4272
vn -0.3995 -0.6890 -0.6047
vn -0.7629 -0.3845 -0.5197
vn -0.6390 -0.5105 -0.5753
vn -0.7918 -0.5607 -0.2423
vn -0.3391 0.8495 -0.4042
vn -0.5983 0.7993 -0.0564
vn -0.2802 0.9417 -0.1864
vn 0.8331 -0.2996 0.4649
vn 0.8821 -0.2637 0.3903
vn 0.8365 -0.1913 0.5135
vn -0.5978 0.7350 -0.3200
vn -0.4074 0.9056 -0.1178
vn -0.3468 0.8194 -0.4564
vn 0.0978 -0.9787 0.1807
vn -0.0008 -0.9919 0.1269
vn -0.0033 -0.9969 0.0791
vn 0.4855 -0.6948 0.5306
vn 0.5632 -0.7001 0.4389
vn 0.4904 -0.5615 0.6665
vn 0.4461 -0.8548 0.2652
vn 0.2865 -0.9064 0.3104
vn 0.4338 -0.8953 0.1015
vn 0.4909 -0.4629 0.7380
vn 0.1407 -0.8596 0.4912
vn 0.9189 -0.3945 0.0002
vn 0.5643 -0.7771 0.2788
vn 0.5423 -0.6012 0.5870
vn 0.4471 -0.8273 0.3401
vn 0.8298 -0.5565 -0.0416
vn 0.9058 -0.3816 0.1840
vn 0.8207 -0.3177 0.4749
vn 0.9867 0.0437 0.1564
vn 0.9914 0.1298 -0.0161
vn 0.9674 0.1523 0.2022
vn 0.8792 0.2710 0.3919
vn 0.9283 0.3637 0.0777
vn 0.8029 0.4926 0.3356
vn 0.9859 0.1028 -0.1320
vn 0.9051 -0.4073 -0.1221
vn 0.9354 -0.0254 -0.3526
vn 0.2676 -0.5065 -0.8197
vn 0.2333 -0.4724 -0.8500
vn 0.2974 -0.4124 -0.8611
vn -0.5699 -0.7822 -0.2518
vn -0.5315 -0.8181 -0.2196
vn -0.6811 -0.7228 -0.1168
vn -0.1796 -0.6753 0.7154
vn -0.2444 -0.4988 0.8315
vn -0.5932 -0.3198 0.7388
vn -0.3481 -0.8785 -0.3272
vn -0.3290 -0.8876 -0.3223
vn -0.3621 -0.8842 -0.2951
vn -0.6291 -0.6539 -0.4203
vn -0.6686 -0.6830 -0.2941
vn -0.6747 -0.6511 -0.3476
vn -0.4706 -0.8237 -0.3164
vn -0.4619 -0.8512 -0.2491
vn -0.5310 -0.8095 -0.2505
vn -0.1282 -0.9889 0.0753
vn -0.1022 -0.9937 0.0458
vn -0.1036 -0.9911 0.0834
vn -0.1933 -0.9800 0.0484
vn -0.2257 -0.9703 0.0875
vn -0.2173 -0.9753 0.0385
vn 0.3372 0.2631 0.9039
vn 0.2952 0.1072 0.9494
vn 0.5134 0.1216 0.8495
vn 0.0649 -0.5182 -0.8528
vn 0.0549 -0.4798 -0.8757
vn 0.0836 -0.4799 -0.8733
vn -0.1910 -0.3551 -0.9151
vn -0.0251 -0.3895 -0.9207
vn -0.1848 -0.3711 -0.9100
vn 0.4317 -0.8966 -0.0989
vn 0.3809 -0.9246 -0.0092
vn 0.1953 -0.9806 0.0180
vn -0.3385 -0.8280 -0.4470
vn -0.4364 -0.7456 -0.5036
vn -0.3631 -0.7516 -0.5506
vn -0.0369 -0.0681 -0.9970
vn 0.3119 -0.1195 -0.9426
vn -0.2740 -0.3466 -0.8971
vn 0.4821 -0.6843 0.5471
vn 0.5078 -0.6519 0.5632
vn 0.4615 -0.6749 0.5758
vn 0.4180 -0.8848 -0.2057
vn 0.4046 -0.8900 -0.2103
vn 0.4200 -0.8805 -0.2197
vn 0.5475 -0.5941 -0.5893
vn 0.3765 -0.6140 -0.6937
vn 0.5198 -0.5683 -0.6379
vn 0.7212 -0.5891 -0.3645
vn 0.6738 -0.6287 -0.3882
vn 0.7368 -0.5602 -0.3785
vn 0.7002 -0.4085 -0.5856
vn 0.6902 -0.3552 -0.6304
vn 0.7453 -0.3472 -0.5692
vn 0.1043 -0.9617 -0.2534
vn 0.1187 -0.9482 -0.2948
vn 0.1689 -0.9564 -0.2383
vn 0.6821 -0.5977 -0.4212
vn 0.6575 -0.6474 -0.3855
vn 0.6127 -0.6282 -0.4796
vn 0.5376 0.2219 -0.8135
vn 0.5047 0.2897 -0.8133
vn 0.7344 0.2278 -0.6394
vn 0.3404 0.7488 -0.5687
vn 0.2816 0.7742 -0.5668
vn 0.3703 0.7953 -0.4800
vn 0.9311 0.3535 -0.0898
vn 0.9019 0.3895 -0.1867
vn 0.9021 0.4263 -0.0671
vn 0.1294 -0.9561 0.2629
vn 0.1147 -0.9886 0.0971
vn 0.3215 -0.9465 0.0276
vn 0.0863 -0.5671 -0.8191
vn -0.1346 -0.2839 -0.9493
vn 0.2210 -0.5038 -0.8351
vn 0.8264 -0.2074 -0.5235
vn 0.8294 -0.1964 -0.5230
vn 0.8462 -0.2378 -0.4769
vn -0.5215 -0.7255 -0.4491
vn -0.5361 -0.7837 -0.3138
vn -0.5724 -0.6948 -0.4355
vn 0.2205 -0.9604 0.1702
vn 0.3116 -0.9498 0.0270
vn 0.4072 -0.9110 0.0658
vn -0.2436 0.0655 -0.9676
vn -0.0703 0.1960 -0.9781
vn -0.2662 -0.1194 -0.9565
vn 0.2765 -0.9410 -0.1950
vn 0.4321 -0.8255 -0.3630
vn 0.5934 -0.7886 -0.1613
vn 0.7303 -0.6802 -0.0635
vn 0.6524 -0.7578 0.0103
vn 0.5328 -0.8448 -0.0489
vn 0.5432 -0.2071 0.8137
vn 0.3838 -0.2545 0.8877
vn 0.3182 -0.4094 0.8551
vn -0.7562 -0.0820 0.6492
vn -0.6087 -0.0969 0.7875
vn -0.6599 -0.0267 0.7509
vn -0.6931 -0.7105 0.1218
vn -0.5251 -0.8430 0.1166
vn -0.5884 -0.7900 0.1723
vn -0.3461 -0.6603 0.6664
vn -0.3237 -0.6497 0.6878
vn -0.3573 -0.6394 0.6808
vn -0.2818 0.0205 0.9593
vn -0.2126 0.0088 0.9771
vn -0.2439 0.0509 0.9685
vn 0.4231 0.0638 0.9038
vn 0.5795 0.0495 0.8135
vn 0.3958 0.2212 0.8913
vn 0.3455 -0.0107 0.9383
vn 0.3766 0.0559 0.9247
vn 0.2354 0.0503 0.9706
vn 0.0378 -0.8653 -0.4999
vn 0.0821 -0.8585 -0.5062
vn 0.0642 -0.8778 -0.4748
vn -0.4759 -0.7188 -0.5068
vn -0.5514 -0.7374 -0.3901
vn -0.5390 -0.6505 -0.5351
vn -0.1960 -0.9796 0.0435
vn -0.2633 -0.9627 0.0626
vn -0.1319 -0.9900 -0.0496
vn -0.1246 -0.4418 0.8884
vn -0.1130 -0.4880 0.8655
vn -0.0724 -0.4719 0.8787
vn 0.5698 -0.6511 -0.5013
vn 0.5218 -0.6244 -0.5812
vn 0.6430 -0.5149 -0.5670
vn 0.1951 -0.8970 -0.3966
vn 0.1410 -0.9119 -0.3855
vn 0.1735 -0.8912 -0.4191
vn -0.3258 -0.3352 0.8840
vn -0.3875 -0.3002 0.8716
vn -0.3789 -0.3429 0.8596
vn 0.6590 -0.0813 0.7477
vn 0.7149 -0.1105 0.6904
vn 0.6810 -0.0105 0.7322
vn 0.8167 -0.1026 0.5679
vn 0.8193 -0.1999 0.5374
vn 0.8417 -0.1423 0.5208
vn 0.9347 0.3439 -0.0898
vn 0.9334 0.2713 -0.2349
vn 0.8985 0.4303 -0.0865
vn 0.4639 0.8668 -0.1828
vn 0.4309 0.8808 -0.1961
vn 0.4453 0.8777 -0.1769
vn 0.8561 0.3538 0.3768
vn 0.8570 0.3470 0.3809
vn 0.8798 0.3184 0.3530
vn 0.6218 -0.6601 0.4213
vn 0.6708 -0.6487 0.3594
vn 0.6691 -0.6359 0.3846
vn 0.6764 -0.7363 0.0212
vn 0.6653 -0.7465 -0.0073
vn 0.6950 -0.7190 0.0046
vn 0.9883 -0.0153 -0.1519
vn 0.9959 0.0139 -0.0889
vn 0.9826 -0.1456 -0.1155
vn 0.3016 -0.3106 0.9014
vn 0.0294 -0.3284 0.9441
vn 0.0489 -0.4247 0.9040
vn 0.6082 0.6853 0.4006
vn 0.7092 0.6141 0.3464
vn 0.6705 0.6754 0.3070
vn -0.6120 -0.5552 0.5632
vn -0.6280 -0.5627 0.5376
vn -0.6060 -0.5798 0.5446
vn 0.8171 -0.3934 0.4215
vn 0.9000 -0.2941 0.3217
vn 0.8963 -0.2631 0.3571
vn -0.2028 -0.9742 0.0991
vn -0.0869 -0.9931 0.0790
vn -0.2035 -0.9674 0.1506
vn 0.4360 -0.7482 0.5001
vn 0.4365 -0.6161 0.6557
vn 0.2964 -0.6464 0.7031
vn 0.0725 -0.0431 0.9964
vn 0.0867 -0.0687 0.9939
vn 0.1698 -0.0510 0.9842
vn 0.2410 -0.1179 0.9633
vn 0.2255 -0.1056 0.9685
vn 0.2266 -0.1242 0.9660
vn 0.8630 -0.3173 0.3931
vn 0.8438 -0.3108 0.4374
vn 0.7486 -0.4168 0.5156
vn 0.5274 -0.6275 0.5728
vn 0.5408 -0.7046 0.4595
vn 0.5598 -0.6316 0.5363
vn 0.5448 -0.3321 0.7700
vn 0.4911 -0.3241 0.8086
vn 0.5332 -0.3895 0.7510
vn 0.7366 -0.1375 0.6622
vn 0.7285 -0.1814 0.6606
vn 0.7405 -0.1688 0.6505
vn 0.0901 -0.9549 0.2829
vn 0.0150 -0.9960 0.0878
vn 0.1834 -0.9708 0.1545
vn 0.1271 -0.2114 0.9691
vn 0.2402 -0.2615 0.9348
vn 0.2031 -0.2004 0.9584
vn 0.2608 -0.4901 0.8317
vn 0.2674 -0.4651 0.8439
vn 0.2359 -0.4908 0.8387
vn 0.2898 0.4409 0.8495
vn 0.3818 0.4020 0.8323
vn 0.4473 0.4526 0.7714
vn 0.0293 -0.7114 0.7022
vn 0.1322 -0.7912 0.5971
vn 0.0609 -0.7208 0.6905
vn -0.9634 -0.1241 0.2376
vn -0.9560 -0.1572 0.2477
vn -0.9580 -0.1398 0.2503
vn -0.8373 -0.3123 0.4487
vn -0.8303 -0.3049 0.4665
vn -0.8354 -0.2915 0.4661
vn -0.8303 -0.3185 0.4573
vn -0.9376 -0.2063 0.2799
vn -0.8290 -0.3324 0.4497
vn -0.9171 -0.2970 0.2658
vn -0.9149 -0.2861 0.2847
vn -0.9197 -0.2832 0.2718
vn -0.8613 -0.5032 0.0712
vn -0.8394 -0.5332 0.1051
vn -0.8570 -0.5055 0.1004
vn -0.6946 -0.2278 0.6824
vn -0.6906 -0.2347 0.6841
vn -0.6697 -0.2247 0.7078
vn -0.7020 -0.0489 0.7105
vn -0.6922 -0.0655 0.7188
vn -0.6874 -0.0613 0.7237
vn -0.5779 -0.4980 0.6466
vn -0.5815 -0.4988 0.6427
vn -0.5768 -0.5041 0.6428
vn -0.5498 -0.6691 0.5001
vn -0.5504 -0.6641 0.5060
vn -0.5542 -0.6691 0.4952
vn -0.0011 -0.2047 0.9788
vn 0.0008 -0.1756 0.9845
vn -0.0160 -0.1965 0.9804
vn -0.5537 -0.1662 0.8159
vn -0.5404 -0.1872 0.8203
vn -0.5545 -0.1495 0.8187
vn -0.6738 -0.7202 0.1649
vn -0.6795 -0.7120 0.1770
vn -0.6881 -0.7052 0.1708
vn 0.6322 -0.0250 0.7744
vn 0.8341 -0.0398 0.5501
vn 0.6549 0.0977 0.7494
vn 0.7913 -0.3051 0.5299
vn 0.8067 -0.2220 0.5476
vn 0.7137 -0.2749 0.6443
vn 0.8955 -0.0386 0.4433
vn 0.9521 -0.0140 0.3053
vn 0.9380 0.0544 0.3423
vn 0.6433 0.0619 -0.7632
vn 0.6028 0.0879 -0.7930
vn 0.6050 0.0935 -0.7907
vn 0.9339 -0.2318 -0.2722
vn 0.9287 -0.2468 -0.2767
vn 0.9252 -0.2516 -0.2842
vn 0.7985 -0.6015 0.0236
vn 0.8407 -0.5399 -0.0428
vn 0.8511 -0.5244 -0.0255
vn 0.4378 -0.8349 -0.3335
vn 0.7421 -0.4174 -0.5244
vn 0.4323 -0.8808 -0.1931
vn -0.2196 -0.7649 0.6056
vn -0.1917 -0.7635 0.6167
vn -0.2153 -0.7563 0.6178
vn -0.4017 -0.8662 0.2974
vn -0.3692 -0.8837 0.2878
vn -0.3578 -0.8719 0.3343
vn 0.6521 0.4925 0.5763
vn 0.6268 0.2787 0.7276
vn 0.8069 0.3726 0.4584
vn 0.3281 0.1573 0.9315
vn 0.1579 0.1599 0.9744
vn 0.2951 0.1300 0.9466
vn -0.1432 0.0727 0.9870
vn -0.1320 0.0152 0.9911
vn -0.1236 0.0396 0.9915
vn 0.1687 -0.8712 0.4610
vn 0.3108 -0.8415 0.4418
vn 0.2781 -0.7840 0.5550
vn -0.2992 -0.9044 0.3041
vn -0.4024 -0.8836 0.2395
vn -0.3858 -0.9010 0.1983
vn -0.6718 -0.3707 0.6413
vn -0.6011 -0.4398 0.6673
vn -0.5532 -0.4468 0.7031
vn -0.6562 -0.5478 0.5190
vn -0.5589 -0.6125 0.5590
vn -0.6120 -0.5577 0.5607
vn -0.9891 -0.0172 -0.1463
vn -0.9750 -0.2108 -0.0699
vn -0.9897 0.0082 0.1427
vn -0.7127 -0.6856 -0.1482
vn -0.7863 -0.6124 -0.0811
vn -0.7953 -0.5964 -0.1089
vn -0.7932 -0.6050 -0.0687
vn -0.7418 -0.6623 -0.1050
vn -0.7167 -0.6879 0.1147
vn -0.9464 0.0006 0.3230
vn -0.9453 0.0023 0.3262
vn -0.9466 0.0052 0.3224
vn -0.2694 -0.0128 0.9629
vn -0.2319 -0.0726 0.9700
vn -0.2240 -0.0403 0.9738
vn -0.3371 -0.2098 0.9178
vn -0.3344 -0.1973 0.9215
vn -0.3418 -0.2030 0.9176
vn -0.3390 -0.7485 0.5699
vn -0.3311 -0.7506 0.5718
vn -0.3315 -0.7490 0.5737
vn -0.4536 -0.7319 0.5085
vn -0.4390 -0.7353 0.5164
vn -0.4548 -0.7285 0.5123
vn -0.4417 -0.4608 0.7698
vn -0.4376 -0.4550 0.7755
vn -0.4431 -0.4617 0.7684
vn -0.5114 -0.3928 0.7643
vn -0.5083 -0.3875 0.7690
vn -0.5099 -0.3810 0.7713
vn -0.2918 -0.4420 0.8482
vn -0.2913 -0.4374 0.8508
vn -0.2962 -0.4386 0.8485
vn -0.5728 -0.1945 0.7963
vn -0.5975 -0.2274 0.7690
vn -0.5425 -0.2830 0.7910
vn -0.5538 -0.3605 0.7506
vn -0.5622 -0.3622 0.7435
vn -0.5525 -0.3658 0.7490
vn -0.0370 -0.0854 0.9957
vn -0.0038 -0.0771 0.9970
vn -0.0491 -0.0653 0.9967
vn 0.1827 -0.1867 0.9653
vn 0.0760 -0.2379 0.9683
vn 0.1959 -0.2228 0.9550
vn 0.5024 0.8645 -0.0138
vn 0.5923 0.8019 0.0790
vn 0.5800 0.8146 -0.0091
vn 0.0894 -0.0379 0.9953
vn 0.0838 -0.0559 0.9949
vn 0.0969 -0.0653 0.9931
vn 0.4112 -0.5227 0.7468
vn 0.4593 -0.5036 0.7318
vn 0.4077 -0.4693 0.7833
vn 0.7059 -0.5472 0.4497
vn 0.7410 -0.5376 0.4023
vn 0.7700 -0.4677 0.4339
vn -0.1013 -0.0058 0.9948
vn 0.2520 -0.0061 0.9677
vn -0.0883 0.0278 0.9957
vn 0.4611 -0.3775 0.8031
vn 0.4044 -0.3922 0.8262
vn 0.4015 -0.4579 0.7932
vn -0.1859 -0.1334 0.9735
vn -0.0743 -0.0973 0.9925
vn -0.0974 -0.0355 0.9946
vn 0.3134 0.0236 0.9493
vn 0.3248 -0.0045 0.9458
vn 0.3513 -0.0343 0.9356
vn 0.2072 0.0351 0.9777
vn 0.3180 -0.2514 0.9142
vn 0.4594 0.0448 0.8871
vn 0.2276 -0.8262 0.5153
vn 0.0034 -0.9965 0.0839
vn 0.2505 -0.9345 -0.2528
vn 1.0000 0.0038 -0.0058
vn 0.9873 -0.0732 0.1407
vn 0.9928 -0.0771 0.0920
vn 0.9794 -0.1516 0.1337
vn 0.9924 -0.1226 0.0039
vn 0.9830 -0.0678 0.1703
vn 0.5481 -0.7701 0.3265
vn 0.5952 -0.6860 0.4185
vn 0.4333 -0.6447 0.6298
vn -0.6680 -0.4320 -0.6059
vn -0.7960 -0.5894 -0.1378
vn -0.9173 -0.3537 -0.1828
vn 0.5924 -0.4621 0.6600
vn 0.3312 -0.4723 0.8168
vn 0.6585 -0.5941 0.4620
vn 0.8014 -0.4341 0.4114
vn 0.8752 -0.4476 0.1836
vn 0.8914 -0.4042 0.2049
vn 0.3213 0.8294 0.4570
vn 0.1623 0.7629 0.6258
vn 0.3953 0.7348 0.5513
vn 0.9063 -0.3840 0.1763
vn 0.8930 -0.4403 0.0932
vn 0.9737 -0.2129 0.0806
vn 0.9695 -0.0764 0.2328
vn 0.8330 0.2952 0.4680
vn 0.9452 -0.0810 0.3162
vn 0.4512 -0.1692 0.8762
vn 0.5018 -0.2272 0.8346
vn 0.5036 -0.0233 0.8636
vn 0.5577 -0.8024 -0.2122
vn 0.1107 -0.9521 -0.2851
vn 0.1177 -0.9286 -0.3520
vn -0.0087 -0.2783 0.9604
vn -0.2120 -0.0632 0.9752
vn -0.4087 -0.1787 0.8950
vn -0.1302 0.8062 0.5771
vn -0.1816 0.7590 0.6252
vn 0.1111 0.7839 0.6109
vn 0.1333 -0.9896 0.0532
vn 0.5795 -0.7690 0.2700
vn -0.1070 -0.9731 0.2042
vn -0.3172 -0.6124 0.7242
vn -0.2962 -0.5698 0.7666
vn -0.3409 -0.5935 0.7290
vn -0.0081 -0.7392 0.6734
vn 0.0129 -0.7282 0.6852
vn -0.0116 -0.7259 0.6877
vn 0.2011 -0.9747 0.0974
vn 0.1922 -0.9731 0.1269
vn 0.0805 -0.9924 0.0929
vn -0.1825 0.0672 0.9809
vn -0.1382 0.0495 0.9892
vn -0.1554 0.0710 0.9853
vn -0.1044 0.4526 0.8856
vn -0.0594 0.4728 0.8792
vn -0.0718 0.4915 0.8679
vn 0.0703 -0.1396 0.9877
vn 0.3151 -0.3136 0.8957
vn 0.1447 -0.1215 0.9820
vn 0.0608 -0.2754 0.9594
vn 0.0746 -0.2196 0.9727
vn 0.0548 -0.2137 0.9754
vn 0.6195 -0.5294 0.5796
vn 0.5852 -0.5885 0.5578
vn 0.6308 -0.6204 0.4660
vn -0.1785 0.7927 0.5829
vn -0.3146 0.6949 0.6466
vn -0.1632 0.6969 0.6983
vn 0.7611 0.6108 0.2185
vn 0.7987 0.6015 0.0135
vn 0.7554 0.6531 0.0538
vn 0.3891 -0.0576 0.9194
vn 0.5094 -0.2541 0.8222
vn 0.4330 0.0432 0.9004
vn 0.4086 -0.6267 -0.6635
vn 0.4293 -0.6287 -0.6484
vn 0.4002 -0.6508 -0.6452
vn 0.3807 -0.6187 -0.6872
vn 0.3975 -0.6076 -0.6876
vn 0.4225 -0.6291 -0.6524
vn -0.4341 -0.8101 0.3942
vn -0.2578 -0.7556 0.6021
vn -0.3694 -0.6853 0.6276
vn -0.3078 -0.9320 -0.1915
vn -0.2837 -0.9430 -0.1739
vn -0.3230 -0.9382 -0.1241
vn 0.4174 -0.3480 0.8394
vn 0.4451 -0.2989 0.8441
vn 0.1395 -0.5590 0.8173
vn 0.5742 -0.6258 -0.5279
vn 0.6138 -0.5487 -0.5676
vn 0.5952 -0.6244 -0.5058
vn 0.0901 -0.6597 0.7461
vn -0.0912 -0.8861 0.4544
vn 0.1231 -0.7390 0.6624
vn 0.9260 0.3483 0.1457
vn 0.8975 0.3310 0.2915
vn 0.9315 0.1813 0.3154
vn 0.1290 -0.6382 0.7590
vn 0.2048 -0.5978 0.7751
vn 0.1052 -0.6293 0.7700
vn 0.4405 -0.0180 0.8976
vn 0.3545 0.0110 0.9350
vn 0.3700 -0.0135 0.9289
vn 0.1159 -0.4394 0.8908
vn 0.1910 -0.4348 0.8801
vn 0.1874 -0.3706 0.9097
vn -0.1633 -0.9250 -0.3432
vn -0.1195 -0.9480 -0.2949
vn -0.1520 -0.9489 -0.2767
vn -0.4532 -0.7228 0.5217
vn -0.5191 -0.6536 0.5507
vn -0.5657 -0.6556 0.5002
vn -0.3345 -0.4478 0.8292
vn -0.0914 -0.5164 0.8514
vn -0.1666 -0.3845 0.9080
vn 0.1617 0.0688 0.9844
vn 0.1335 -0.0412 0.9902
vn 0.2583 -0.0302 0.9656
vn -0.3809 -0.2603 0.8872
vn -0.4708 -0.2420 0.8484
vn -0.5514 -0.2814 0.7854
vn -0.3772 0.6251 0.6833
vn -0.2604 0.6849 0.6805
vn -0.3803 0.6928 0.6127
vn -0.3255 0.9453 -0.0223
vn -0.2350 0.9665 -0.1033
vn -0.3879 0.9159 -0.1033
vn -0.7919 -0.5921 -0.1495
vn -0.7684 -0.6194 -0.1610
vn -0.7690 -0.6375 -0.0472
vn -0.4803 -0.6330 0.6071
vn -0.4259 -0.6641 0.6145
vn -0.4757 -0.6202 0.6238
vn -0.8327 -0.0666 -0.5496
vn -0.9134 -0.2629 -0.3107
vn -0.8972 0.0528 -0.4384
vn -0.6455 0.7631 0.0308
vn -0.6196 0.7849 0.0032
vn -0.6979 0.7104 -0.0910
vn -0.4337 0.9005 -0.0330
vn -0.5358 0.8395 -0.0902
vn -0.5559 0.8307 -0.0310
vn -0.7518 0.5706 0.3305
vn -0.7315 0.4269 0.5317
vn -0.6919 0.5996 0.4022
vn -0.8258 0.2650 0.4978
vn -0.7604 0.2840 0.5841
vn -0.8733 0.2903 0.3912
vn -0.9057 0.3818 -0.1841
vn -0.9249 0.3447 -0.1603
vn -0.9118 0.3897 -0.1296
vn -0.6205 0.7192 0.3127
vn -0.6594 0.6964 0.2832
vn -0.6420 0.6883 0.3377
vn -0.6669 0.6518 0.3610
vn -0.6300 0.6744 0.3851
vn -0.6278 0.7150 0.3075
vn -0.2717 0.8531 -0.4453
vn -0.2038 0.7383 -0.6429
vn -0.2906 0.7919 -0.5371
vn -0.6915 -0.7212 0.0428
vn -0.7579 -0.6411 0.1205
vn -0.7614 -0.6430 0.0829
vn -0.3565 -0.8793 -0.3159
vn -0.3130 -0.8681 -0.3854
vn -0.3179 -0.8954 -0.3118
vn -0.1983 -0.9736 0.1133
vn -0.2059 -0.9711 0.1210
vn -0.2144 -0.9707 0.1085
vn -0.5287 0.8182 -0.2257
vn -0.5705 0.8016 -0.1785
vn -0.5176 0.8418 -0.1534
vn 0.1258 0.1930 0.9731
vn 0.2322 0.0920 0.9683
vn 0.2594 0.2433 0.9346
vn -0.2274 -0.2624 0.9378
vn -0.1518 -0.2397 0.9589
vn -0.2017 -0.2118 0.9563
vn -0.1541 0.2399 0.9585
vn -0.0997 0.2402 0.9656
vn -0.1467 0.3120 0.9387
vn -0.5366 0.1982 0.8202
vn -0.4823 0.2165 0.8488
vn -0.4781 0.2792 0.8328
vn -0.5881 0.6830 0.4332
vn -0.5320 0.6778 0.5074
vn -0.4105 0.7676 0.4921
vn -0.5678 0.2678 0.7783
vn -0.4263 0.1849 0.8854
vn -0.4916 0.2893 0.8214
vn 0.3380 -0.4719 0.8143
vn 0.3404 -0.4780 0.8097
vn 0.4072 -0.3860 0.8277
vn 0.4635 0.0084 0.8861
vn 0.4569 -0.0179 0.8893
vn 0.5027 0.0051 0.8645
vn -0.7935 0.5375 0.2854
vn -0.8121 0.5430 0.2136
vn -0.8241 0.4839 0.2945
vn 0.2966 -0.5223 0.7995
vn 0.2523 -0.4643 0.8490
vn 0.1173 -0.5558 0.8230
vn -0.2901 -0.7243 0.6255
vn -0.2387 -0.7530 0.6132
vn -0.2207 -0.7344 0.6418
vn -0.9569 -0.1257 0.2617
vn -0.9253 -0.2524 0.2831
vn -0.8664 -0.0854 0.4919
vn -0.6808 -0.4917 0.5430
vn -0.5951 -0.5362 0.5986
vn -0.6850 -0.4792 0.5488
vn -0.9001 0.3573 0.2492
vn -0.8883 0.4171 0.1924
vn -0.9109 0.3443 0.2275
vn -0.7213 0.2572 0.6432
vn -0.6971 0.2156 0.6838
vn -0.6426 0.3773 0.6669
vn -0.8096 -0.0793 0.5816
vn -0.7910 -0.1673 0.5885
vn -0.7748 -0.0838 0.6266
vn -0.3834 -0.8903 -0.2457
vn -0.3446 -0.9092 -0.2337
vn -0.4009 -0.8945 -0.1977
vn -0.5866 0.1701 0.7919
vn -0.4606 0.0565 0.8858
vn -0.4666 0.2905 0.8354
vn 0.2938 0.4703 -0.8321
vn 0.3130 0.5108 -0.8007
vn 0.3406 0.4666 -0.8163
vn 0.3252 0.6591 -0.6781
vn 0.5807 0.5866 -0.5646
vn 0.2454 0.5560 -0.7941
vn -0.1461 0.5400 -0.8289
vn -0.1132 0.5347 -0.8374
vn -0.1285 0.5042 -0.8540
vn -0.6156 0.1139 -0.7798
vn -0.6197 0.0452 -0.7835
vn -0.6492 0.1854 -0.7377
vn -0.0156 0.3032 -0.9528
vn 0.0049 0.3569 -0.9341
vn 0.0076 0.3246 -0.9458
vn 0.1871 0.3084 -0.9327
vn 0.1828 0.2768 -0.9434
vn 0.1837 0.3083 -0.9334
vn -0.0858 0.1401 -0.9864
vn -0.0612 0.1199 -0.9909
vn -0.0762 0.0542 -0.9956
vn 0.1513 0.1596 -0.9755
vn 0.2038 0.1904 -0.9603
vn 0.2155 0.1492 -0.9650
vn 0.0061 0.1960 -0.9806
vn -0.0389 0.2492 -0.9677
vn -0.0054 0.2378 -0.9713
vn 0.0611 0.1747 -0.9827
vn 0.0577 0.2541 -0.9654
vn 0.0908 0.2251 -0.9701
vn 0.4038 0.2883 -0.8683
vn 0.3843 0.3140 -0.8682
vn 0.3997 0.3348 -0.8533
vn -0.1244 -0.0182 -0.9921
vn -0.2280 0.0168 -0.9735
vn -0.1621 0.0409 -0.9859
vn 0.2286 0.4086 -0.8836
vn 0.2549 0.4151 -0.8733
vn 0.2641 0.3977 -0.8787
vn -0.5614 -0.6987 -0.4434
vn -0.4707 -0.7371 -0.4848
vn -0.5627 -0.7187 -0.4085
vn 0.0359 0.2631 -0.9641
vn -0.0215 0.2916 -0.9563
vn 0.0846 0.3494 -0.9332
vn -0.1540 0.7520 -0.6409
vn -0.1116 0.8225 -0.5577
vn -0.0818 0.8059 -0.5863
vn 0.4415 -0.0214 -0.8970
vn 0.4672 0.0258 -0.8838
vn 0.4828 -0.0312 -0.8752
vn 0.4446 -0.1928 -0.8747
vn 0.3792 -0.1471 -0.9135
vn 0.5116 -0.1493 -0.8462
vn 0.0744 0.1486 -0.9861
vn 0.0878 0.1705 -0.9814
vn 0.0941 0.1637 -0.9820
vn 0.0808 0.4577 -0.8854
vn 0.0665 0.4723 -0.8789
vn 0.0987 0.4653 -0.8796
vn 0.8502 0.4565 0.2621
vn 0.8841 0.4016 0.2389
vn 0.9054 0.3958 0.1533
vn 0.3190 0.7524 -0.5763
vn 0.3515 0.7056 -0.6153
vn 0.2853 0.7430 -0.6054
vn 0.5716 0.7728 -0.2758
vn 0.5538 0.7593 -0.3417
vn 0.4988 0.8101 -0.3083
vn 0.2998 0.7672 -0.5671
vn 0.3038 0.7773 -0.5510
vn 0.3218 0.7729 -0.5468
vn 0.2441 0.8046 -0.5413
vn 0.2778 0.8225 -0.4963
vn 0.2899 0.7933 -0.5354
vn 0.6763 0.2446 -0.6948
vn 0.6437 0.3154 -0.6973
vn 0.7067 0.2710 -0.6536
vn 0.1842 0.7796 -0.5986
vn 0.1956 0.7380 -0.6458
vn 0.1680 0.7354 -0.6565
vn 0.1397 0.2198 -0.9655
vn 0.1805 0.2431 -0.9531
vn 0.1853 0.1988 -0.9624
vn 0.5140 0.7620 -0.3939
vn 0.5875 0.7230 -0.3635
vn 0.5216 0.7270 -0.4467
vn 0.1600 0.9199 -0.3582
vn 0.1803 0.9158 -0.3589
vn 0.0321 0.9080 -0.4176
vn 0.2658 0.7855 -0.5589
vn 0.2600 0.7695 -0.5833
vn 0.1724 0.7824 -0.5984
vn 0.9735 0.1558 -0.1672
vn 0.9540 0.0362 -0.2975
vn 0.9398 0.2954 -0.1720
vn 0.6471 0.4333 -0.6273
vn 0.6495 0.4082 -0.6415
vn 0.6336 0.4316 -0.6421
vn -0.0087 0.5658 -0.8245
vn 0.0373 0.4811 -0.8759
vn -0.0281 0.5592 -0.8286
vn -0.9281 0.3696 -0.0447
vn -0.9693 0.2412 0.0479
vn -0.9446 0.3120 0.1018
vn -0.3108 0.4389 -0.8431
vn -0.2616 0.4096 -0.8739
vn -0.3153 0.3845 -0.8676
vn 0.1687 0.5012 -0.8487
vn 0.1571 0.5483 -0.8214
vn 0.2001 0.5611 -0.8032
vn 0.2967 0.7116 -0.6368
vn 0.2335 0.7914 -0.5650
vn 0.3025 0.7430 -0.5970
vn 0.0749 0.7782 -0.6235
vn 0.0812 0.7979 -0.5973
vn 0.1024 0.7710 -0.6286
vn -0.0184 0.7125 -0.7014
vn -0.0550 0.5314 -0.8453
vn -0.1486 0.5638 -0.8124
vn -0.1704 0.6876 -0.7059
vn -0.2262 0.6456 -0.7294
vn -0.2930 0.6928 -0.6589
vn -0.2821 0.5358 -0.7959
vn -0.2314 0.5029 -0.8328
vn -0.2639 0.5088 -0.8194
vn -0.0652 0.6400 -0.7656
vn -0.0857 0.6759 -0.7320
vn -0.0393 0.6814 -0.7308
vn -0.1354 0.2565 -0.9570
vn -0.2293 0.2582 -0.9385
vn -0.1122 0.3418 -0.9331
vn 0.1408 0.0236 -0.9898
vn 0.0620 0.0817 -0.9947
vn 0.2152 0.1004 -0.9714
vn -0.4110 0.6952 -0.5897
vn -0.3771 0.7599 -0.5294
vn -0.3675 0.7127 -0.5976
vn -0.6534 0.2947 -0.6973
vn -0.6223 0.2314 -0.7478
vn -0.6952 0.2530 -0.6728
vn -0.0851 0.3881 -0.9177
vn -0.1837 0.3649 -0.9128
vn -0.2515 0.4496 -0.8571
vn -0.2145 0.4300 -0.8769
vn -0.2563 0.4485 -0.8562
vn -0.2326 0.4717 -0.8505
vn -0.5079 0.4582 -0.7295
vn -0.5188 0.4468 -0.7289
vn -0.5363 0.4643 -0.7049
vn -0.6013 0.0487 -0.7975
vn -0.5359 0.0060 -0.8443
vn -0.6250 0.0069 -0.7806
vn -0.0481 0.0838 -0.9953
vn -0.1514 0.1091 -0.9824
vn -0.0672 0.1772 -0.9819
vn 0.0643 0.6718 -0.7379
vn 0.1085 0.6184 -0.7783
vn 0.0354 0.5804 -0.8135
vn -0.0447 0.8554 -0.5160
vn -0.0848 0.7941 -0.6019
vn -0.1196 0.7956 -0.5940
vn -0.4410 0.6905 -0.5734
vn -0.3955 0.6863 -0.6103
vn -0.4405 0.6346 -0.6350
vn -0.5080 0.6460 -0.5698
vn -0.4819 0.6781 -0.5549
vn -0.4964 0.6482 -0.5774
vn -0.4821 0.7000 -0.5269
vn -0.4435 0.6940 -0.5671
vn -0.4816 0.6806 -0.5521
vn -0.4223 0.1772 -0.8889
vn -0.4422 0.2489 -0.8617
vn -0.3821 0.2107 -0.8998
vn -0.3838 0.2659 -0.8843
vn -0.3841 0.2242 -0.8957
vn -0.4080 0.2446 -0.8796
vn -0.5149 0.2503 -0.8199
vn -0.4979 0.2227 -0.8381
vn -0.5208 0.2291 -0.8224
vn -0.4669 0.1697 -0.8679
vn -0.5391 0.0883 -0.8376
vn -0.5117 0.1613 -0.8439
vn -0.5388 0.2011 -0.8181
vn -0.5464 0.2210 -0.8079
vn -0.5380 0.2196 -0.8139
vn -0.7218 0.2464 -0.6468
vn -0.7203 0.2223 -0.6571
vn -0.7293 0.2132 -0.6501
vn -0.7375 0.2013 -0.6446
vn -0.6952 0.2146 -0.6861
vn -0.7351 0.1802 -0.6535
vn -0.7020 0.6672 -0.2489
vn -0.7796 0.4991 -0.3783
vn -0.8417 0.5394 -0.0250
vn -0.9189 -0.1776 -0.3521
vn -0.9638 -0.1177 -0.2391
vn -0.9306 -0.1039 -0.3510
vn -0.3803 0.3830 -0.8418
vn -0.3666 0.3610 -0.8575
vn -0.4087 0.3528 -0.8417
vn -0.7042 0.4816 -0.5217
vn -0.6806 0.4925 -0.5424
vn -0.7290 0.4652 -0.5021
vn -0.6578 0.4172 -0.6271
vn -0.6800 0.3900 -0.6209
vn -0.6494 0.4715 -0.5966
vn -0.9923 -0.0619 -0.1076
vn -0.9999 -0.0055 -0.0114
vn -0.9944 -0.0128 -0.1051
vn -0.8637 0.2069 -0.4597
vn -0.8715 0.1710 -0.4595
vn -0.8819 0.2079 -0.4231
vn -0.7029 0.5286 -0.4759
vn -0.6886 0.5167 -0.5088
vn -0.7354 0.4817 -0.4765
vn -0.7131 0.5772 -0.3979
vn -0.7269 0.5474 -0.4148
vn -0.7828 0.5052 -0.3633
vn -0.8729 0.3729 -0.3146
vn -0.8251 0.4387 -0.3560
vn -0.7865 0.3963 -0.4736
vn -0.7658 0.5076 -0.3947
vn -0.7500 0.5525 -0.3636
vn -0.7260 0.5517 -0.4105
vn -0.7853 0.5642 -0.2549
vn -0.8558 0.4786 -0.1964
vn -0.7762 0.5856 -0.2336
vn -0.8256 0.3117 -0.4704
vn -0.7875 0.3510 -0.5065
vn -0.8137 0.2800 -0.5094
vn -0.9517 0.0677 -0.2995
vn -0.9680 0.1416 -0.2069
vn -0.9575 0.1355 -0.2545
vn -0.7452 0.5456 -0.3834
vn -0.7448 0.5273 -0.4089
vn -0.7589 0.5207 -0.3912
vn -0.7298 0.5069 -0.4588
vn -0.7796 0.4548 -0.4306
vn -0.7462 0.5090 -0.4290
vn -0.1918 0.9535 -0.2324
vn -0.2413 0.9402 -0.2406
vn -0.2384 0.9548 -0.1775
vn -0.4409 0.8556 -0.2712
vn -0.3787 0.8949 -0.2359
vn -0.3629 0.8929 -0.2667
vn -0.4943 0.7705 -0.4024
vn -0.4218 0.7835 -0.4563
vn -0.4840 0.7605 -0.4328
vn -0.7913 0.4870 -0.3698
vn -0.7363 0.5190 -0.4342
vn -0.7413 0.4882 -0.4606
vn 0.8215 0.0843 -0.5640
vn 0.6954 0.0573 -0.7163
vn 0.8091 0.2290 -0.5413
vn 0.0271 0.7467 -0.6646
vn 0.0099 0.6891 -0.7246
vn -0.0731 0.7130 -0.6974
vn 0.3614 0.9015 -0.2380
vn 0.2959 0.8826 -0.3655
vn 0.2377 0.9117 -0.3352
vn 0.5181 0.5106 -0.6862
vn 0.6049 0.6082 -0.5140
vn 0.5821 0.5367 -0.6108
vn 0.1171 0.7798 -0.6150
vn 0.2159 0.8062 -0.5508
vn 0.2107 0.7876 -0.5791
vn 0.8605 0.3428 -0.3770
vn 0.8659 0.3121 -0.3910
vn 0.8376 0.3442 -0.4241
vn 0.1087 0.8606 -0.4976
vn 0.0284 0.8478 -0.5296
vn 0.0153 0.8583 -0.5130
vn -0.0484 0.6188 -0.7840
vn 0.0775 0.6457 -0.7597
vn 0.1059 0.6133 -0.7827
vn 0.1154 0.8287 -0.5477
vn 0.3357 0.7540 -0.5645
vn 0.0887 0.8128 -0.5757
vn 0.2355 0.1567 -0.9592
vn 0.6290 0.1799 -0.7563
vn 0.3682 0.0394 -0.9289
vn -0.3509 0.8045 -0.4792
vn -0.3338 0.8196 -0.4656
vn -0.3380 0.8014 -0.4935
vn -0.0809 0.7979 -0.5974
vn -0.0850 0.8158 -0.5721
vn -0.0574 0.8118 -0.5810
vn -0.4739 0.8397 -0.2653
vn -0.4266 0.8572 -0.2885
vn -0.4388 0.8462 -0.3024
vn -0.3068 0.8509 -0.4264
vn -0.2843 0.8389 -0.4642
vn -0.4753 0.7527 -0.4556
vn -0.5842 0.7454 -0.3210
vn -0.5335 0.7659 -0.3588
vn -0.5844 0.7122 -0.3889
vn -0.1640 0.7284 -0.6652
vn -0.0132 0.8426 -0.5383
vn -0.0481 0.7839 -0.6190
vn -0.2447 0.8303 -0.5007
vn -0.2607 0.8177 -0.5132
vn -0.3119 0.8513 -0.4219
vn -0.1747 0.9335 -0.3132
vn -0.1419 0.9226 -0.3588
vn -0.2155 0.8350 -0.5063
vn -0.1692 0.9794 -0.1102
vn -0.1900 0.9719 -0.1387
vn -0.2077 0.9698 -0.1282
vn 0.0878 0.9730 -0.2135
vn 0.0679 0.9642 -0.2563
vn 0.0621 0.9631 -0.2620
vn -0.0971 0.9544 -0.2824
vn -0.1106 0.9600 -0.2574
vn -0.0544 0.9617 -0.2687
vn -0.1060 0.5315 -0.8404
vn -0.0840 0.5229 -0.8483
vn -0.2317 0.4266 -0.8743
vn -0.4847 0.5612 -0.6710
vn -0.5154 0.5496 -0.6575
vn -0.5266 0.6159 -0.5860
vn -0.2638 0.7120 -0.6508
vn -0.3444 0.6474 -0.6799
vn -0.4347 0.6816 -0.5886
vn -0.4838 0.8501 -0.2078
vn -0.4906 0.8384 -0.2375
vn -0.6006 0.7911 -0.1160
vn -0.6194 0.5813 -0.5277
vn -0.6296 0.5476 -0.5511
vn -0.6604 0.5534 -0.5076
vn -0.7363 0.5177 -0.4357
vn -0.7092 0.5319 -0.4628
vn -0.7189 0.5149 -0.4669
vn -0.7241 0.4975 -0.4776
vn -0.7125 0.4817 -0.5102
vn -0.7319 0.4707 -0.4927
vn -0.6714 0.6097 -0.4213
vn -0.6971 0.5831 -0.4173
vn -0.6852 0.6122 -0.3946
vn 0.2067 0.4193 -0.8840
vn 0.2469 0.5440 -0.8020
vn 0.2847 0.5047 -0.8150
vn -0.3252 0.3798 -0.8660
vn -0.2937 0.3736 -0.8799
vn -0.3005 0.3580 -0.8840
vn 0.1704 0.7154 -0.6776
vn 0.2068 0.7417 -0.6381
vn 0.2166 0.7078 -0.6724
vn 0.1883 0.7313 -0.6556
vn 0.2204 0.7145 -0.6640
vn 0.1916 0.7031 -0.6848
vn 0.2607 0.8999 -0.3496
vn 0.3592 0.8334 -0.4201
vn 0.2526 0.9002 -0.3547
vn 0.0308 0.6484 -0.7606
vn 0.1705 0.6273 -0.7599
vn 0.0297 0.6087 -0.7928
vn 0.2283 0.7810 -0.5813
vn 0.2615 0.8157 -0.5159
vn 0.3433 0.7614 -0.5499
vn 0.5583 0.6867 -0.4655
vn 0.5640 0.6745 -0.4763
vn 0.5434 0.6849 -0.4854
vn -0.1720 0.5742 -0.8004
vn -0.1134 0.4743 -0.8730
vn -0.1969 0.5314 -0.8239
vn -0.4593 0.4689 -0.7545
vn -0.3857 0.4372 -0.8125
vn -0.3835 0.4157 -0.8247
vn -0.0812 0.2988 -0.9509
vn -0.1930 0.3401 -0.9204
vn -0.1745 0.3754 -0.9103
vn -0.1407 0.1838 -0.9729
vn -0.3391 0.2875 -0.8957
vn -0.1704 0.2965 -0.9397
vn -0.8793 -0.1867 -0.4382
vn -0.7264 -0.4459 -0.5230
vn -0.8345 -0.3006 -0.4618
vn -0.3722 0.0369 -0.9274
vn -0.4429 0.0500 -0.8952
vn -0.4164 0.1216 -0.9010
vn -0.5329 -0.1570 -0.8315
vn -0.5515 -0.1285 -0.8242
vn -0.5243 -0.1229 -0.8426
vn -0.1649 -0.0029 -0.9863
vn -0.2288 0.0054 -0.9735
vn -0.1779 0.0180 -0.9839
vn -0.1813 -0.6224 -0.7614
vn -0.1883 -0.6370 -0.7475
vn -0.2200 -0.6332 -0.7420
vn -0.4940 -0.3850 -0.7796
vn -0.5723 -0.3798 -0.7268
vn -0.4793 -0.3408 -0.8088
vn 0.1373 -0.3167 -0.9386
vn 0.1149 -0.2414 -0.9636
vn 0.1514 -0.3221 -0.9345
vn -0.6152 0.0952 -0.7826
vn -0.6647 -0.0966 -0.7408
vn -0.7429 -0.0126 -0.6692
vn -0.4643 -0.1156 -0.8781
vn -0.4994 -0.1599 -0.8515
vn -0.4730 -0.1021 -0.8751
vn -0.4485 -0.1500 -0.8811
vn -0.4566 -0.1421 -0.8783
vn -0.4396 -0.1184 -0.8903
vn -0.8567 -0.2295 -0.4620
vn -0.9225 -0.1850 -0.3389
vn -0.8667 -0.1604 -0.4723
vn -0.9078 0.2459 -0.3398
vn -0.8856 0.3088 -0.3468
vn -0.8538 0.3135 -0.4157
vn -0.8775 0.4260 -0.2204
vn -0.8498 0.4542 -0.2676
vn -0.8865 0.3805 -0.2633
vn -0.9435 -0.1941 -0.2687
vn -0.9544 -0.1496 -0.2582
vn -0.9499 -0.1163 -0.2902
vn -0.5454 -0.0212 -0.8379
vn -0.4725 -0.1843 -0.8618
vn -0.5527 -0.1650 -0.8169
vn -0.5276 -0.2737 -0.8042
vn -0.4333 -0.3329 -0.8375
vn -0.4782 -0.3538 -0.8038
vn -0.7483 0.1916 -0.6350
vn -0.7493 0.1863 -0.6355
vn -0.7538 0.1953 -0.6275
vn -0.8935 0.4404 -0.0884
vn -0.9102 0.4142 0.0033
vn -0.8751 0.4769 -0.0825
vn -0.9456 -0.1064 -0.3073
vn -0.9694 -0.1094 -0.2198
vn -0.9491 -0.0506 -0.3109
vn -0.9573 0.1529 -0.2455
vn -0.9366 0.0434 -0.3477
vn -0.9508 0.0310 -0.3084
vn -0.9539 0.2966 -0.0458
vn -0.9222 0.3865 0.0137
vn -0.8953 0.4450 -0.0212
vn -0.8689 0.2618 -0.4201
vn -0.8678 0.2229 -0.4440
vn -0.8963 0.1973 -0.3971
vn -0.8263 -0.5264 0.2002
vn -0.8347 -0.4452 0.3242
vn -0.8527 -0.4126 0.3204
vn -0.6545 -0.1713 -0.7364
vn -0.5900 -0.1570 -0.7920
vn -0.6486 -0.3079 -0.6961
vn -0.9810 -0.1243 -0.1489
vn -0.9966 -0.0498 -0.0662
vn -0.9936 -0.0429 -0.1042
vn -0.8826 -0.1648 -0.4403
vn -0.8717 -0.0882 -0.4820
vn -0.8341 -0.0838 -0.5452
vn -0.9787 0.1212 0.1660
vn -0.9409 -0.0452 0.3356
vn -0.9588 0.0777 0.2733
vn -0.9521 -0.2721 -0.1395
vn -0.9415 -0.3328 -0.0536
vn -0.9751 -0.1295 -0.1798
vn -0.9083 -0.2914 -0.3000
vn -0.9400 -0.2257 -0.2559
vn -0.9101 -0.2745 -0.3105
vn -0.5703 -0.4687 -0.6746
vn -0.5178 -0.4888 -0.7021
vn -0.5332 -0.5831 -0.6129
vn -0.8593 -0.1776 -0.4797
vn -0.8412 -0.2067 -0.4997
vn -0.8593 -0.2084 -0.4672
vn -0.5413 -0.7624 -0.3547
vn -0.5910 -0.7240 -0.3558
vn -0.5546 -0.6829 -0.4755
vn -0.6830 0.1886 -0.7056
vn -0.7985 0.0692 -0.5980
vn -0.7444 0.1866 -0.6411
vn -0.5592 0.5745 -0.5978
vn -0.5797 0.5410 -0.6094
vn -0.6131 0.5166 -0.5977
vn -0.4625 -0.3740 -0.8039
vn -0.4728 -0.4319 -0.7680
vn -0.4996 -0.3820 -0.7775
vn -0.6051 -0.6871 -0.4022
vn -0.6366 -0.7435 -0.2049
vn -0.6608 -0.6535 -0.3692
vn -0.8608 -0.1887 -0.4728
vn -0.8723 -0.2409 -0.4255
vn -0.8791 -0.2188 -0.4235
vn -0.6271 -0.4209 -0.6554
vn -0.6944 -0.3846 -0.6082
vn -0.6182 -0.3121 -0.7214
vn -0.9064 0.1636 -0.3894
vn -0.9055 0.2016 -0.3733
vn -0.8826 0.2461 -0.4006
vn -0.9512 -0.0112 -0.3082
vn -0.9617 0.1639 -0.2197
vn -0.9520 0.0913 -0.2923
vn -0.9513 0.1103 -0.2877
vn -0.9412 0.0786 -0.3287
vn -0.9594 0.0662 -0.2740
vn -0.9593 -0.0363 -0.2801
vn -0.9318 -0.1330 -0.3378
vn -0.9644 -0.1123 -0.2394
vn -0.9431 -0.1803 -0.2794
vn -0.9771 -0.1106 -0.1816
vn -0.9823 -0.0531 -0.1795
vn -0.2654 0.5010 -0.8238
vn -0.2229 0.4157 -0.8818
vn -0.2371 0.3265 -0.9150
vn -0.4467 -0.4727 -0.7596
vn -0.4062 -0.5150 -0.7548
vn -0.4921 -0.5583 -0.6680
vn -0.7586 -0.5560 -0.3397
vn -0.7472 -0.5842 -0.3168
vn -0.7659 -0.5523 -0.3292
vn -0.7723 -0.6345 0.0315
vn -0.7698 -0.6380 0.0187
vn -0.7622 -0.6462 0.0377
vn -0.9291 0.3681 0.0365
vn -0.9304 0.3605 0.0665
vn -0.8916 0.4378 0.1159
vn -0.9124 0.4072 -0.0411
vn -0.9102 0.4142 -0.0053
vn -0.8845 0.4659 -0.0231
vn -0.9565 -0.2701 0.1101
vn -0.9521 -0.2608 0.1594
vn -0.9628 -0.2379 0.1282
vn -0.9471 0.3108 0.0801
vn -0.9208 0.3743 0.1092
vn -0.8993 0.4366 0.0249
vn -0.7407 -0.6473 0.1796
vn -0.5807 -0.7251 0.3702
vn -0.6289 -0.6499 0.4266
vn -0.7842 0.6129 0.0972
vn -0.8056 0.5887 0.0666
vn -0.7577 0.6169 0.2129
vn -0.8223 0.5666 0.0531
vn -0.8384 0.5442 0.0300
vn -0.8731 0.4656 0.1444
vn -0.9306 0.2636 0.2538
vn -0.9107 0.2690 0.3134
vn -0.9109 0.3215 0.2585
vn -0.0360 -0.1632 0.9859
vn -0.2110 -0.0152 0.9774
vn -0.0691 -0.2672 0.9612
vn -0.9580 -0.2866 0.0084
vn -0.9886 -0.1092 0.1034
vn -0.9972 -0.0747 0.0054
vn 0.0071 -0.9674 -0.2530
vn -0.1420 -0.9014 -0.4091
vn -0.1082 -0.8895 -0.4440
vn -0.1697 -0.9499 -0.2623
vn -0.2183 -0.9433 -0.2502
vn -0.2389 -0.9267 -0.2901
vn -0.9305 0.0644 0.3606
vn -0.9217 0.0217 0.3872
vn -0.9271 0.0607 0.3699
vn -0.9775 -0.1018 0.1849
vn -0.9831 -0.0633 0.1720
vn -0.9852 -0.0750 0.1539
vn -0.8596 -0.3234 0.3956
vn -0.8636 -0.3087 0.3987
vn -0.9187 -0.2395 0.3139
vn -0.8423 0.2633 0.4704
vn -0.8284 0.2696 0.4910
vn -0.8252 0.2793 0.4910
vn -0.9675 0.2525 0.0122
vn -0.9726 0.2322 0.0135
vn -0.9694 0.2435 0.0308
vn -0.3329 0.6062 0.7222
vn -0.3424 0.6436 0.6844
vn -0.5268 0.6103 0.5916
vn -0.3170 0.6290 0.7098
vn -0.3768 0.5779 0.7239
vn -0.3091 0.5774 0.7557
vn -0.5975 0.7524 -0.2773
vn -0.6896 0.5801 -0.4335
vn -0.7302 0.6231 -0.2802
vn -0.7482 -0.0487 0.6617
vn -0.7473 -0.0905 0.6583
vn -0.7335 -0.0787 0.6751
vn -0.7912 -0.3010 0.5323
vn -0.7875 -0.3034 0.5364
vn -0.7623 -0.2803 0.5834
vn -0.8976 0.0048 0.4407
vn -0.7897 0.0372 0.6124
vn -0.8011 0.0816 0.5929
vn -0.5573 -0.6086 0.5648
vn -0.5437 -0.6911 0.4762
vn -0.4468 -0.6682 0.5949
vn -0.4433 0.0469 0.8951
vn -0.3516 0.0748 0.9332
vn -0.3691 0.1591 0.9157
vn 0.1675 0.0050 0.9859
vn 0.0867 0.0294 0.9958
vn 0.1448 -0.0769 0.9865
vn 0.7000 -0.5753 0.4231
vn 0.7514 -0.5253 0.3994
vn 0.7082 -0.4461 0.5472
vn -0.2223 -0.9518 0.2114
vn -0.1712 -0.9785 0.1151
vn 0.0017 -0.9837 0.1801
vn -0.8801 0.2094 0.4261
vn -0.8551 0.1661 0.4911
vn -0.8866 0.3337 0.3202
vn 0.0283 -0.3906 0.9201
vn 0.0754 -0.3317 0.9404
vn 0.0414 -0.3431 0.9384
vn 0.4431 -0.0581 0.8946
vn 0.3832 0.0349 0.9230
vn 0.3695 -0.0203 0.9290
vn -0.8566 -0.4531 0.2469
vn -0.8160 -0.3508 0.4595
vn -0.8964 -0.3702 0.2439
vn 0.9620 -0.2341 0.1406
vn 0.9601 -0.1146 0.2550
vn 0.8866 -0.3491 0.3033
vn 0.2534 -0.9090 -0.3310
vn 0.3026 -0.8670 -0.3958
vn 0.3163 -0.9186 -0.2370
vn -0.3120 -0.0769 0.9470
vn -0.2859 0.0398 0.9574
vn -0.3416 -0.0284 0.9394
vn -0.2999 0.0764 0.9509
vn -0.2892 0.0826 0.9537
vn -0.3148 0.0888 0.9450
vn 0.1737 -0.8898 -0.4220
vn 0.2755 -0.8803 -0.3863
vn 0.1573 -0.9560 -0.2475
vn -0.1704 -0.9718 -0.1632
vn 0.0298 -0.9986 0.0448
vn -0.3405 -0.9330 0.1165
vn -0.5566 -0.0071 0.8307
vn -0.4734 -0.0493 0.8795
vn -0.5328 0.0679 0.8435
vn -0.9339 -0.2906 -0.2084
vn -0.9567 -0.1664 -0.2388
vn -0.9262 -0.2846 -0.2475
vn -0.6513 0.0436 0.7576
vn -0.6450 0.0141 0.7640
vn -0.6002 0.0676 0.7970
vn -0.1371 -0.5971 0.7904
vn -0.1226 -0.5896 0.7983
vn -0.0954 -0.5354 0.8392
vn 0.4930 -0.1317 0.8600
vn 0.7247 -0.1796 0.6653
vn 0.7435 -0.1419 0.6536
vn -0.1520 -0.9400 0.3055
vn -0.0807 -0.9535 0.2903
vn -0.2375 -0.8561 0.4590
vn 0.2594 -0.2682 0.9278
vn 0.2323 -0.2677 0.9351
vn 0.2218 -0.2808 0.9338
vn 0.8991 -0.3698 0.2344
vn 0.8966 -0.3882 0.2131
vn 0.9476 -0.2681 0.1739
vn 0.4468 -0.6631 0.6006
vn 0.5910 -0.6357 0.4965
vn 0.5775 -0.6310 0.5180
vn 0.0610 -0.9927 0.1039
vn 0.0301 -0.9994 -0.0154
vn 0.0997 -0.9948 0.0189
vn -0.2439 -0.6598 0.7108
vn -0.3784 -0.6476 0.6614
vn -0.2811 -0.7014 0.6549
vn -0.9939 0.0628 0.0903
vn -0.9749 0.0226 0.2217
vn -0.9811 0.1034 0.1637
vn 0.1638 -0.2633 0.9507
vn 0.2607 -0.3257 0.9088
vn 0.2622 -0.2894 0.9206
vn 0.5406 -0.7651 0.3499
vn 0.5799 -0.7580 0.2986
vn 0.6118 -0.7274 0.3107
vn 0.1804 -0.9827 0.0424
vn 0.4460 -0.8950 0.0039
vn 0.4457 -0.8945 0.0339
vn -0.3375 -0.8487 -0.4073
vn -0.2293 -0.9210 -0.3149
vn -0.3684 -0.8729 -0.3198
vn 0.0354 0.2833 0.9584
vn 0.1504 0.2443 0.9580
vn 0.1142 0.4157 0.9023
vn -0.0689 -0.2493 0.9660
vn -0.0981 -0.1277 0.9869
vn -0.0957 -0.2231 0.9701
vn 0.1503 0.1947 0.9693
vn 0.2036 0.2394 0.9493
vn 0.1274 0.2640 0.9561
vn 0.3894 -0.5797 0.7157
vn 0.2733 -0.4924 0.8263
vn 0.2045 -0.6716 0.7121
vn -0.6835 0.0703 0.7265
vn -0.6998 -0.0016 0.7144
vn -0.5299 0.1896 0.8266
vn -0.8809 -0.4728 -0.0207
vn -0.8625 -0.5048 0.0354
vn -0.8994 -0.4361 -0.0312
vn -0.9135 -0.4058 -0.0274
vn -0.9284 -0.3245 0.1809
vn -0.9160 -0.3998 -0.0342
vn -0.3312 -0.8049 -0.4924
vn -0.3705 -0.8674 -0.3323
vn -0.4179 -0.7308 -0.5398
vn -0.8166 -0.0721 0.5726
vn -0.8641 0.1189 0.4891
vn -0.8764 0.1020 0.4707
vn -0.8719 -0.1288 0.4724
vn -0.8584 -0.2361 0.4553
vn -0.8345 -0.2378 0.4971
vn -0.8432 0.0194 0.5373
vn -0.8506 -0.0351 0.5246
vn -0.8339 -0.0015 0.5519
vn -0.5200 -0.6901 -0.5034
vn -0.5121 -0.6613 -0.5481
vn -0.4780 -0.7006 -0.5297
vn 0.2100 -0.8457 0.4906
vn 0.2517 -0.8312 0.4958
vn 0.2577 -0.8125 0.5229
vn -0.9450 0.1269 0.3016
vn -0.9254 0.2025 0.3205
vn -0.9692 0.1281 0.2103
vn -0.9253 -0.2965 0.2366
vn -0.9141 -0.2533 0.3168
vn -0.9338 -0.2359 0.2690
vn -0.6691 -0.2660 -0.6939
vn -0.6591 -0.3058 -0.6871
vn -0.6867 -0.2684 -0.6756
vn -0.1787 -0.6198 0.7641
vn -0.1006 -0.7120 0.6949
vn -0.0426 -0.4324 0.9007
vn -0.6060 0.7953 -0.0154
vn -0.5959 0.7996 -0.0742
vn -0.7200 0.6929 0.0380
vn -0.2356 -0.6468 0.7254
vn -0.1907 -0.6199 0.7611
vn -0.2841 -0.5153 0.8085
vn 0.4911 0.2944 0.8198
vn 0.5055 0.2191 0.8345
vn 0.5827 0.1556 0.7977
vn 0.1802 0.0045 0.9836
vn 0.2082 -0.0601 0.9762
vn 0.2496 0.0088 0.9683
vn 0.0057 0.1459 0.9893
vn -0.1343 0.1250 0.9830
vn 0.0056 0.1174 0.9931
vn -0.8732 -0.4869 0.0210
vn -0.8934 -0.4422 -0.0797
vn -0.8447 -0.5007 -0.1893
vn -0.0390 -0.0671 0.9970
vn 0.0326 -0.0494 0.9982
vn -0.0263 -0.0342 0.9991
vn 0.3010 0.8413 0.4489
vn 0.2786 0.8758 0.3940
vn 0.1936 0.8728 0.4480
vn 0.8279 -0.0311 0.5600
vn 0.7878 -0.1144 0.6052
vn 0.8273 -0.1079 0.5512
vn 0.5308 0.7980 -0.2854
vn 0.5886 0.7714 -0.2417
vn 0.5638 0.7561 -0.3323
vn 0.0250 -0.2177 0.9757
vn 0.1004 -0.2334 0.9672
vn 0.0922 -0.1867 0.9781
vn 0.3856 -0.8709 -0.3049
vn 0.2850 -0.9206 -0.2671
vn 0.2650 -0.8809 -0.3921
vn -0.1077 -0.7283 -0.6767
vn -0.1087 -0.7556 -0.6460
vn -0.1302 -0.7403 -0.6596
vn -0.8173 0.1975 0.5414
vn -0.8342 0.0796 0.5456
vn -0.7516 0.2539 0.6088
vn 0.9336 -0.3062 -0.1861
vn 0.9401 -0.3237 -0.1066
vn 0.9209 -0.3737 -0.1114
vn -0.5425 0.5038 0.6722
vn -0.4092 0.4361 0.8015
vn -0.3801 0.4742 0.7941
vn -0.9213 -0.0570 -0.3846
vn -0.9540 -0.0554 -0.2948
vn -0.9538 -0.0342 -0.2985
vn -0.7283 0.3673 -0.5785
vn -0.7246 0.2800 -0.6298
vn -0.7466 0.3521 -0.5645
vn -0.4819 0.0667 0.8737
vn -0.2318 0.0423 0.9718
vn -0.5397 0.2268 0.8107
vn 0.3446 0.8041 0.4844
vn 0.2156 0.8708 0.4417
vn 0.2314 0.8251 0.5153
vn 0.1145 0.8095 0.5758
vn 0.0697 0.7531 0.6543
vn 0.1789 0.6856 0.7056
vn -0.5803 -0.3197 0.7490
vn -0.5457 -0.4506 0.7065
vn -0.3919 -0.4722 0.7896
vn -0.5510 -0.3199 0.7708
vn -0.2282 -0.5239 0.8206
vn -0.4059 -0.1693 0.8981
vn -0.4486 -0.1838 0.8746
vn -0.4699 -0.2571 0.8445
vn -0.3853 -0.2352 0.8923
vn -0.1574 -0.4570 0.8754
vn -0.1372 -0.4168 0.8986
vn -0.1577 -0.4286 0.8896
vn -0.6473 -0.5118 0.5648
vn -0.6575 -0.5156 0.5494
vn -0.6448 -0.5186 0.5614
vn 0.0554 0.7391 0.6713
vn 0.0029 0.8320 0.5548
vn 0.0117 0.7725 0.6349
vn -0.8741 -0.2505 0.4162
vn -0.8096 -0.3854 0.4427
vn -0.8660 -0.2494 0.4335
vn -0.8120 -0.2882 0.5075
vn -0.9068 0.0209 0.4211
vn -0.9159 0.0206 0.4009
vn -0.8828 -0.4267 0.1963
vn -0.6739 -0.6625 0.3269
vn -0.8596 -0.3886 0.3318
vn -0.7229 0.2011 0.6610
vn -0.8509 0.1280 0.5095
vn -0.7116 0.1385 0.6888
vn -0.7343 -0.0635 0.6759
vn -0.6741 -0.1910 0.7135
vn -0.6654 -0.1917 0.7214
vn -0.3279 -0.1917 0.9251
vn -0.2813 -0.0840 0.9559
vn -0.3114 -0.0779 0.9471
vn -0.3220 -0.1224 0.9388
vn -0.2392 -0.1955 0.9511
vn -0.2261 -0.0536 0.9726
vn -0.6738 -0.6916 0.2600
vn -0.4954 -0.8176 0.2935
vn -0.4950 -0.7819 0.3789
vn -0.2130 -0.7632 0.6100
vn -0.1551 -0.7504 0.6425
vn -0.2990 -0.6130 0.7313
vn -0.0593 -0.9820 0.1792
vn -0.0986 -0.9797 0.1747
vn -0.1298 -0.9915 0.0098
vn 0.1400 -0.9865 -0.0853
vn 0.0984 -0.9911 -0.0892
vn 0.0818 -0.9776 -0.1937
vn 0.1182 -0.9786 0.1686
vn 0.0416 -0.9684 0.2460
vn -0.0082 -0.9798 0.1999
vn 0.7930 -0.2783 0.5420
vn 0.8310 -0.2386 0.5024
vn 0.7871 -0.1468 0.5990
vn -0.2467 -0.4565 0.8549
vn -0.1034 -0.3739 0.9217
vn -0.1322 -0.3376 0.9320
vn -0.5854 -0.2488 0.7717
vn -0.4687 -0.3521 0.8102
vn -0.5264 -0.2643 0.8081
vn -0.7913 -0.2757 0.5457
vn -0.7792 -0.3467 0.5222
vn -0.7487 -0.2886 0.5967
vn -0.5653 -0.3577 0.7433
vn -0.5814 -0.3361 0.7410
vn -0.6050 -0.3668 0.7067
vn -0.5853 -0.3079 0.7501
vn -0.5852 -0.2812 0.7606
vn -0.6271 -0.2591 0.7345
vn -0.3502 -0.4280 0.8332
vn -0.3315 -0.2845 0.8995
vn -0.4085 -0.4462 0.7963
vn -0.8316 -0.3523 0.4293
vn -0.7299 -0.2776 0.6246
vn -0.8457 -0.1514 0.5117
vn 0.2941 0.8818 -0.3687
vn 0.3443 0.8585 -0.3800
vn 0.2904 0.8429 -0.4530
vn 0.5620 0.4182 -0.7136
vn 0.5594 0.4614 -0.6886
vn 0.6089 0.4645 -0.6431
vn 0.5713 -0.0753 0.8173
vn 0.5778 -0.0972 0.8104
vn 0.5805 -0.0654 0.8116
vn 0.7536 -0.2958 0.5870
vn 0.7567 -0.2901 0.5858
vn 0.7519 -0.2794 0.5972
vn 0.9175 -0.2036 0.3416
vn 0.9191 -0.1849 0.3480
vn 0.9157 -0.2039 0.3463
vn 0.0500 -0.5425 0.8386
vn 0.0643 -0.5351 0.8424
vn 0.0597 -0.5138 0.8558
vn 0.6653 -0.0943 0.7406
vn 0.6318 -0.1276 0.7646
vn 0.6670 -0.1297 0.7337
vn -0.0733 -0.1003 0.9923
vn -0.0359 -0.0669 0.9971
vn -0.0543 -0.0505 0.9972
vn 0.0692 -0.5800 0.8116
vn 0.1371 -0.6007 0.7876
vn 0.1302 -0.5726 0.8095
vn -0.0729 -0.3302 0.9411
vn -0.0709 -0.3468 0.9352
vn -0.0686 -0.3299 0.9415
vn -0.1033 -0.2934 0.9504
vn -0.0966 -0.2940 0.9509
vn -0.1074 -0.2765 0.9550
vn -0.7477 -0.1998 0.6333
vn -0.7297 -0.2197 0.6475
vn -0.7367 -0.1963 0.6471
vn -0.8563 -0.2485 0.4527
vn -0.8476 -0.2663 0.4589
vn -0.8476 -0.2580 0.4636
vn -0.8365 0.3095 -0.4521
vn -0.8332 0.3239 -0.4482
vn -0.8299 0.3259 -0.4529
vn -0.6609 0.3835 -0.6451
vn -0.6617 0.3680 -0.6533
vn -0.6691 0.3830 -0.6369
vn -0.6174 0.3500 -0.7045
vn -0.6410 0.1021 -0.7607
vn -0.6242 0.3476 -0.6997
vn -0.8913 0.4533 0.0132
vn -0.8871 0.4614 -0.0074
vn -0.8935 0.4490 0.0062
vn -0.9584 -0.0886 0.2712
vn -0.9597 -0.0408 0.2779
vn -0.9616 -0.0473 0.2705
vn -0.8944 -0.2360 0.3798
vn -0.8902 -0.2269 0.3950
vn -0.8992 -0.2258 0.3747
vn -0.9599 -0.0927 0.2644
vn -0.9644 -0.0864 0.2499
vn -0.9647 -0.0904 0.2472
vn 0.5374 -0.5649 0.6262
vn 0.4465 -0.4592 0.7680
vn 0.2555 -0.7699 0.5848
vn -0.0882 -0.7276 0.6804
vn -0.0364 -0.8283 0.5591
vn -0.0428 -0.7500 0.6600
vn -0.7885 -0.0010 0.6151
vn -0.7619 0.0330 0.6468
vn -0.8132 0.0069 0.5820
vn -0.8046 -0.3850 0.4522
vn -0.7900 -0.3913 0.4719
vn -0.8155 -0.3035 0.4928
vn -0.9264 -0.3587 -0.1144
vn -0.9704 -0.2182 0.1035
vn -0.9676 -0.2360 -0.0899
vn -0.8361 -0.3031 -0.4572
vn -0.8652 -0.4612 -0.1968
vn -0.9117 -0.4073 -0.0547
vn -0.2148 -0.9693 -0.1197
vn -0.3760 -0.9176 0.1292
vn -0.3844 -0.9189 -0.0887
vn -0.5906 -0.7703 0.2405
vn -0.7797 -0.5973 0.1881
vn -0.7039 -0.7055 0.0825
vn -0.9764 0.1110 -0.1855
vn -0.9765 0.1146 -0.1828
vn -0.9750 0.1287 -0.1811
vn -0.9199 0.1411 -0.3660
vn -0.9187 0.1228 -0.3753
vn -0.9237 0.1379 -0.3573
vn -0.8807 0.1001 -0.4629
vn -0.8946 0.1158 -0.4315
vn -0.8918 0.1209 -0.4359
vn -0.9009 -0.0690 -0.4285
vn -0.8646 -0.3359 -0.3736
vn -0.9083 -0.0679 -0.4128
vn -0.6242 -0.6644 0.4111
vn -0.4242 -0.6384 0.6423
vn -0.6039 -0.5200 0.6041
vn -0.5897 -0.7865 -0.1836
vn -0.3981 -0.9015 -0.1694
vn -0.5074 -0.8589 -0.0692
vn -0.8467 -0.5259 0.0814
vn -0.9515 -0.2670 0.1529
vn -0.9587 -0.2555 0.1248
vn -0.8763 -0.4739 0.0865
vn -0.8888 -0.4507 0.0831
vn -0.8829 -0.4651 0.0640
vn -0.9174 -0.3938 0.0579
vn -0.8961 -0.4375 0.0751
vn -0.9211 -0.3843 0.0615
vn -0.8391 -0.5341 -0.1031
vn -0.8548 -0.5140 -0.0710
vn -0.8712 -0.4799 -0.1034
vn -0.8964 -0.4316 0.1008
vn -0.9027 -0.4059 0.1430
vn -0.9739 -0.2219 0.0469
vn -0.8525 -0.4933 -0.1728
vn -0.7520 -0.6516 -0.1000
vn -0.8699 -0.4699 -0.1498
vn -0.6200 -0.4881 0.6143
vn -0.5933 -0.5188 0.6155
vn -0.6047 -0.4563 0.6528
vn -0.9311 -0.2651 -0.2505
vn -0.9531 -0.2064 -0.2212
vn -0.9282 -0.2468 -0.2784
vn -0.9315 -0.2357 -0.2770
vn -0.9572 -0.2063 -0.2032
vn -0.9428 -0.2099 -0.2590
vn -0.8285 -0.4185 -0.3720
vn -0.8397 -0.4110 -0.3549
vn -0.8222 -0.4057 -0.3992
vn -0.8643 -0.3933 -0.3137
vn -0.8544 -0.3780 -0.3567
vn -0.8207 -0.4073 -0.4008
vn -0.7477 0.6393 -0.1794
vn -0.7729 0.5614 -0.2955
vn -0.8072 0.5609 -0.1840
vn 0.3909 -0.9181 0.0654
vn 0.3143 -0.8289 0.4628
vn 0.2550 -0.8215 0.5101
vn -0.9275 -0.2502 -0.2778
vn -0.9352 -0.2468 -0.2538
vn -0.9440 -0.2083 -0.2560
vn -0.7499 0.1606 -0.6418
vn -0.6623 0.2295 -0.7132
vn -0.6812 0.0344 -0.7313
vn -0.6880 0.4836 -0.5411
vn -0.7167 0.2679 -0.6439
vn -0.8701 0.0779 -0.4866
vn -0.6177 0.1366 -0.7744
vn -0.6207 0.1193 -0.7749
vn -0.6265 0.1163 -0.7707
vn -0.8898 -0.3199 -0.3254
vn -0.8745 -0.3207 -0.3639
vn -0.8763 -0.3488 -0.3323
vn -0.6359 0.0362 -0.7710
vn -0.6698 0.1241 -0.7321
vn -0.5907 0.2139 -0.7780
vn -0.7783 -0.3349 -0.5311
vn -0.7660 -0.3417 -0.5446
vn -0.7389 -0.3861 -0.5522
vn -0.4173 0.0064 -0.9088
vn -0.5558 -0.0934 -0.8261
vn -0.5486 -0.0437 -0.8349
vn -0.6881 0.0149 -0.7255
vn -0.7371 0.0074 -0.6758
vn -0.6634 0.0844 -0.7434
vn -0.8352 0.1214 -0.5363
vn -0.8413 0.2518 -0.4784
vn -0.7366 0.2991 -0.6065
vn -0.6271 0.0656 -0.7762
vn -0.6983 0.0261 -0.7154
vn -0.6803 0.0845 -0.7280
vn -0.5864 0.0052 -0.8100
vn -0.6178 0.0113 -0.7863
vn -0.5774 0.0266 -0.8160
vn 0.3061 -0.0764 -0.9489
vn 0.2142 -0.0746 -0.9739
vn 0.1851 0.0596 -0.9809
vn -0.4709 -0.0710 -0.8793
vn -0.6184 -0.0925 -0.7804
vn -0.5633 -0.0581 -0.8242
vn -0.4280 0.1384 -0.8931
vn -0.4500 0.1402 -0.8820
vn -0.4511 0.2095 -0.8675
vn 0.1767 -0.0742 -0.9815
vn 0.0705 -0.2299 -0.9707
vn -0.0043 -0.0656 -0.9978
vn -0.3992 -0.1692 -0.9011
vn -0.1980 -0.1420 -0.9699
vn -0.3872 -0.1986 -0.9003
vn -0.3818 -0.2998 -0.8743
vn -0.3675 -0.3056 -0.8784
vn -0.4483 -0.3227 -0.8336
vn 0.0555 -0.1596 -0.9856
vn 0.0101 -0.0485 -0.9988
vn 0.0290 -0.0642 -0.9975
vn 0.1198 -0.0826 -0.9894
vn 0.0863 -0.1192 -0.9891
vn 0.1176 -0.0575 -0.9914
vn 0.0641 -0.1039 -0.9925
vn 0.0336 -0.0292 -0.9990
vn 0.0830 -0.0469 -0.9954
vn -0.7995 0.1201 -0.5885
vn -0.8278 0.0562 -0.5582
vn -0.8057 0.1625 -0.5697
vn 0.1404 -0.1632 -0.9766
vn 0.0922 -0.1827 -0.9788
vn 0.1106 -0.1629 -0.9804
vn 0.1447 0.0062 -0.9895
vn 0.0136 -0.1589 -0.9872
vn -0.1798 -0.1608 -0.9705
vn 0.6425 -0.3612 -0.6758
vn 0.5252 -0.3361 -0.7818
vn 0.6116 -0.2546 -0.7491
vn -0.7791 -0.6220 -0.0781
vn -0.8173 -0.5702 -0.0834
vn -0.8523 -0.3463 -0.3920
vn 0.0319 -0.3389 -0.9403
vn -0.0498 -0.3199 -0.9461
vn -0.0026 -0.3018 -0.9534
vn 0.1672 -0.8254 -0.5392
vn 0.1937 -0.8388 -0.5088
vn 0.1413 -0.8329 -0.5351
vn 0.3059 -0.5743 -0.7594
vn 0.3063 -0.4855 -0.8188
vn 0.3548 -0.5059 -0.7862
vn -0.1501 0.1715 -0.9737
vn -0.1618 0.1567 -0.9743
vn -0.1617 0.1674 -0.9725
vn 0.0449 0.3951 -0.9175
vn 0.0553 0.3878 -0.9201
vn 0.0469 0.3894 -0.9199
vn -0.7081 -0.3515 -0.6124
vn -0.1431 0.1787 -0.9734
vn 0.6467 -0.0260 -0.7623
vn 0.3309 -0.4824 -0.8111
vn 0.3886 -0.5018 -0.7728
vn 0.2925 -0.5292 -0.7965
vn 0.8243 0.0834 -0.5599
vn 0.8323 0.0540 -0.5517
vn 0.7938 0.0767 -0.6034
vn 0.8451 -0.0151 -0.5343
vn 0.8458 -0.0775 -0.5278
vn 0.8137 -0.1125 -0.5703
vn 0.5247 0.1514 -0.8377
vn 0.4242 0.1962 -0.8840
vn 0.4486 0.2369 -0.8618
vn 0.2292 0.4225 -0.8769
vn 0.2210 0.4225 -0.8790
vn 0.1985 0.4542 -0.8685
vn 0.7410 0.4085 -0.5330
vn 0.7278 0.4327 -0.5320
vn 0.7287 0.4344 -0.5295
vn 0.4667 0.6456 -0.6044
vn 0.4506 0.6701 -0.5898
vn 0.4759 0.6590 -0.5824
vn 0.9574 0.2113 -0.1968
vn 0.9534 0.2295 -0.1959
vn 0.9570 0.2206 -0.1882
vn 0.7748 0.2180 -0.5935
vn 0.7772 0.1991 -0.5969
vn 0.7716 0.1933 -0.6060
vn 0.7822 0.1935 -0.5922
vn 0.7799 0.2047 -0.5914
vn 0.7853 0.1923 -0.5884
vn 0.9380 0.1819 -0.2952
vn 0.9403 0.1798 -0.2891
vn 0.9406 0.1776 -0.2893
vn 0.6570 0.6538 -0.3753
vn 0.6607 0.6362 -0.3984
vn 0.6477 0.6475 -0.4015
vn 0.7864 0.0635 -0.6145
vn 0.7820 0.0299 -0.6226
vn 0.7605 0.0674 -0.6459
vn 0.6109 0.1749 -0.7721
vn 0.6195 0.1519 -0.7701
vn 0.5297 -0.1020 -0.8420
vn 0.9795 -0.1629 0.1184
vn 0.9805 -0.1776 0.0838
vn 0.9963 -0.0264 0.0822
vn 0.8675 -0.1785 -0.4643
vn 0.9182 -0.1048 -0.3820
vn 0.8685 -0.2016 -0.4528
vn 0.8349 -0.2681 -0.4807
vn 0.8947 -0.1854 -0.4064
vn 0.8509 -0.3130 -0.4220
vn 0.4513 -0.5893 -0.6701
vn 0.5278 -0.5630 -0.6359
vn 0.4569 -0.5980 -0.6585
vn 0.3722 -0.6105 -0.6991
vn 0.5137 -0.4843 -0.7082
vn 0.4788 -0.5971 -0.6436
vn 0.1122 0.8669 -0.4858
vn 0.2197 0.8857 -0.4091
vn 0.2029 0.8127 -0.5462
vn 0.8198 -0.2994 -0.4881
vn 0.8341 -0.1722 -0.5240
vn 0.8349 -0.2764 -0.4759
vn 0.3739 0.1270 -0.9187
vn 0.4442 0.1335 -0.8859
vn 0.4538 0.0939 -0.8861
vn 0.8760 -0.2292 -0.4243
vn 0.8908 -0.1798 -0.4174
vn 0.9112 -0.2524 -0.3257
vn 0.2779 -0.2592 -0.9250
vn 0.2302 -0.2049 -0.9513
vn 0.3032 -0.2416 -0.9218
vn 0.5329 -0.5237 -0.6647
vn 0.6543 -0.3622 -0.6639
vn 0.6402 -0.5361 -0.5502
vn 0.9348 -0.0951 -0.3423
vn 0.8871 -0.3510 -0.2998
vn 0.7103 -0.4476 -0.5433
vn 0.5974 -0.5754 -0.5586
vn 0.5872 -0.5713 -0.5734
vn 0.5945 -0.5710 -0.5661
vn 0.3255 -0.7976 -0.5079
vn 0.3051 -0.6802 -0.6665
vn 0.3802 -0.8191 -0.4297
vn 0.6012 0.3974 -0.6932
vn 0.6352 0.3642 -0.6811
vn 0.4888 0.4255 -0.7616
vn 0.1897 -0.4873 -0.8524
vn 0.1273 -0.4889 -0.8630
vn 0.1879 -0.3927 -0.9003
vn -0.3674 -0.5354 -0.7605
vn -0.4008 -0.4459 -0.8003
vn -0.3262 -0.4662 -0.8224
vn 0.6769 0.3820 -0.6292
vn 0.2437 0.7595 -0.6032
vn 0.2398 0.7840 -0.5726
vn -0.3864 0.3707 -0.8445
vn -0.3401 0.2206 -0.9142
vn -0.4423 0.3444 -0.8281
vn -0.4714 -0.3152 -0.8237
vn -0.3890 -0.2668 -0.8818
vn -0.4332 -0.3468 -0.8319
vn 0.2265 -0.3873 -0.8937
vn 0.2188 -0.3158 -0.9233
vn 0.2363 -0.3158 -0.9189
vn -0.0280 -0.1704 -0.9850
vn -0.0573 -0.1701 -0.9838
vn -0.0399 -0.1200 -0.9920
vn 0.1728 0.0073 -0.9849
vn 0.2054 0.0479 -0.9775
vn 0.1817 -0.0040 -0.9834
vn 0.2659 0.0673 -0.9616
vn 0.2353 -0.0172 -0.9718
vn 0.2339 0.1203 -0.9648
vn 0.6746 0.0669 -0.7352
vn 0.6413 0.1299 -0.7562
vn 0.6723 0.1280 -0.7292
vn 0.8378 0.4504 -0.3084
vn 0.8210 0.4947 -0.2850
vn 0.8903 0.3801 -0.2506
vn 0.8520 0.3651 -0.3753
vn 0.8659 0.3395 -0.3675
vn 0.8522 0.3235 -0.4113
vn 0.1651 0.6586 -0.7341
vn 0.2239 0.6430 -0.7324
vn 0.1900 0.5642 -0.8035
vn -0.0798 0.0981 -0.9920
vn -0.1101 0.1063 -0.9882
vn -0.1008 0.1394 -0.9851
vn -0.2000 0.4847 -0.8515
vn -0.2041 0.4775 -0.8546
vn -0.2240 0.4843 -0.8457
vn 0.3423 0.4482 -0.8258
vn 0.3155 0.3719 -0.8730
vn 0.2000 0.5331 -0.8221
vn -0.0157 0.5190 -0.8546
vn 0.3008 0.5544 -0.7760
vn 0.3649 0.3851 -0.8476
vn -0.5769 0.4938 -0.6506
vn -0.7091 0.1693 -0.6845
vn -0.6440 0.5015 -0.5777
vn -0.0109 0.6791 -0.7340
vn 0.0054 0.6968 -0.7172
vn 0.0289 0.6899 -0.7233
vn -0.1030 0.1499 -0.9833
vn -0.0724 0.1090 -0.9914
vn -0.1019 0.0979 -0.9900
vn 0.2301 -0.0902 -0.9690
vn 0.1898 -0.0302 -0.9814
vn 0.2007 -0.0236 -0.9794
vn 0.4368 0.6982 -0.5672
vn 0.4730 0.6533 -0.5912
vn 0.4172 0.6513 -0.6338
vn 0.4019 0.0363 -0.9150
vn 0.3264 -0.0604 -0.9433
vn 0.3428 0.0938 -0.9347
vn 0.8158 0.4107 -0.4071
vn 0.8286 0.4151 -0.3757
vn 0.8362 0.3468 -0.4249
vn -0.1626 -0.7347 -0.6586
vn -0.1067 -0.7474 -0.6557
vn -0.1866 -0.7461 -0.6392
vn 0.0733 -0.2450 -0.9667
vn 0.0884 -0.2473 -0.9649
vn 0.0845 -0.2727 -0.9584
vn 0.0922 -0.5642 -0.8204
vn 0.2116 -0.6461 -0.7333
vn 0.1480 -0.6971 -0.7016
vn -0.0540 0.0981 -0.9937
vn -0.0936 0.1064 -0.9899
vn -0.0593 0.1159 -0.9915
vn 0.0164 0.1502 -0.9885
vn -0.0018 0.0898 -0.9960
vn -0.0291 0.1603 -0.9866
vn -0.0288 0.1116 -0.9933
vn -0.0214 0.0925 -0.9955
vn -0.0561 0.1128 -0.9920
vn 0.1134 -0.0117 -0.9935
vn -0.0415 0.1676 -0.9850
vn -0.0322 0.1992 -0.9794
vn -0.1766 0.1569 -0.9717
vn -0.0635 0.0661 -0.9958
vn -0.1363 0.0952 -0.9861
vn -0.0566 0.0953 -0.9938
vn -0.1196 0.1714 -0.9779
vn -0.0252 0.1961 -0.9803
vn -0.1669 0.0561 -0.9844
vn -0.0865 0.0529 -0.9948
vn -0.1489 -0.0142 -0.9888
vn -0.0408 0.0993 -0.9942
vn -0.1221 0.0884 -0.9886
vn -0.1052 0.1110 -0.9882
vn 0.1937 -0.5370 -0.8210
vn 0.1573 -0.4707 -0.8682
vn 0.2409 -0.5142 -0.8231
vn -0.0579 -0.2519 -0.9660
vn -0.0801 -0.2614 -0.9619
vn -0.0929 -0.2451 -0.9650
vn -0.3039 -0.4737 -0.8266
vn -0.1734 -0.5194 -0.8367
vn -0.1531 -0.5705 -0.8069
vn 0.2403 0.0935 -0.9662
vn 0.3734 0.1155 -0.9205
vn 0.4173 0.0079 -0.9087
vn -0.4268 -0.1162 -0.8969
vn -0.4989 -0.1577 -0.8522
vn -0.4939 -0.0959 -0.8642
vn -0.4024 0.3379 -0.8508
vn -0.4070 0.2742 -0.8713
vn -0.4879 0.2757 -0.8282
vn 0.6291 0.0296 -0.7767
vn 0.6290 -0.0098 -0.7773
vn 0.6151 0.0315 -0.7878
vn -0.6436 0.0066 -0.7653
vn -0.7694 -0.0103 -0.6386
vn -0.7523 0.0953 -0.6519
vn -0.2587 0.3412 -0.9037
vn -0.2242 0.1294 -0.9659
vn -0.3456 0.3626 -0.8655
vn -0.1370 -0.4679 -0.8731
vn -0.1702 -0.4989 -0.8498
vn -0.1836 -0.4914 -0.8514
vn -0.0809 -0.5774 -0.8125
vn -0.0177 -0.6098 -0.7923
vn -0.0844 -0.6383 -0.7652
vn -0.5856 -0.5909 -0.5548
vn -0.5718 -0.6044 -0.5548
vn -0.6003 -0.5879 -0.5422
vn 0.0260 0.2858 -0.9579
vn -0.0484 0.2169 -0.9750
vn -0.0080 0.3397 -0.9405
vn -0.5090 -0.1176 -0.8527
vn -0.4362 -0.2727 -0.8575
vn -0.5128 -0.3065 -0.8019
vn 0.3701 -0.7001 0.6107
vn 0.2847 -0.7317 0.6193
vn 0.3667 -0.7233 0.5852
vn 0.7335 -0.6039 -0.3120
vn 0.7242 -0.6119 -0.3180
vn 0.7354 -0.5942 -0.3257
vn 0.9122 -0.4092 -0.0214
vn 0.9183 -0.3952 -0.0249
vn 0.9092 -0.4163 -0.0072
vn 0.6696 -0.6529 -0.3540
vn 0.6699 -0.6463 -0.3654
vn 0.6720 -0.6491 -0.3565
vn 0.7646 -0.2273 -0.6031
vn 0.7664 -0.2104 -0.6070
vn 0.7716 -0.2162 -0.5983
vn 0.4957 -0.5049 -0.7066
vn 0.4941 -0.4928 -0.7162
vn 0.5037 -0.5004 -0.7042
vn 0.5757 -0.0515 -0.8160
vn 0.5883 -0.0301 -0.8081
vn 0.5835 -0.0455 -0.8108
vn 0.8318 -0.2096 -0.5140
vn 0.8384 -0.2132 -0.5016
vn 0.8299 -0.2160 -0.5143
vn 0.9058 -0.3436 -0.2481
vn 0.9079 -0.3334 -0.2539
vn 0.9138 -0.3301 -0.2365
vn 0.8925 -0.3447 -0.2910
vn 0.8942 -0.3417 -0.2892
vn 0.8934 -0.3458 -0.2868
vn 0.9436 -0.3290 0.0380
vn 0.9390 -0.3416 0.0397
vn 0.9405 -0.3381 0.0340
vn 0.8471 0.0009 -0.5314
vn 0.8530 -0.0011 -0.5219
vn 0.8495 -0.0163 -0.5273
vn 0.9691 -0.0626 -0.2388
vn 0.9349 0.1685 -0.3123
vn 0.9340 0.1881 -0.3038
vn 0.9836 0.0174 0.1796
vn 0.9853 0.0344 0.1674
vn 0.9826 0.0328 0.1826
vn 0.9790 0.1357 0.1524
vn 0.9812 0.1317 0.1414
vn 0.9787 0.1426 0.1479
vn 0.9371 0.1049 0.3328
vn 0.9399 0.0891 0.3297
vn 0.9427 0.1109 0.3146
vn 0.9632 0.0081 0.2686
vn 0.9706 -0.0260 0.2391
vn 0.9727 0.0141 0.2316
vn 0.7249 -0.5939 0.3490
vn 0.7472 -0.5475 0.3768
vn 0.7156 -0.5808 0.3882
vn 0.8732 -0.4363 -0.2172
vn 0.8679 -0.3920 -0.3052
vn 0.8912 -0.3948 -0.2233
vn 0.7747 -0.4271 0.4662
vn 0.7486 -0.4718 0.4659
vn 0.8001 -0.4703 0.3723
vn 0.9563 -0.2255 0.1860
vn 0.9705 -0.1472 0.1911
vn 0.9653 -0.1468 0.2160
vn 0.9222 -0.3449 -0.1751
vn 0.9279 -0.2249 -0.2974
vn 0.9474 -0.2413 -0.2102
vn 0.9151 -0.3531 -0.1946
vn 0.9043 -0.3536 -0.2391
vn 0.9031 -0.3270 -0.2784
vn 0.9850 -0.0414 0.1673
vn 0.9914 -0.0287 0.1277
vn 0.9798 0.0003 0.2002
vn 0.9600 0.1725 0.2207
vn 0.9591 0.1842 0.2149
vn 0.9540 0.1671 0.2491
vn 0.9506 -0.1741 0.2568
vn 0.9540 -0.1127 0.2777
vn 0.9463 -0.1058 0.3056
vn 0.3585 -0.8670 -0.3461
vn 0.3089 -0.8485 -0.4298
vn 0.3609 -0.8588 -0.3636
vn 0.3798 -0.7976 -0.4685
vn 0.3307 -0.8205 -0.4662
vn 0.3569 -0.7911 -0.4968
vn 0.6621 -0.0250 0.7490
vn 0.7474 0.0249 0.6639
vn 0.5990 0.2175 0.7707
vn 0.3590 0.2859 0.8885
vn 0.4130 0.2645 0.8715
vn 0.3810 0.3047 0.8729
vn 0.0299 0.0854 0.9959
vn -0.0580 0.0956 0.9937
vn -0.0002 0.0457 0.9990
vn 0.3067 -0.6715 0.6745
vn 0.2288 -0.6672 0.7089
vn 0.2690 -0.6829 0.6792
vn 0.1658 -0.9860 0.0159
vn -0.0924 -0.9246 0.3697
vn 0.1279 -0.9917 -0.0123
vn 0.5389 0.2353 0.8088
vn 0.9578 0.2139 0.1919
vn 0.7062 0.2892 0.6462
vn 0.3909 -0.9041 0.1726
vn 0.3891 -0.9098 0.1443
vn 0.4282 -0.8947 0.1272
vn 0.5712 -0.7783 0.2606
vn 0.6306 -0.7500 0.1996
vn 0.6020 -0.7513 0.2705
vn 0.9272 0.2695 0.2601
vn 0.9335 0.2621 0.2448
vn 0.9280 0.2877 0.2367
vn 0.0016 -0.9972 0.0746
vn -0.0065 -0.9971 0.0763
vn -0.0077 -0.9979 0.0639
vn 0.0390 -0.9979 -0.0519
vn 0.0238 -0.9988 -0.0428
vn 0.0251 -0.9984 -0.0512
vn -0.1238 -0.9711 0.2041
vn -0.1288 -0.9744 0.1845
vn -0.1142 -0.9750 0.1905
vn -0.1775 -0.4945 0.8509
vn -0.1858 -0.4941 0.8493
vn -0.1855 -0.5041 0.8435
vn 0.4988 -0.3706 0.7835
vn 0.5757 -0.4454 0.6857
vn 0.5145 -0.3588 0.7788
vn -0.1998 -0.1245 0.9719
vn -0.1464 -0.0343 0.9886
vn -0.1677 0.0164 0.9857
vn -0.4384 -0.0191 0.8986
vn -0.4223 -0.0901 0.9020
vn -0.4249 -0.0012 0.9052
vn -0.2153 -0.9553 0.2027
vn -0.2146 -0.9641 0.1564
vn -0.1449 -0.9547 0.2598
vn -0.3439 -0.0882 0.9349
vn -0.3301 -0.0570 0.9422
vn -0.3574 0.0231 0.9337
vn 0.5887 0.0410 0.8073
vn 0.6037 -0.0164 0.7971
vn 0.5975 0.0624 0.7994
vn 0.8288 0.1671 0.5340
vn 0.8264 0.1183 0.5506
vn 0.8431 0.1355 0.5205
vn 0.8296 0.0198 0.5580
vn 0.7861 0.0458 0.6164
vn 0.7671 -0.0189 0.6412
vn 0.5978 -0.6777 0.4282
vn 0.6923 -0.6024 0.3972
vn 0.6183 -0.6293 0.4707
vn 0.9354 -0.0703 0.3466
vn 0.9366 -0.0478 0.3472
vn 0.9307 -0.0549 0.3617
vn 0.9293 -0.0689 0.3628
vn 0.9323 -0.1127 0.3438
vn 0.9371 -0.0691 0.3421
vn 0.8705 -0.2382 0.4307
vn 0.8415 -0.1518 0.5184
vn 0.8229 -0.2020 0.5310
vn 0.9728 -0.2275 -0.0429
vn 0.9713 -0.1924 -0.1398
vn 0.9969 -0.0290 -0.0735
vn 0.9585 0.0204 0.2843
vn 0.9345 -0.3172 0.1618
vn 0.9878 0.0576 0.1446
vn 0.9862 -0.0996 0.1321
vn 0.9735 0.0699 0.2176
vn 0.9693 -0.0453 0.2417
vn -0.0296 -0.3497 0.9364
vn 0.0601 -0.2055 0.9768
vn -0.1567 -0.3488 0.9240
vn -0.3716 -0.3274 0.8688
vn -0.3357 -0.3373 0.8795
vn -0.3888 -0.1555 0.9081
vn 0.5610 -0.7921 0.2405
vn 0.5931 -0.7910 0.1502
vn 0.6060 -0.7574 0.2432
vn 0.1720 -0.8863 0.4300
vn 0.1289 -0.9385 0.3203
vn 0.1985 -0.9183 0.3425
vn -0.2067 -0.9747 -0.0847
vn -0.2420 -0.9647 -0.1042
vn -0.2126 -0.9647 -0.1557
vn -0.4235 -0.7790 -0.4624
vn -0.4466 -0.7120 -0.5418
vn -0.3942 -0.7837 -0.4800
vn -0.9589 -0.2831 0.0165
vn -0.7720 -0.5745 0.2720
vn -0.9858 -0.0999 0.1347
vn 0.0775 -0.2156 0.9734
vn 0.0601 -0.1973 0.9785
vn -0.2084 -0.2819 0.9366
vn 0.0627 -0.2003 0.9777
vn 0.0779 -0.2171 0.9730
vn 0.0704 -0.1335 0.9886
vn -0.8927 -0.2437 0.3790
vn -0.8447 -0.3423 0.4114
vn -0.8536 -0.2536 0.4550
vn -0.8901 -0.1428 0.4327
vn -0.8876 -0.1140 0.4462
vn -0.9038 -0.1259 0.4089
vn -0.8673 -0.1640 0.4699
vn -0.9223 -0.1112 0.3701
vn -0.9143 -0.1939 0.3557
vn 0.1385 -0.9381 0.3174
vn 0.1685 -0.9258 0.3383
vn 0.1653 -0.9148 0.3685
vn 0.1299 -0.8960 0.4247
vn 0.2074 -0.8940 0.3971
vn 0.1490 -0.8902 0.4304
vn -0.2122 -0.7623 -0.6115
vn -0.1354 -0.7787 -0.6126
vn -0.1984 -0.7808 -0.5925
vn -0.9084 -0.4147 -0.0530
vn -0.9999 -0.0029 0.0099
vn -0.9658 0.0037 -0.2591
vn 0.4053 -0.8985 0.1683
vn 0.4364 -0.8857 0.1584
vn 0.4134 -0.8904 0.1907
vn 0.3936 -0.8518 -0.3457
vn 0.3915 -0.8470 -0.3597
vn 0.3986 -0.8469 -0.3519
vn 0.7877 -0.5997 -0.1413
vn 0.7881 -0.5981 -0.1454
vn 0.7916 -0.5929 -0.1479
vn 0.4590 -0.5413 -0.7045
vn 0.5516 -0.3429 -0.7604
vn 0.5578 -0.6943 -0.4548
vn 0.9647 0.2109 0.1580
vn 0.9671 0.2063 0.1487
vn 0.9629 0.2205 0.1558
vn 0.7535 0.1524 0.6395
vn 0.7566 0.1562 0.6349
vn 0.7546 0.1636 0.6355
vn 0.6772 0.6936 0.2457
vn 0.7228 0.6490 0.2375
vn 0.6938 0.7060 0.1420
vn -0.3475 0.9261 0.1465
vn -0.3311 0.9305 0.1566
vn -0.3242 0.9379 0.1230
vn 0.1928 0.3790 -0.9051
vn 0.1740 0.3952 -0.9020
vn 0.1975 0.3890 -0.8998
vn -0.3931 -0.8419 0.3697
vn -0.3591 -0.8327 0.4214
vn -0.4073 -0.8199 0.4024
vn 0.0186 0.0018 0.9998
vn 0.0450 -0.0044 0.9990
vn 0.0302 0.0289 0.9991
vn 0.5945 -0.6607 0.4582
vn 0.7019 -0.3014 0.6453
vn 0.5977 0.1166 0.7932
vn -0.9548 -0.0986 0.2805
vn -0.9467 -0.1561 0.2817
vn -0.8718 -0.2215 0.4370
vn -0.8603 -0.0939 0.5010
vn -0.8688 -0.1016 0.4846
vn -0.8426 -0.1277 0.5231
vn -0.7551 -0.2007 0.6242
vn -0.7186 -0.1938 0.6679
vn -0.7184 -0.1785 0.6723
vn 0.2422 -0.6157 0.7498
vn 0.4569 -0.7840 0.4203
vn 0.5486 -0.6357 0.5430
vn 0.1236 -0.8469 0.5171
vn 0.4153 -0.8265 0.3801
vn 0.5356 -0.6533 0.5351
vn 0.1692 0.3139 0.9343
vn 0.1092 0.2261 0.9680
vn 0.2389 0.2524 0.9376
vn 0.7647 -0.2706 0.5848
vn 0.7467 -0.2589 0.6127
vn 0.7443 -0.2808 0.6059
vn -0.3976 -0.3873 0.8318
vn -0.2873 -0.2343 0.9287
vn -0.4032 -0.2087 0.8910
vn -0.3130 -0.1576 0.9366
vn -0.2661 -0.1641 0.9499
vn -0.2769 -0.1309 0.9519
vn -0.8791 -0.2853 0.3817
vn -0.8817 -0.3678 0.2956
vn -0.8244 -0.3474 0.4468
vn -0.3204 -0.9168 0.2385
vn -0.3372 -0.9314 0.1373
vn -0.2597 -0.9315 0.2548
vn -0.6624 -0.6306 0.4046
vn -0.6660 -0.5601 0.4927
vn -0.7401 -0.4965 0.4536
vn -0.8307 0.5359 0.1509
vn -0.8287 0.5314 0.1757
vn -0.8006 0.5880 0.1154
vn -0.9267 0.3743 0.0339
vn -0.9510 0.2959 -0.0894
vn -0.9507 0.3096 0.0164
vn 0.0662 -0.7042 0.7069
vn 0.1490 -0.6661 0.7308
vn 0.0651 -0.6648 0.7442
vn -0.9479 0.0287 0.3173
vn -0.9400 0.0147 0.3408
vn -0.9326 0.0432 0.3584
vn -0.3186 -0.0506 0.9465
vn -0.3011 -0.0812 0.9501
vn -0.2881 -0.0553 0.9560
vn -0.2696 -0.7034 0.6577
vn -0.2661 -0.7395 0.6183
vn -0.2129 -0.7546 0.6207
vn -0.7073 -0.6612 -0.2502
vn -0.6772 -0.6828 -0.2744
vn -0.6803 -0.7204 -0.1353
vn -0.9949 -0.1009 -0.0086
vn -0.9770 -0.2021 0.0684
vn -0.9894 -0.1299 0.0650
vn -0.7217 -0.3751 0.5817
vn -0.7213 -0.3198 0.6144
vn -0.7597 -0.2744 0.5895
vn -0.9162 -0.3383 0.2149
vn -0.9501 -0.1883 0.2487
vn -0.9275 -0.3184 0.1957
vn -0.3100 -0.4878 0.8161
vn -0.1946 -0.4891 0.8502
vn -0.2124 -0.3618 0.9077
vn -0.4467 -0.5828 0.6789
vn -0.4290 -0.7153 0.5516
vn -0.4107 -0.6146 0.6735
vn 0.1629 -0.5578 0.8138
vn 0.3418 -0.4367 0.8321
vn 0.1495 -0.3817 0.9121
vn 0.0245 -0.5754 0.8175
vn 0.2321 -0.3868 0.8925
vn 0.0734 -0.4634 0.8831
vn -0.0339 -0.4933 0.8692
vn 0.2846 -0.6328 0.7201
vn 0.1166 -0.4513 0.8847
vn -0.3251 -0.8113 0.4859
vn -0.2456 -0.8171 0.5216
vn -0.2853 -0.7874 0.5464
vn -0.3326 -0.6279 0.7037
vn -0.2856 -0.7134 0.6399
vn -0.0522 -0.6594 0.7500
vn -0.4804 -0.3976 0.7818
vn -0.4719 -0.4064 0.7824
vn -0.4487 -0.3770 0.8102
vn -0.7030 -0.2409 0.6691
vn -0.7124 -0.1258 0.6904
vn -0.7309 -0.2177 0.6468
vn -0.2493 -0.9387 0.2383
vn -0.2442 -0.9467 0.2102
vn -0.1945 -0.9468 0.2563
vn -0.1962 -0.9708 -0.1385
vn -0.0737 -0.9845 -0.1594
vn -0.2840 -0.9348 0.2133
vn -0.7423 -0.3657 0.5615
vn -0.7541 -0.4424 0.4854
vn -0.7418 -0.3879 0.5471
vn -0.7718 0.4924 -0.4022
vn -0.7450 0.4552 -0.4877
vn -0.8517 0.2553 -0.4576
vn -0.8868 -0.1895 0.4215
vn -0.7889 -0.2419 0.5649
vn -0.8486 -0.1560 0.5055
vn -0.9018 -0.1750 0.3952
vn -0.8724 -0.1962 0.4477
vn -0.8651 -0.1755 0.4698
vn -0.5084 -0.1629 0.8456
vn -0.5405 -0.3482 0.7659
vn -0.4406 -0.3052 0.8443
vn -0.7424 0.0199 0.6697
vn -0.6457 -0.0501 0.7619
vn -0.6378 -0.0278 0.7697
vn 0.1186 -0.8065 0.5793
vn 0.1445 -0.8054 0.5749
vn 0.1645 -0.7901 0.5905
vn -0.6624 0.5539 0.5044
vn -0.6875 0.5383 0.4875
vn -0.6718 0.4887 0.5566
vn -0.0228 0.3493 0.9368
vn -0.1286 0.2962 0.9464
vn 0.0146 0.2283 0.9735
vn -0.6369 0.3609 0.6812
vn -0.7110 0.2163 0.6691
vn -0.5908 0.1905 0.7840
vn -0.6068 0.2014 0.7689
vn -0.6446 0.3124 0.6977
vn -0.6662 0.1662 0.7270
vn -0.6448 0.2020 0.7371
vn -0.6429 0.2629 0.7195
vn -0.9079 0.0430 0.4169
vn -0.9666 0.2553 0.0232
vn -0.9746 0.2110 0.0749
vn -0.9359 0.2749 0.2205
vn -0.7610 0.5156 -0.3937
vn -0.7719 0.5267 -0.3561
vn -0.7403 0.5782 -0.3430
vn -0.7529 0.4704 -0.4603
vn -0.7892 0.4994 -0.3574
vn -0.7863 0.5141 -0.3427
vn -0.9701 0.0527 -0.2367
vn -0.9804 0.0383 -0.1933
vn -0.9728 0.0646 -0.2223
vn -0.7401 0.3869 -0.5500
vn -0.8217 0.3302 -0.4645
vn -0.8305 0.4037 -0.3837
vn -0.8189 0.3641 -0.4436
vn -0.8223 0.1944 -0.5348
vn -0.8333 0.3539 -0.4246
vn -0.8423 0.1943 0.5028
vn -0.8122 0.2062 0.5457
vn -0.8255 0.2429 0.5095
vn -0.9896 0.0303 0.1403
vn -0.9782 -0.1336 0.1588
vn -0.9731 0.0973 0.2088
vn -0.5756 -0.7001 0.4226
vn -0.5447 -0.6283 0.5554
vn -0.5835 -0.6661 0.4645
vn -0.7650 0.4499 -0.4608
vn -0.6669 0.5780 -0.4703
vn -0.5547 0.4873 -0.6744
vn -0.6803 0.6856 -0.2590
vn -0.7932 0.4898 -0.3619
vn -0.8423 0.4650 -0.2728
vn -0.6972 0.4162 -0.5836
vn -0.6885 0.3768 -0.6196
vn -0.7330 0.3845 -0.5612
vn -0.8119 0.2197 -0.5409
vn -0.8473 0.1995 -0.4923
vn -0.8231 0.2446 -0.5125
vn -0.7786 0.4804 -0.4037
vn -0.8144 0.4164 -0.4042
vn -0.8108 0.4670 -0.3528
vn -0.4568 0.6660 -0.5898
vn -0.4277 0.6852 -0.5895
vn -0.4297 0.6755 -0.5992
vn -0.2319 -0.3533 -0.9063
vn -0.3510 -0.5093 -0.7858
vn -0.2548 -0.2427 -0.9360
vn -0.9390 0.1440 -0.3122
vn -0.9785 -0.0631 -0.1964
vn -0.9608 0.1199 -0.2500
vn -0.8738 -0.4569 -0.1669
vn -0.9596 -0.2793 -0.0347
vn -0.9625 -0.2652 -0.0564
vn -0.8314 -0.2272 -0.5071
vn -0.7880 -0.3226 -0.5244
vn -0.8032 -0.3227 -0.5007
vn -0.6599 0.1530 -0.7356
vn -0.6748 0.0725 -0.7344
vn -0.7056 0.0983 -0.7018
vn -0.7064 0.2835 -0.6486
vn -0.6308 0.3433 -0.6959
vn -0.6871 0.2373 -0.6867
vn -0.1847 -0.2290 -0.9557
vn -0.3055 -0.2491 -0.9190
vn -0.1607 -0.1285 -0.9786
vn -0.2389 0.0022 -0.9711
vn -0.1997 0.0301 -0.9794
vn -0.2304 -0.0186 -0.9729
vn -0.0226 0.0936 -0.9954
vn -0.2292 0.0214 -0.9731
vn -0.0692 0.1592 -0.9848
vn -0.2623 0.5284 -0.8075
vn -0.2095 0.5362 -0.8177
vn -0.2087 0.4949 -0.8435
vn -0.3011 0.3215 -0.8978
vn -0.3116 0.2754 -0.9094
vn -0.3644 0.3670 -0.8559
vn -0.3552 0.5432 -0.7607
vn -0.4010 0.5138 -0.7584
vn -0.3695 0.5503 -0.7488
vn -0.8375 -0.0755 -0.5411
vn -0.8032 0.0649 -0.5922
vn -0.7176 -0.1748 -0.6742
vn -0.7448 0.4051 -0.5302
vn -0.7602 0.3488 -0.5482
vn -0.7612 0.4849 -0.4307
vn 0.1779 0.4020 -0.8982
vn -0.1090 0.5704 -0.8141
vn 0.1944 0.4254 -0.8839
vn -0.2756 -0.4655 -0.8411
vn -0.4577 -0.4929 -0.7400
vn -0.4955 -0.4586 -0.7377
vn -0.4382 0.4206 -0.7944
vn -0.2954 0.3502 -0.8889
vn -0.6055 0.3300 -0.7242
vn -0.2645 0.5031 -0.8227
vn -0.4799 0.4154 -0.7728
vn -0.5099 0.5011 -0.6992
vn 0.3224 0.4502 -0.8327
vn 0.4639 0.3131 -0.8287
vn 0.2601 0.4355 -0.8618
vn 0.6192 -0.2145 -0.7554
vn 0.6717 -0.1521 -0.7250
vn 0.6723 -0.1708 -0.7203
vn 0.0445 -0.0267 -0.9987
vn 0.0408 0.0264 -0.9988
vn 0.0456 0.0245 -0.9987
vn 0.3301 0.0219 -0.9437
vn 0.2852 0.0482 -0.9572
vn 0.3201 0.0645 -0.9452
vn -0.3066 -0.4796 -0.8222
vn -0.3401 -0.4603 -0.8200
vn -0.3529 -0.4235 -0.8343
vn 0.2220 0.5084 -0.8320
vn 0.2291 0.5614 -0.7952
vn 0.2795 0.5276 -0.8022
vn 0.3586 0.5008 -0.7878
vn 0.3305 0.5574 -0.7616
vn 0.3625 0.5460 -0.7553
vn -0.0991 0.1788 -0.9789
vn -0.1309 0.1676 -0.9771
vn -0.1211 0.3111 -0.9426
vn -0.7315 0.2145 -0.6472
vn -0.7332 0.1971 -0.6508
vn -0.7423 0.2449 -0.6237
vn -0.3244 -0.3015 -0.8966
vn -0.2602 -0.2874 -0.9218
vn -0.3084 -0.3362 -0.8899
vn -0.1305 -0.1998 -0.9711
vn -0.1718 -0.2092 -0.9627
vn -0.1690 -0.1721 -0.9705
vn 0.4693 -0.2713 -0.8403
vn 0.4892 -0.2241 -0.8429
vn 0.5095 -0.2491 -0.8236
vn 0.6103 -0.1543 -0.7770
vn 0.5876 -0.1231 -0.7997
vn 0.6146 -0.0993 -0.7825
vn 0.7866 -0.1245 -0.6048
vn 0.7889 -0.1134 -0.6040
vn 0.7979 -0.1202 -0.5907
vn 0.1085 0.1217 -0.9866
vn -0.0379 0.0737 -0.9966
vn -0.0569 0.1498 -0.9871
vn 0.7098 -0.6622 0.2403
vn 0.9055 -0.3923 0.1615
vn 0.8216 -0.4528 0.3464
vn 0.4806 -0.4609 -0.7461
vn 0.3910 -0.4458 -0.8052
vn 0.5067 -0.4263 -0.7493
vn 0.4143 -0.0195 -0.9099
vn 0.3693 -0.1816 -0.9114
vn 0.3905 -0.0211 -0.9204
vn 0.2666 -0.8701 -0.4144
vn 0.5200 -0.8541 0.0122
vn 0.4529 -0.8916 -0.0045
vn -0.5373 0.3507 -0.7670
vn -0.6599 0.1402 -0.7381
vn -0.6652 0.3240 -0.6727
vn -0.9069 -0.4132 0.0819
vn -0.9198 -0.3306 0.2112
vn -0.9204 -0.3751 0.1104
vn -0.6119 0.5926 -0.5238
vn -0.3093 0.6416 -0.7019
vn -0.2851 0.6019 -0.7459
vn 0.0489 -0.3396 -0.9393
vn 0.1208 -0.3145 -0.9415
vn 0.1238 -0.3330 -0.9348
vn -0.6115 -0.4489 -0.6515
vn -0.5950 -0.5218 -0.6113
vn -0.6278 -0.5135 -0.5850
vn -0.9514 0.1234 -0.2822
vn -0.9684 0.0683 -0.2401
vn -0.9630 0.1265 -0.2380
vn -0.2574 -0.0419 -0.9654
vn -0.2590 -0.0890 -0.9618
vn -0.2847 -0.0740 -0.9558
vn -0.6092 0.1427 -0.7800
vn -0.6440 0.0873 -0.7600
vn -0.6607 0.1645 -0.7324
vn -0.4101 0.8175 0.4043
vn -0.4082 0.8555 0.3187
vn -0.5374 0.7837 0.3114
vn -0.9410 -0.2286 -0.2496
vn -0.8725 -0.4867 -0.0433
vn -0.9362 -0.3477 -0.0504
vn -0.4238 -0.3420 -0.8387
vn -0.5796 -0.5925 -0.5595
vn -0.6053 -0.5251 -0.5983
vn -0.3331 -0.3735 -0.8658
vn -0.3089 -0.3801 -0.8719
vn -0.3165 -0.4343 -0.8433
vn 0.6975 -0.2518 -0.6709
vn 0.5465 -0.2603 -0.7960
vn 0.6871 -0.1462 -0.7116
vn -0.8137 -0.2699 -0.5148
vn -0.6839 -0.6693 -0.2903
vn -0.8255 -0.4467 -0.3449
vn -0.1352 -0.4425 -0.8865
vn -0.4239 -0.3919 -0.8165
vn -0.3890 -0.3494 -0.8524
vn 0.1092 -0.9916 -0.0697
vn -0.0586 -0.9974 0.0414
vn -0.1984 -0.9799 0.0190
vn 0.4316 0.0698 -0.8994
vn 0.5562 -0.0824 -0.8270
vn 0.3248 -0.0945 -0.9410
vn 0.1443 -0.4526 -0.8800
vn 0.1161 -0.3708 -0.9214
vn 0.1937 -0.4239 -0.8848
vn -0.8000 -0.5018 0.3290
vn -0.7786 -0.5355 0.3270
vn -0.7507 -0.5370 0.3848
vn -0.4929 -0.7992 -0.3441
vn -0.5526 -0.7861 -0.2770
vn -0.5458 -0.7687 -0.3334
vn -0.0349 -0.9443 -0.3273
vn -0.2101 -0.9476 -0.2408
vn -0.0973 -0.9165 -0.3880
vn -0.7771 -0.4137 -0.4743
vn -0.7686 -0.4405 -0.4640
vn -0.8093 -0.4230 -0.4076
vn -0.7575 -0.5423 -0.3634
vn -0.8030 -0.5342 -0.2642
vn -0.8291 -0.4722 -0.2995
vn -0.9818 -0.1858 0.0385
vn -0.9876 -0.1550 0.0262
vn -0.9883 -0.1507 -0.0243
vn -0.6328 -0.1519 -0.7592
vn -0.6238 -0.1758 -0.7615
vn -0.6488 -0.1905 -0.7367
vn -0.4211 -0.6604 -0.6217
vn -0.5497 -0.6760 -0.4907
vn -0.6112 -0.6250 -0.4856
vn -0.6862 -0.7060 -0.1754
vn -0.6893 -0.7023 -0.1779
vn -0.6624 -0.7187 -0.2114
vn -0.4824 -0.7472 -0.4572
vn -0.4791 -0.7910 -0.3805
vn -0.6020 -0.6860 -0.4086
vn -0.3129 0.1884 -0.9309
vn -0.2975 0.1425 -0.9440
vn -0.5456 0.1737 -0.8199
vn -0.0595 -0.4686 -0.8814
vn -0.2720 -0.4256 -0.8631
vn -0.1836 -0.3402 -0.9222
vn -0.1816 -0.4436 -0.8776
vn -0.1409 -0.4643 -0.8744
vn -0.1543 -0.4714 -0.8683
vn 0.9057 0.2695 0.3273
vn 0.9197 0.3082 0.2431
vn 0.9010 0.3189 0.2941
vn 0.3688 -0.8810 -0.2962
vn 0.3599 -0.8650 -0.3497
vn 0.3952 -0.8691 -0.2975
vn 0.5364 -0.7760 0.3317
vn 0.6200 -0.7342 0.2766
vn 0.5564 -0.7284 0.3997
vn 0.9119 -0.3725 0.1723
vn 0.9363 -0.3134 0.1584
vn 0.9066 -0.3612 0.2184
vn 0.9434 0.1747 0.2821
vn 0.9856 0.0546 0.1600
vn 0.9861 0.0913 0.1386
vn 0.7519 0.3013 0.5864
vn 0.7836 0.3009 0.5435
vn 0.7542 0.3217 0.5725
vn 0.6168 -0.1070 0.7798
vn 0.5922 -0.1448 0.7927
vn 0.6340 -0.1798 0.7522
vn 0.3808 -0.7226 0.5769
vn 0.4091 -0.7325 0.5442
vn 0.4104 -0.7039 0.5798
vn 0.6119 -0.4249 0.6671
vn 0.6561 -0.4066 0.6358
vn 0.6188 -0.4089 0.6708
vn 0.9058 -0.3206 0.2769
vn 0.9241 -0.3603 0.1277
vn 0.9268 -0.3530 0.1286
vn 0.7969 0.2107 0.5661
vn 0.7566 0.1665 0.6324
vn 0.7959 0.1460 0.5876
vn -0.4005 0.1774 -0.8989
vn -0.4135 0.1605 -0.8963
vn -0.4167 0.2149 -0.8833
vn 0.8641 -0.2590 0.4315
vn 0.8512 -0.2950 0.4342
vn 0.8960 -0.2590 0.3607
vn 0.4762 -0.7862 0.3939
vn 0.6082 -0.7626 0.2205
vn 0.6454 -0.6975 0.3113
vn 0.6136 -0.7882 -0.0469
vn 0.2846 -0.9310 -0.2286
vn 0.3871 -0.8761 -0.2873
vn 0.9048 -0.2791 -0.3217
vn 0.9836 -0.0292 -0.1780
vn 0.9865 -0.0481 -0.1567
vn -0.5640 -0.7327 0.3808
vn -0.5515 -0.7157 0.4284
vn -0.5765 -0.6714 0.4657
vn 0.1708 -0.7001 0.6933
vn 0.1905 -0.6946 0.6938
vn 0.1772 -0.6473 0.7414
vn 0.9379 -0.3425 -0.0557
vn 0.9322 -0.3515 -0.0859
vn 0.9498 -0.2996 -0.0899
vn 0.9202 -0.3795 -0.0955
vn 0.9377 -0.0384 -0.3453
vn 0.9174 -0.3960 -0.0389
vn 0.9491 -0.3042 0.0820
vn 0.9720 -0.1997 0.1237
vn 0.9561 -0.2488 0.1550
vn 0.4969 0.1698 0.8510
vn 0.7169 -0.2232 0.6605
vn 0.7367 -0.2338 0.6345
vn 0.6090 -0.3305 0.7210
vn 0.9106 -0.1848 0.3696
vn 0.7284 -0.1670 0.6645
vn 0.7254 0.0354 0.6875
vn 0.7154 0.1444 0.6836
vn 0.4918 0.1541 0.8570
vn 0.2976 0.0372 0.9540
vn 0.3490 -0.0672 0.9347
vn 0.5105 0.1985 0.8367
vn 0.9253 -0.0560 0.3752
vn 0.8640 -0.3825 0.3274
vn 0.9150 -0.3047 0.2645
vn 0.7620 -0.2870 0.5805
vn 0.0345 -0.0676 0.9971
vn 0.5445 -0.3658 0.7548
vn 0.9223 -0.0420 0.3842
vn 0.9298 -0.0177 0.3677
vn 0.9166 -0.0316 0.3985
vn 0.8335 0.1369 0.5354
vn 0.8510 0.1179 0.5117
vn 0.8404 0.1482 0.5213
vn 0.9077 -0.2275 0.3527
vn 0.9123 -0.2326 0.3371
vn 0.9101 -0.2227 0.3495
vn 0.0928 -0.6336 0.7681
vn 0.0962 -0.6293 0.7712
vn 0.0934 -0.6221 0.7773
vn 0.9922 0.1145 0.0486
vn 0.9955 0.0809 0.0496
vn 0.9963 0.0737 0.0440
vn 0.9271 0.2709 -0.2589
vn 0.9121 0.2966 -0.2829
vn 0.8974 0.3580 -0.2580
vn 0.4748 -0.8505 -0.2264
vn 0.5161 -0.8388 -0.1737
vn 0.4990 -0.8539 -0.1477
vn 0.9338 0.1106 -0.3402
vn 0.9349 0.0871 -0.3439
vn 0.9266 0.1171 -0.3573
vn 0.9136 0.2030 -0.3522
vn 0.9232 0.1836 -0.3376
vn 0.8928 0.1717 -0.4164
vn 0.5708 0.1006 0.8149
vn 0.5759 0.0693 0.8146
vn 0.6043 0.0443 0.7955
vn 0.5349 0.0556 0.8431
vn 0.5467 0.0363 0.8365
vn 0.5465 0.0817 0.8335
vn 0.4748 -0.5382 0.6964
vn 0.4707 -0.5070 0.7220
vn 0.4409 -0.5260 0.7273
vn 0.4412 0.1870 0.8777
vn 0.4252 0.1989 0.8830
vn 0.4358 0.1646 0.8849
vn 0.1077 -0.4136 0.9041
vn 0.1327 -0.4222 0.8967
vn 0.1268 -0.4104 0.9030
vn -0.3470 -0.1693 0.9225
vn -0.3225 -0.1303 0.9376
vn -0.3880 -0.1418 0.9107
vn -0.3409 -0.7682 0.5419
vn -0.2947 -0.8255 0.4813
vn -0.2542 -0.8158 0.5196
vn 0.4364 -0.8762 -0.2046
vn 0.4701 -0.8590 -0.2029
vn 0.4434 -0.8784 -0.1783
vn 0.6300 -0.6180 -0.4702
vn 0.6023 -0.6231 -0.4990
vn 0.6581 -0.5658 -0.4967
vn -0.6682 -0.7439 0.0111
vn -0.7225 -0.6525 0.2285
vn -0.6801 -0.7330 -0.0110
vn 0.6463 0.3161 -0.6945
vn 0.6755 0.2994 -0.6738
vn 0.6558 0.2753 -0.7030
vn -0.2007 -0.5710 -0.7960
vn -0.0076 -0.5061 -0.8625
vn -0.0766 -0.7894 -0.6091
vn 0.9793 -0.0108 0.2023
vn 0.9925 0.0722 0.0988
vn 0.9830 0.0285 0.1814
vn 0.2755 -0.3134 0.9088
vn 0.4172 -0.4794 0.7721
vn 0.4892 -0.3354 0.8051
vn 0.8553 0.0027 -0.5182
vn 0.9306 -0.0162 -0.3658
vn 0.9151 -0.1896 -0.3558
vn -0.3100 -0.7295 -0.6097
vn -0.0918 -0.6475 -0.7566
vn 0.0283 -0.8285 -0.5593
vn -0.3635 -0.8886 0.2799
vn -0.2796 -0.9233 0.2635
vn -0.3093 -0.9041 0.2947
vn -0.1597 -0.9451 0.2851
vn -0.2741 -0.9003 0.3382
vn -0.2647 -0.9363 0.2307
vn -0.3911 -0.4805 -0.7850
vn -0.3194 -0.5110 -0.7980
vn -0.3948 -0.5576 -0.7302
vn -0.2862 0.2975 0.9108
vn -0.1440 0.3680 0.9186
vn -0.2991 0.3454 0.8895
vn 0.0374 -0.9231 -0.3828
vn 0.1117 -0.9002 -0.4209
vn 0.0990 -0.9157 -0.3894
vn -0.3179 -0.8206 0.4750
vn -0.1783 -0.8329 0.5239
vn -0.2627 -0.7899 0.5542
vn -0.3121 0.3514 0.8827
vn -0.2867 0.3210 0.9027
vn -0.3033 0.3590 0.8827
vn -0.4275 0.2166 0.8777
vn -0.4325 0.1843 0.8826
vn -0.3335 0.1524 0.9303
vn -0.9128 -0.1218 0.3898
vn -0.9265 -0.1165 0.3579
vn -0.9097 -0.1320 0.3936
vn 0.7509 -0.6588 -0.0470
vn 0.7784 -0.6188 -0.1062
vn 0.8379 -0.5454 0.0227
vn -0.3576 0.4594 0.8131
vn -0.3660 0.4166 0.8321
vn -0.2536 0.5599 0.7888
vn 0.9045 -0.3989 -0.1509
vn 0.9462 -0.3067 -0.1030
vn 0.9390 -0.3435 0.0168
vn 0.6829 -0.7291 0.0460
vn 0.9119 -0.4016 0.0848
vn 0.8732 -0.4565 0.1706
vn 0.6773 0.0849 0.7308
vn 0.7452 0.0010 0.6668
vn 0.7127 0.0855 0.6963
vn 0.6045 -0.4529 0.6553
vn 0.8634 -0.4807 0.1533
vn 0.5685 -0.3496 0.7447
vn 0.9103 0.0543 -0.4103
vn 0.9143 0.0471 -0.4023
vn 0.9038 0.0135 -0.4278
vn 0.2869 -0.9283 -0.2365
vn 0.2850 -0.9329 -0.2201
vn 0.2394 -0.9395 -0.2449
vn 0.5626 -0.8144 -0.1423
vn 0.4964 -0.8530 -0.1612
vn 0.5293 -0.8207 -0.2150
vn 0.7939 -0.3688 -0.4835
vn 0.8041 -0.3457 -0.4837
vn 0.8337 -0.3554 -0.4227
vn 0.9572 -0.0604 0.2831
vn 0.9867 -0.0782 0.1425
vn 0.9748 0.0067 0.2230
vn 0.6867 0.7255 0.0460
vn 0.6313 0.7246 0.2764
vn 0.8352 0.5396 0.1060
vn -0.2312 -0.9084 -0.3483
vn -0.0729 -0.9420 -0.3275
vn -0.2813 -0.9394 -0.1961
vn -0.5055 0.5228 0.6864
vn -0.5689 0.4770 0.6699
vn -0.4846 0.4625 0.7425
vn -0.1600 0.2774 0.9473
vn -0.1429 0.3026 0.9424
vn -0.1699 0.3134 0.9343
vn 0.4270 -0.0086 0.9042
vn 0.3098 0.2176 0.9256
vn 0.0898 -0.1592 0.9831
vn -0.5737 -0.3470 0.7419
vn -0.5132 -0.3883 0.7654
vn -0.5377 -0.3070 0.7853
vn -0.3529 -0.5854 0.7299
vn -0.3325 -0.5655 0.7548
vn -0.3486 -0.5587 0.7526
vn -0.4767 -0.5248 0.7052
vn -0.3243 -0.5948 0.7356
vn -0.2371 -0.5262 0.8166
vn 0.0528 0.6784 0.7328
vn 0.0015 0.5167 0.8562
vn 0.1214 0.6173 0.7773
vn 0.6150 0.2647 0.7428
vn 0.3655 0.5094 0.7790
vn 0.4571 0.3265 0.8273
vn -0.5561 -0.3250 0.7649
vn -0.6123 -0.3003 0.7314
vn -0.5880 -0.3533 0.7276
vn -0.7518 -0.2196 0.6218
vn -0.6495 -0.2055 0.7321
vn -0.7380 -0.1863 0.6485
vn -0.6294 0.7492 0.2064
vn -0.6463 0.7227 0.2451
vn -0.5957 0.7653 0.2439
vn -0.7686 0.5614 0.3068
vn -0.8382 0.5056 0.2047
vn -0.8360 0.4901 0.2470
vn -0.1011 0.1675 0.9807
vn -0.0216 0.1627 0.9864
vn -0.0435 0.1922 0.9804
vn -0.7383 0.3391 0.5831
vn -0.7956 0.2601 0.5472
vn -0.6822 0.3222 0.6564
vn -0.5616 -0.3544 0.7477
vn -0.5901 -0.5130 0.6233
vn -0.4789 -0.5208 0.7067
vn -0.5373 -0.2388 0.8089
vn -0.5103 -0.1448 0.8477
vn -0.6380 -0.1407 0.7571
vn 0.4089 0.1564 0.8991
vn 0.4306 0.1886 0.8826
vn 0.3467 0.1167 0.9307
vn -0.0644 0.6017 0.7961
vn -0.0486 0.5775 0.8149
vn 0.0038 0.5880 0.8089
vn -0.7376 0.4728 0.4821
vn -0.8674 0.2621 0.4230
vn -0.7439 0.1907 0.6405
vn 0.1272 0.6699 0.7315
vn 0.0330 0.7311 0.6815
vn 0.0984 0.5682 0.8170
vn -0.6795 0.5830 0.4454
vn -0.6504 0.5859 0.4835
vn -0.6836 0.6083 0.4033
vn -0.6921 0.4720 0.5460
vn -0.7017 0.4403 0.5601
vn -0.6619 0.4859 0.5707
vn -0.1171 0.7645 0.6339
vn -0.1311 0.7539 0.6438
vn -0.1110 0.7522 0.6495
vn -0.1358 0.6007 0.7879
vn -0.1226 0.5510 0.8255
vn -0.0989 0.6121 0.7846
vn -0.0452 0.8137 0.5796
vn -0.0057 0.8407 0.5414
vn -0.0580 0.8340 0.5487
vn -0.1350 0.6718 0.7283
vn -0.1830 0.6612 0.7276
vn -0.2231 0.6148 0.7565
vn -0.2030 0.5522 0.8086
vn -0.1199 0.5374 0.8348
vn -0.2108 0.6063 0.7668
vn -0.0414 0.8550 0.5170
vn -0.0344 0.8373 0.5457
vn 0.0012 0.8581 0.5134
vn -0.1107 0.8108 0.5747
vn -0.1425 0.8313 0.5372
vn -0.1926 0.8018 0.5657
vn 0.0372 0.4827 0.8750
vn 0.1126 0.4812 0.8693
vn 0.1466 0.5533 0.8200
vn -0.0195 0.4874 0.8730
vn 0.1248 0.4173 0.9001
vn 0.2071 0.5307 0.8219
vn -0.3613 0.4299 0.8274
vn -0.4040 0.4223 0.8114
vn -0.3703 0.4049 0.8360
vn 0.3181 0.8506 0.4186
vn 0.3016 0.8812 0.3642
vn 0.2779 0.8613 0.4253
vn 0.4414 0.6710 0.5958
vn 0.5271 0.6084 0.5934
vn 0.4828 0.6848 0.5458
vn 0.5890 -0.5131 0.6244
vn 0.5805 -0.5399 0.6095
vn 0.5967 -0.5139 0.6163
vn 0.5710 -0.3211 0.7555
vn 0.5520 -0.3628 0.7508
vn 0.6344 -0.3197 0.7038
vn 0.2609 -0.2088 0.9425
vn 0.2367 -0.2263 0.9449
vn 0.3301 -0.2275 0.9161
vn -0.5828 -0.1450 0.7996
vn -0.5487 -0.1443 0.8235
vn -0.5587 -0.0536 0.8276
vn 0.2528 -0.9675 -0.0068
vn 0.2758 -0.9612 0.0038
vn 0.2361 -0.9705 0.0477
vn -0.8103 -0.5010 0.3041
vn -0.7895 -0.5026 0.3523
vn -0.8021 -0.4826 0.3517
vn -0.0255 0.0797 0.9965
vn 0.0328 0.1249 0.9916
vn -0.0524 0.1482 0.9876
vn -0.5093 -0.5259 0.6812
vn -0.5314 -0.5857 0.6120
vn -0.4428 -0.6422 0.6257
vn -0.7442 -0.5661 0.3545
vn -0.7372 -0.5542 0.3865
vn -0.8026 -0.5215 0.2896
vn -0.0853 -0.9936 0.0734
vn 0.0448 -0.9941 0.0992
vn -0.0502 -0.9588 0.2795
vn 0.5446 -0.6189 0.5660
vn 0.7896 -0.4304 0.4373
vn 0.7725 -0.3198 0.5487
vn -0.4760 -0.7132 0.5146
vn -0.3786 -0.7446 0.5498
vn -0.4786 -0.6604 0.5787
vn 0.0879 -0.9956 -0.0330
vn 0.1287 -0.9907 -0.0435
vn -0.0767 -0.9924 0.0965
vn 0.6450 0.0505 0.7625
vn 0.6812 -0.1338 0.7197
vn 0.6872 0.1387 0.7131
vn 0.9991 -0.0085 0.0405
vn 0.9892 -0.0899 0.1157
vn 0.9995 -0.0315 0.0062
vn 0.8742 -0.4175 0.2479
vn 0.5104 -0.7084 -0.4874
vn 0.8321 -0.4703 -0.2940
vn -0.3160 -0.9262 -0.2057
vn -0.3356 -0.9267 -0.1690
vn -0.4139 -0.8910 -0.1865
vn 0.7984 -0.4358 0.4155
vn 0.8560 -0.3585 0.3725
vn 0.8547 -0.2465 0.4569
vn 0.0503 -0.8736 0.4841
vn 0.1879 -0.8246 0.5336
vn 0.0284 -0.7895 0.6131
vn -0.6859 0.4251 0.5906
vn -0.6842 0.4202 0.5961
vn -0.6408 0.4294 0.6363
vn 0.6024 0.0538 0.7964
vn 0.4754 0.1259 0.8707
vn 0.4485 0.1028 0.8879
vn 0.3621 -0.3581 0.8606
vn 0.3800 -0.3154 0.8696
vn 0.3506 -0.3505 0.8685
vn 0.6300 -0.5379 0.5601
vn 0.5983 -0.5200 0.6097
vn 0.6146 -0.5594 0.5562
vn -0.4546 -0.1995 0.8680
vn -0.5265 -0.1646 0.8341
vn -0.4951 -0.2460 0.8333
vn -0.7262 0.1755 0.6647
vn -0.7011 0.1361 0.6999
vn -0.7164 0.1847 0.6728
vn -0.6904 -0.5991 0.4054
vn -0.4524 -0.6510 0.6095
vn -0.4373 -0.4491 0.7791
vn -0.0845 -0.8069 0.5845
vn -0.0801 -0.7957 0.6004
vn -0.1571 -0.7478 0.6451
vn 0.5750 -0.3380 0.7451
vn 0.5274 -0.3077 0.7919
vn 0.5169 -0.3380 0.7865
vn 0.2790 -0.1914 0.9410
vn 0.2971 -0.2408 0.9240
vn 0.3222 -0.1796 0.9295
vn 0.1413 0.7226 0.6767
vn 0.2173 0.6999 0.6804
vn 0.2302 0.7230 0.6514
vn 0.4682 -0.8207 0.3275
vn 0.4519 -0.8363 0.3103
vn 0.5364 -0.7954 0.2822
vn 0.4033 -0.8224 0.4013
vn 0.4419 -0.7837 0.4365
vn 0.4195 -0.7875 0.4515
vn 0.3699 -0.9290 -0.0113
vn 0.3459 -0.9382 0.0091
vn 0.3321 -0.9430 -0.0219
vn -0.7301 -0.5937 0.3383
vn -0.7730 -0.5405 0.3322
vn -0.7492 -0.5896 0.3017
vn -0.5455 -0.7542 -0.3654
vn -0.5360 -0.7761 -0.3321
vn -0.5589 -0.7643 -0.3218
vn -0.3154 -0.0653 0.9467
vn -0.3267 -0.1388 0.9349
vn -0.2824 -0.1158 0.9523
vn -0.4622 0.4049 0.7890
vn -0.4514 0.4598 0.7648
vn -0.4758 0.4504 0.7555
vn -0.4320 -0.8441 0.3175
vn -0.3864 -0.8521 0.3529
vn -0.4595 -0.8077 0.3695
vn -0.7682 -0.5993 0.2252
vn -0.7285 -0.5669 0.3845
vn -0.7979 -0.4423 0.4095
vn -0.4036 -0.7241 -0.5592
vn -0.4595 -0.7626 -0.4553
vn -0.4949 -0.7348 -0.4639
vn -0.6584 -0.5957 -0.4601
vn -0.6265 -0.5386 -0.5633
vn -0.6576 -0.6198 -0.4283
vn -0.3037 -0.1826 -0.9351
vn -0.4739 -0.2065 -0.8560
vn -0.2927 -0.0855 -0.9524
vn -0.9689 -0.2190 0.1153
vn -0.9707 -0.2281 0.0751
vn -0.9577 -0.2544 0.1341
vn -0.9368 -0.1262 -0.3263
vn -0.7876 -0.1027 -0.6075
vn -0.9437 -0.2751 -0.1836
vn -0.8335 0.2287 -0.5029
vn -0.7093 0.2062 -0.6741
vn -0.7379 0.1137 -0.6653
vn -0.5117 0.3962 -0.7623
vn -0.5174 0.2628 -0.8144
vn -0.6842 0.3638 -0.6321
vn -0.9963 0.0764 -0.0395
vn -0.9972 0.0095 0.0743
vn -0.9866 0.0998 0.1288
vn -0.0787 0.9883 -0.1306
vn -0.1501 0.9836 -0.0998
vn -0.1330 0.9911 0.0006
vn -0.8412 0.5340 0.0849
vn -0.8641 0.4613 -0.2014
vn -0.8826 0.4091 -0.2317
vn -0.7066 0.6866 -0.1709
vn -0.6442 0.6947 -0.3201
vn -0.7233 0.6540 -0.2215
vn -0.6869 0.7003 -0.1944
vn -0.6903 0.6846 -0.2342
vn -0.7089 0.6742 -0.2072
vn -0.6080 0.7421 -0.2821
vn -0.6590 0.6932 -0.2918
vn -0.6540 0.7129 -0.2532
vn -0.6866 0.6671 -0.2891
vn -0.6543 0.7125 -0.2534
vn -0.6474 0.6902 -0.3232
vn -0.5074 0.7841 -0.3573
vn -0.5453 0.6982 -0.4638
vn -0.5545 0.7360 -0.3884
vn -0.6749 0.4411 -0.5915
vn -0.6711 0.4995 -0.5478
vn -0.5719 0.4849 -0.6616
vn -0.8499 0.3198 -0.4188
vn -0.8142 0.3066 -0.4930
vn -0.8281 0.2429 -0.5052
vn -0.5452 0.7681 -0.3357
vn -0.5035 0.7961 -0.3357
vn -0.5788 0.7185 -0.3858
vn -0.4460 -0.2503 -0.8593
vn -0.5142 -0.2454 -0.8218
vn -0.5163 -0.2258 -0.8261
vn 0.0738 0.5610 -0.8245
vn 0.2087 0.5304 -0.8217
vn 0.1551 0.4432 -0.8829
vn 0.0031 -0.7388 -0.6740
vn 0.0209 -0.8556 -0.5171
vn -0.0925 -0.7673 -0.6346
vn 0.0575 0.2128 -0.9754
vn 0.1543 0.2630 -0.9524
vn 0.1839 0.1638 -0.9692
vn 0.9054 -0.2960 0.3042
vn 0.9244 -0.2114 0.3173
vn 0.8860 -0.2584 0.3849
vn 0.8963 -0.2883 0.3371
vn 0.8782 -0.3360 0.3403
vn 0.9099 -0.2945 0.2922
vn -0.2411 -0.9600 -0.1424
vn -0.2757 -0.9569 0.0911
vn -0.3487 -0.9372 -0.0026
vn 0.8960 0.1463 -0.4193
vn 0.8222 0.2810 -0.4950
vn 0.8330 0.3562 -0.4233
vn -0.0416 -0.9925 0.1151
vn -0.0453 -0.9982 -0.0394
vn 0.3059 -0.9495 0.0701
vn 0.9538 0.1304 -0.2706
vn 0.9557 0.0969 -0.2778
vn 0.9421 0.1390 -0.3052
vn 0.9385 0.1489 -0.3117
vn 0.9488 0.1332 -0.2863
vn 0.9398 0.1060 -0.3248
vn -0.2268 0.8322 0.5060
vn -0.2983 0.8002 0.5202
vn -0.2323 0.8011 0.5516
vn -0.9666 0.1600 0.2000
vn -0.9599 0.1511 0.2362
vn -0.9579 0.1639 0.2356
vn -0.6577 0.6744 0.3356
vn -0.6514 0.6270 0.4272
vn -0.5709 0.7293 0.3770
vn -0.4765 0.8424 0.2517
vn -0.4977 0.8347 0.2357
vn -0.4908 0.8221 0.2886
vn -0.6581 0.6753 0.3331
vn -0.7177 0.5860 0.3762
vn -0.5846 0.6000 0.5461
vn -0.3019 0.7721 0.5592
vn -0.3496 0.7660 0.5394
vn -0.3503 0.7470 0.5650
vn -0.5013 0.6800 0.5351
vn -0.5169 0.6738 0.5280
vn -0.4986 0.6570 0.5654
vn -0.1592 0.9294 0.3330
vn -0.1667 0.9500 0.2640
vn -0.2088 0.9347 0.2876
vn 0.0704 0.8638 0.4989
vn 0.0626 0.8740 0.4819
vn 0.0002 0.8704 0.4923
vn 0.0144 0.8944 0.4470
vn 0.0140 0.9158 0.4014
vn -0.0088 0.8956 0.4448
vn -0.4253 0.7204 0.5478
vn -0.4666 0.7143 0.5216
vn -0.4510 0.6987 0.5553
vn -0.0621 0.8573 0.5111
vn -0.0887 0.8621 0.4988
vn -0.0882 0.8325 0.5469
vn -0.2737 0.8996 0.3403
vn -0.2517 0.9336 0.2548
vn -0.2843 0.9207 0.2674
vn -0.4287 0.7826 0.4513
vn -0.3840 0.8356 0.3929
vn -0.4182 0.8384 0.3495
vn -0.4954 0.7084 0.5028
vn -0.5604 0.6486 0.5149
vn -0.4942 0.6448 0.5831
vn -0.8012 0.4478 -0.3970
vn -0.7891 0.4340 -0.4347
vn -0.8179 0.4105 -0.4032
vn 0.3566 0.9339 0.0257
vn 0.3099 0.9452 -0.1024
vn 0.2597 0.9620 -0.0848
vn -0.5180 0.8153 0.2587
vn -0.5863 0.7564 0.2898
vn -0.5543 0.7612 0.3367
vn -0.5588 0.5824 0.5904
vn -0.4680 0.6402 0.6092
vn -0.5295 0.6232 0.5756
vn -0.4429 0.5374 0.7177
vn -0.3767 0.5519 0.7440
vn -0.3465 0.6077 0.7146
vn -0.5025 0.7284 0.4658
vn -0.5549 0.7161 0.4234
vn -0.5630 0.6680 0.4866
vn -0.3980 0.3663 0.8411
vn -0.3142 0.2347 0.9199
vn -0.2681 0.2365 0.9339
vn -0.0370 0.6891 0.7237
vn -0.0171 0.6748 0.7378
vn -0.0243 0.7064 0.7074
vn -0.4003 0.5820 0.7078
vn -0.4717 0.6311 0.6158
vn -0.4110 0.5143 0.7527
vn -0.8016 0.0927 0.5906
vn -0.8476 0.0904 0.5229
vn -0.8022 0.0491 0.5950
vn -0.2268 0.6606 0.7157
vn -0.3777 0.6940 0.6129
vn -0.3029 0.6056 0.7358
vn -0.4976 0.5592 0.6630
vn -0.5454 0.5026 0.6707
vn -0.4395 0.4941 0.7501
vn -0.0994 0.9120 0.3980
vn 0.0605 0.9212 0.3845
vn -0.0074 0.9484 0.3170
vn -0.1868 0.7681 0.6124
vn -0.2644 0.6989 0.6646
vn -0.1367 0.7726 0.6200
vn -0.6194 0.3885 0.6822
vn -0.7711 0.3802 0.5108
vn -0.7576 0.3438 0.5548
vn -0.4588 -0.8853 0.0763
vn -0.5054 -0.8613 -0.0523
vn -0.4460 -0.8889 -0.1045
vn 0.9740 -0.2209 0.0499
vn 0.9903 -0.1388 -0.0095
vn 0.9937 -0.0661 0.0909
vn 0.5104 -0.7330 0.4496
vn 0.4679 -0.7793 0.4169
vn 0.5421 -0.7467 0.3854
vn -0.4180 -0.9069 0.0540
vn -0.4400 -0.8960 0.0604
vn -0.4367 -0.8986 0.0420
vn -0.1917 -0.9682 0.1607
vn -0.0375 -0.9939 0.1042
vn -0.1771 -0.9702 0.1652
vn -0.2523 -0.1830 0.9502
vn -0.2481 -0.1995 0.9480
vn -0.2200 -0.1920 0.9564
vn -0.2324 -0.2053 0.9507
vn -0.1962 -0.1774 0.9644
vn -0.2186 -0.1746 0.9601
vn -0.4166 -0.1973 0.8874
vn -0.3913 -0.2230 0.8928
vn -0.3884 -0.2025 0.8990
vn -0.3036 0.0646 0.9506
vn -0.2956 0.0109 0.9552
vn -0.2275 0.0044 0.9738
vn 0.4971 -0.7376 0.4570
vn 0.4806 -0.5804 0.6574
vn 0.2476 -0.7473 0.6166
vn 0.8493 0.3489 0.3962
vn 0.9291 0.2790 0.2427
vn 0.9125 0.3392 0.2288
vn 0.7035 0.3475 0.6200
vn 0.6125 0.4748 0.6320
vn 0.5197 0.3987 0.7556
vn 0.4449 0.2261 0.8666
vn 0.4063 0.2126 0.8887
vn 0.4596 0.2092 0.8631
vn -0.0362 0.0236 0.9991
vn -0.0149 -0.0052 0.9999
vn -0.0012 0.0163 0.9999
vn 0.4917 0.1743 0.8531
vn 0.5154 0.2402 0.8226
vn 0.4528 0.2326 0.8607
vn -0.3473 -0.8833 -0.3149
vn -0.2422 -0.9494 -0.2002
vn -0.4069 -0.8565 -0.3176
vn -0.2356 0.0486 -0.9706
vn -0.2370 -0.1557 -0.9589
vn -0.2745 -0.1470 -0.9503
vn 0.0839 -0.7110 0.6982
vn 0.2101 -0.6985 0.6841
vn -0.1034 -0.6073 0.7877
vn 0.1806 -0.8214 0.5411
vn 0.2467 -0.6429 0.7251
vn 0.1004 -0.7508 0.6528
vn -0.0704 -0.8394 0.5389
vn 0.1765 -0.6624 0.7281
vn 0.1457 -0.6436 0.7513
vn -0.3753 -0.8131 0.4450
vn -0.3406 -0.8251 0.4508
vn -0.4463 -0.7630 0.4676
vn 0.1569 -0.6877 -0.7088
vn 0.2747 -0.8305 -0.4846
vn -0.0074 -0.7695 -0.6386
vn -0.4698 -0.7414 0.4792
vn -0.6318 -0.5000 0.5923
vn -0.6518 -0.4994 0.5708
vn -0.7857 -0.5860 -0.1983
vn -0.7638 -0.6429 -0.0565
vn -0.8056 -0.5923 -0.0175
vn -0.5514 -0.8250 0.1240
vn -0.6331 -0.7725 0.0491
vn -0.5317 -0.8464 -0.0302
vn 0.7175 -0.0464 0.6950
vn 0.7198 -0.1231 0.6831
vn 0.7649 -0.1228 0.6323
vn -0.9908 -0.1250 0.0513
vn -0.9914 -0.1028 0.0809
vn -0.9982 0.0233 0.0549
vn -0.2393 -0.3571 0.9029
vn -0.2242 -0.2452 0.9432
vn -0.2564 -0.2902 0.9220
vn 0.6576 -0.1015 0.7465
vn 0.6752 -0.0517 0.7358
vn 0.6679 -0.0258 0.7438
vn 0.5351 -0.5702 0.6233
vn 0.5756 -0.6756 0.4607
vn 0.6345 -0.4350 0.6389
vn -0.5235 -0.7066 -0.4762
vn -0.5352 -0.7159 -0.4484
vn -0.5488 -0.6772 -0.4902
vn -0.2474 -0.3913 -0.8864
vn -0.0362 -0.3915 -0.9195
vn -0.2116 -0.4308 -0.8773
vn -0.5309 -0.7293 -0.4316
vn -0.5125 -0.7168 -0.4729
vn -0.5133 -0.7387 -0.4368
vn 0.6281 -0.6334 -0.4519
vn 0.6581 -0.5574 -0.5062
vn 0.6884 -0.5360 -0.4888
vn 0.6531 -0.5893 -0.4756
vn 0.6900 -0.4721 -0.5487
vn 0.6977 -0.5398 -0.4710
vn 0.9809 -0.1741 -0.0870
vn 0.9700 -0.2186 -0.1068
vn 0.9770 -0.1734 -0.1241
vn 0.8431 -0.2234 -0.4892
vn 0.8957 -0.0824 -0.4369
vn 0.9214 -0.0859 -0.3789
vn 0.8346 -0.2886 -0.4692
vn 0.9177 -0.2148 -0.3342
vn 0.9016 -0.2971 -0.3144
vn 0.9654 -0.0069 0.2607
vn 0.9781 -0.1007 0.1822
vn 0.9730 0.0333 0.2282
vn 0.7744 -0.3284 -0.5408
vn 0.8487 -0.0896 -0.5213
vn 0.9053 -0.0160 -0.4246
vn -0.2109 -0.9775 0.0087
vn 0.0044 -0.9967 0.0810
vn -0.1998 -0.9785 0.0506
vn 0.5197 -0.0421 -0.8533
vn 0.5112 -0.0600 -0.8574
vn 0.5188 -0.0405 -0.8540
vn 0.2859 -0.2770 -0.9174
vn 0.2418 -0.2089 -0.9476
vn 0.3043 -0.1239 -0.9445
vn 0.6185 -0.1919 -0.7620
vn 0.5869 0.0053 -0.8097
vn 0.6603 -0.0237 -0.7506
vn -0.9401 -0.0187 -0.3403
vn -0.9428 -0.0233 -0.3326
vn -0.9469 -0.0030 -0.3214
vn -0.4436 0.1704 -0.8799
vn -0.4995 0.2396 -0.8325
vn -0.4573 0.3201 -0.8297
vn 0.1116 -0.3282 -0.9380
vn 0.0137 -0.4325 -0.9015
vn -0.0084 -0.2481 -0.9687
vn -0.6768 -0.5846 -0.4474
vn -0.6709 -0.6146 -0.4150
vn -0.7131 -0.5622 -0.4188
vn -0.7359 0.3716 0.5660
vn -0.6627 0.2826 0.6935
vn -0.6725 0.4136 0.6137
vn -0.9474 -0.2519 -0.1974
vn -0.9649 -0.1811 -0.1901
vn -0.9626 -0.1507 -0.2252
vn -0.9941 0.1077 -0.0125
vn -0.9961 0.0827 0.0311
vn -0.9916 0.0936 0.0891
vn -0.8631 -0.1121 -0.4925
vn -0.8389 0.2080 -0.5030
vn -0.7734 0.2025 -0.6007
vn -0.3879 -0.5313 -0.7532
vn -0.3600 -0.5693 -0.7391
vn -0.4279 -0.5343 -0.7290
vn -0.9290 -0.1608 0.3333
vn -0.9082 -0.2276 0.3512
vn -0.9077 -0.2126 0.3618
vn -0.5060 0.2782 -0.8164
vn -0.4639 0.2420 -0.8522
vn -0.4946 0.2347 -0.8368
vn -0.9764 -0.1072 -0.1876
vn -0.8340 -0.2710 -0.4806
vn -0.9429 -0.2686 -0.1970
vn -0.6140 0.3342 -0.7151
vn -0.7347 0.1163 -0.6684
vn -0.5954 0.4177 -0.6863
vn -0.9481 0.2921 -0.1260
vn -0.9485 0.2979 -0.1079
vn -0.9468 0.2984 -0.1208
vn -0.7888 0.5826 -0.1959
vn -0.7724 0.5762 -0.2671
vn -0.8162 0.5456 -0.1902
vn -0.8110 0.5515 -0.1955
vn -0.8129 0.5552 -0.1761
vn -0.7639 0.5997 -0.2384
vn -0.7767 -0.6102 0.1566
vn -0.4589 -0.8147 -0.3545
vn -0.7045 -0.6690 0.2370
vn -0.6282 -0.7748 0.0710
vn -0.6277 -0.7692 0.1199
vn -0.6463 -0.7568 0.0978
vn -0.7243 -0.4920 0.4831
vn -0.6230 -0.5705 0.5352
vn -0.7231 -0.4853 0.4915
vn -0.8199 0.2360 -0.5216
vn -0.8121 0.1815 -0.5546
vn -0.8274 0.2094 -0.5212
vn -0.9618 -0.0825 0.2611
vn -0.9254 -0.2440 0.2900
vn -0.9418 -0.1236 0.3127
vn -0.7326 -0.6679 0.1313
vn -0.7375 -0.6703 0.0819
vn -0.6506 -0.7412 0.1652
vn -0.2348 -0.2225 -0.9462
vn -0.2567 -0.1231 -0.9586
vn -0.1609 -0.2405 -0.9572
vn -0.3920 0.0825 -0.9162
vn -0.6432 0.0758 -0.7619
vn -0.4186 0.1658 -0.8929
vn 0.9341 0.1788 -0.3091
vn 0.9317 0.1466 -0.3324
vn 0.9313 0.1865 -0.3130
vn 0.7896 -0.1093 0.6038
vn 0.8040 -0.1006 0.5861
vn 0.8065 -0.0465 0.5894
vn 0.9541 -0.1043 -0.2806
vn 0.9221 -0.1702 -0.3475
vn 0.9328 -0.0580 -0.3556
vn 0.8326 -0.1142 -0.5419
vn 0.8601 -0.0927 -0.5016
vn 0.8333 -0.1200 -0.5396
vn 0.5683 -0.0267 -0.8224
vn 0.5814 -0.0232 -0.8133
vn 0.5696 -0.0423 -0.8208
vn 0.5684 -0.0120 -0.8227
vn 0.5821 -0.0224 -0.8128
vn 0.6035 -0.2444 -0.7590
vn 0.5577 -0.4767 -0.6795
vn 0.5523 -0.4036 -0.7294
vn 0.5908 -0.4581 -0.6641
vn 0.7547 0.0312 -0.6553
vn 0.7168 0.0234 -0.6969
vn 0.7411 0.0740 -0.6673
vn 0.7955 0.2781 -0.5385
vn 0.7926 0.2178 -0.5695
vn 0.7591 0.3532 -0.5468
vn 0.6920 0.3108 -0.6515
vn 0.6961 0.3803 -0.6089
vn 0.7509 0.3236 -0.5758
vn 0.6779 -0.2014 -0.7070
vn 0.6341 0.0269 -0.7728
vn 0.6847 0.0427 -0.7275
vn 0.6024 0.2361 -0.7625
vn 0.5809 0.2119 -0.7859
vn 0.5756 0.2537 -0.7774
vn 0.3642 -0.0833 -0.9276
vn 0.3837 -0.0176 -0.9233
vn 0.4133 -0.1399 -0.8998
vn 0.8690 -0.2184 -0.4440
vn 0.9093 -0.1383 -0.3924
vn 0.9266 -0.1519 -0.3441
vn 0.5792 -0.7304 0.3620
vn 0.5569 -0.7664 0.3201
vn 0.6502 -0.7067 0.2790
vn 0.6586 -0.6717 0.3393
vn 0.5400 -0.7160 0.4423
vn 0.6699 -0.7214 0.1759
vn -0.0071 -0.0110 -0.9999
vn -0.0699 -0.0021 -0.9976
vn -0.0864 0.0146 -0.9962
vn 0.3456 -0.5477 -0.7619
vn 0.1606 -0.5100 -0.8451
vn 0.2325 -0.4761 -0.8481
vn 0.7153 0.3776 -0.5880
vn 0.7007 0.4936 -0.5151
vn 0.7210 0.4651 -0.5137
vn 0.7979 0.3839 -0.4648
vn 0.7358 0.4838 -0.4739
vn 0.7661 0.4778 -0.4299
vn 0.9220 -0.0317 -0.3859
vn 0.9256 -0.0221 -0.3779
vn 0.9562 -0.0030 -0.2928
vn 0.8717 -0.4670 -0.1484
vn 0.8389 -0.4339 -0.3287
vn 0.8903 -0.4153 -0.1865
vn -0.2716 -0.9519 -0.1420
vn -0.2578 -0.9594 -0.1141
vn -0.3056 -0.9445 -0.1207
vn 0.5460 -0.7015 -0.4580
vn 0.5391 -0.7139 -0.4469
vn 0.4560 -0.7340 -0.5032
vn 0.9106 -0.3786 -0.1657
vn 0.8577 -0.4711 -0.2059
vn 0.8720 -0.4323 -0.2296
vn 0.3746 -0.9238 -0.0789
vn 0.4006 -0.9144 0.0579
vn 0.3690 -0.9292 -0.0228
vn 0.5798 0.2656 -0.7703
vn 0.5134 0.3360 -0.7897
vn 0.6390 0.3819 -0.6677
vn 0.8591 -0.2995 -0.4149
vn 0.8966 -0.2366 -0.3742
vn 0.8745 -0.2870 -0.3910
vn 0.4209 0.0882 -0.9028
vn 0.2882 -0.0123 -0.9575
vn 0.2752 0.0624 -0.9593
vn -0.6796 -0.2321 -0.6959
vn -0.8782 -0.0517 -0.4755
vn -0.8756 0.0263 -0.4823
vn 0.2821 0.0169 -0.9592
vn 0.2836 0.0123 -0.9589
vn 0.1948 -0.0150 -0.9807
vn -0.9857 -0.1642 -0.0375
vn -0.9669 -0.2430 0.0775
vn -0.9985 0.0397 -0.0373
vn -0.7121 -0.0075 -0.7020
vn -0.5878 0.0444 -0.8078
vn -0.6786 -0.0367 -0.7336
vn -0.5787 0.3476 -0.7377
vn -0.4994 0.0044 -0.8664
vn -0.6620 0.2075 -0.7203
vn -0.8584 0.4069 -0.3125
vn -0.8638 0.4423 -0.2413
vn -0.8430 0.4314 -0.3214
vn -0.7796 -0.4987 -0.3787
vn -0.7598 -0.5212 -0.3886
vn -0.7671 -0.5337 -0.3560
vn -0.6661 -0.6192 -0.4159
vn -0.6292 -0.6425 -0.4373
vn -0.6705 -0.6363 -0.3814
vn -0.6908 0.2649 -0.6728
vn -0.7260 0.2550 -0.6387
vn -0.7118 0.2765 -0.6457
vn -0.8007 -0.1660 -0.5756
vn -0.8174 -0.2410 -0.5232
vn -0.8163 -0.1758 -0.5502
vn -0.5032 -0.0829 -0.8602
vn -0.5286 -0.0690 -0.8460
vn -0.5253 -0.0539 -0.8492
vn -0.6292 0.1949 -0.7524
vn -0.6404 0.1738 -0.7481
vn -0.6539 0.1815 -0.7345
vn 0.9295 0.3682 -0.0207
vn 0.9321 0.3612 -0.0284
vn 0.9104 0.4078 -0.0695
vn 0.7944 0.6037 0.0667
vn 0.7680 0.6309 0.1099
vn 0.8045 0.5756 0.1464
vn 0.7755 0.4745 0.4165
vn 0.7656 0.4297 0.4788
vn 0.8344 0.3916 0.3879
vn -0.8764 0.3326 -0.3482
vn -0.8976 0.3019 -0.3213
vn -0.8738 0.3617 -0.3251
vn -0.9302 0.1962 -0.3102
vn -0.9358 0.2170 -0.2778
vn -0.9238 0.2257 -0.3093
vn -0.8407 0.5129 -0.1736
vn -0.8572 0.4852 -0.1726
vn -0.8513 0.4985 -0.1634
vn -0.7322 0.6285 -0.2624
vn -0.7667 0.5378 -0.3508
vn -0.8466 0.4287 -0.3155
vn -0.6721 -0.7182 -0.1803
vn -0.7024 -0.7022 -0.1164
vn -0.6782 -0.6739 -0.2930
vn -0.9091 -0.1425 -0.3914
vn -0.8906 -0.2027 -0.4072
vn -0.9242 -0.3249 -0.2006
vn -0.7685 0.5359 -0.3496
vn -0.8292 0.5025 -0.2449
vn -0.7234 0.6317 -0.2787
vn -0.7951 -0.2217 -0.5645
vn -0.7851 -0.2424 -0.5699
vn -0.7945 -0.3990 -0.4578
vn -0.6351 -0.7221 0.2742
vn -0.6241 -0.7064 0.3340
vn -0.6705 -0.6751 0.3077
vn -0.9211 -0.3877 -0.0355
vn -0.9011 -0.4241 0.0907
vn -0.9306 -0.3638 0.0406
vn -0.9635 0.2266 0.1428
vn -0.9797 0.0959 0.1761
vn -0.9583 0.2398 0.1555
vn -0.7508 -0.5516 -0.3633
vn -0.7610 -0.5309 -0.3728
vn -0.7332 -0.5206 -0.4375
vn -0.6685 -0.6652 -0.3327
vn -0.6926 -0.6594 -0.2923
vn -0.7283 -0.5826 -0.3609
vn -0.8271 -0.5461 -0.1330
vn -0.8231 -0.5457 -0.1572
vn -0.7846 -0.6118 -0.1005
vn -0.6392 -0.5697 0.5166
vn -0.5668 -0.5979 0.5668
vn -0.2187 0.0126 0.9757
vn 0.0481 -0.6824 0.7294
vn 0.0793 -0.6572 0.7496
vn 0.0387 -0.6549 0.7547
vn -0.5191 0.0651 0.8522
vn -0.5085 0.1017 0.8550
vn -0.5338 0.0777 0.8420
vn -0.5187 -0.7585 -0.3945
vn -0.4300 -0.8001 -0.4182
vn -0.4597 -0.7999 -0.3859
vn -0.4220 -0.9050 -0.0536
vn -0.3396 -0.9406 0.0083
vn -0.4550 -0.8899 0.0318
vn -0.3188 -0.9276 0.1949
vn -0.3386 -0.9304 0.1402
vn -0.1186 -0.9864 0.1134
vn -0.8640 -0.1527 0.4798
vn -0.8220 -0.2188 0.5257
vn -0.7548 -0.0938 0.6492
vn -0.9035 0.0760 0.4218
vn -0.8821 0.1102 0.4581
vn -0.8846 0.1242 0.4495
vn -0.5314 -0.5507 0.6436
vn -0.5760 -0.3659 0.7310
vn -0.6280 -0.4138 0.6591
vn -0.6761 -0.4553 0.5793
vn -0.6140 -0.3863 0.6883
vn -0.7544 -0.3435 0.5594
vn -0.9432 -0.3081 -0.1246
vn -0.9470 -0.2990 -0.1171
vn -0.9480 -0.2950 -0.1192
vn 0.2554 -0.9450 -0.2041
vn 0.3630 -0.9295 -0.0650
vn 0.3190 -0.9477 0.0107
vn 0.2910 -0.9512 -0.1031
vn 0.4105 -0.9059 -0.1044
vn 0.1918 -0.9813 0.0133
vn -0.6387 0.3352 -0.6926
vn -0.5962 0.2986 -0.7452
vn -0.6899 0.3020 -0.6579
vn -0.3055 -0.9521 0.0129
vn -0.4086 -0.9121 0.0333
vn -0.3720 -0.9146 -0.1584
vn -0.7274 -0.1136 0.6767
vn -0.6945 -0.0986 0.7127
vn -0.7131 -0.0491 0.6993
vn -0.9405 -0.3330 0.0676
vn -0.9285 -0.3512 0.1208
vn -0.9502 -0.3019 0.0776
vn -0.2295 -0.9719 -0.0519
vn -0.2614 -0.9625 -0.0727
vn -0.1992 -0.9712 -0.1305
vn -0.4422 -0.1953 0.8754
vn -0.4226 -0.2563 0.8693
vn -0.3992 -0.1977 0.8953
vn -0.8629 -0.4939 -0.1066
vn -0.9889 -0.1224 0.0846
vn -0.9897 -0.1243 0.0711
vn -0.8128 -0.1053 0.5730
vn -0.7605 0.0393 0.6482
vn -0.8135 -0.0562 0.5788
vn -0.6569 -0.1163 0.7450
vn -0.6398 -0.1142 0.7600
vn -0.6397 -0.0971 0.7625
vn -0.4084 -0.8837 0.2285
vn -0.3918 -0.8871 0.2441
vn -0.3898 -0.8811 0.2679
vn -0.4429 -0.4895 -0.7512
vn -0.4817 -0.4790 -0.7338
vn -0.4744 -0.4605 -0.7502
vn -0.7276 -0.5603 -0.3958
vn -0.7728 -0.5394 -0.3345
vn -0.7813 -0.4928 -0.3831
vn -0.8552 0.3933 0.3376
vn -0.6741 0.2715 0.6869
vn -0.6910 0.5598 0.4573
vn -0.6275 0.4991 -0.5976
vn -0.6062 0.4958 -0.6218
vn -0.6113 0.4799 -0.6294
vn -0.6462 0.5531 -0.5257
vn -0.6360 0.5542 -0.5369
vn -0.6635 0.5267 -0.5313
vn -0.9455 -0.2636 0.1912
vn -0.7943 -0.3674 0.4839
vn -0.9514 -0.2163 0.2192
vn -0.1420 -0.9834 0.1128
vn 0.1025 -0.9489 0.2984
vn -0.0996 -0.9092 0.4044
vn 0.3347 0.7419 -0.5810
vn 0.4692 0.7174 -0.5150
vn 0.4122 0.7110 -0.5697
vn -0.5471 -0.7961 -0.2588
vn -0.5743 -0.7775 -0.2563
vn -0.5340 -0.7912 -0.2981
vn -0.5778 -0.7268 -0.3714
vn -0.5992 -0.7237 -0.3424
vn -0.5924 -0.6992 -0.4002
vn -0.3810 -0.8002 0.4631
vn -0.2999 -0.8494 0.4343
vn -0.5230 -0.6351 0.5684
vn -0.8762 -0.3815 -0.2945
vn -0.8705 -0.4001 -0.2867
vn -0.9521 -0.2924 -0.0894
vn -0.4267 -0.8269 0.3663
vn -0.5472 -0.3445 0.7628
vn -0.6112 -0.5462 0.5728
vn -0.8379 0.3794 0.3923
vn -0.9000 0.3610 0.2442
vn -0.8528 0.2318 0.4680
vn -0.4084 -0.8502 -0.3322
vn -0.3437 -0.8970 -0.2780
vn -0.3562 -0.8979 -0.2585
vn 0.3084 -0.8304 0.4641
vn 0.3820 -0.8339 0.3983
vn 0.4395 -0.8017 0.4051
vn -0.4206 -0.8435 0.3342
vn -0.3853 -0.8502 0.3588
vn -0.4857 -0.8149 0.3164
vn 0.1782 -0.3884 0.9041
vn 0.3368 -0.2981 0.8932
vn 0.2597 -0.2481 0.9333
vn 0.0929 -0.9879 0.1240
vn 0.0887 -0.9835 0.1579
vn 0.0633 -0.9928 0.1021
vn -0.4804 -0.8650 0.1449
vn -0.4454 -0.8579 0.2559
vn -0.4884 -0.8368 0.2473
vn -0.6413 -0.7531 -0.1466
vn -0.6506 -0.7482 -0.1299
vn -0.6650 -0.7257 -0.1765
vn -0.6121 -0.7660 -0.1966
vn -0.6125 -0.7763 -0.1490
vn -0.6687 -0.7314 -0.1338
vn -0.6200 -0.7837 -0.0368
vn -0.4929 -0.8487 -0.1915
vn -0.5943 -0.8033 0.0396
vn 0.2209 -0.4888 0.8440
vn 0.1970 -0.4563 0.8677
vn 0.1879 -0.4905 0.8510
vn -0.4381 -0.8808 0.1795
vn -0.3987 -0.8930 0.2088
vn -0.4710 -0.8495 0.2377
vn -0.7585 0.4959 -0.4228
vn -0.7875 0.5116 -0.3436
vn -0.7518 0.5702 -0.3313
vn -0.7234 -0.6875 -0.0640
vn -0.8450 -0.5212 -0.1198
vn -0.8159 -0.5384 -0.2109
vn -0.2690 0.0832 0.9595
vn -0.3648 0.5192 0.7729
vn -0.3840 0.1666 0.9082
vn -0.5506 -0.1444 0.8222
vn -0.5225 0.0103 0.8526
vn -0.6767 0.0326 0.7356
vn 0.1611 -0.9835 0.0819
vn 0.3033 -0.9525 0.0261
vn 0.3673 -0.8944 0.2551
vn -0.4032 -0.8781 0.2575
vn -0.4112 -0.8652 0.2871
vn -0.4390 -0.8565 0.2713
vn -0.0875 -0.8281 -0.5538
vn -0.1202 -0.8516 -0.5103
vn -0.1559 -0.7576 -0.6339
vn 0.6336 -0.6500 0.4196
vn 0.6466 -0.6999 0.3035
vn 0.7123 -0.6493 0.2665
vn -0.7590 -0.5988 0.2557
vn -0.7163 -0.6539 0.2437
vn -0.7039 -0.6050 0.3721
vn -0.5224 -0.6693 -0.5283
vn -0.4547 -0.7163 -0.5293
vn -0.5013 -0.7069 -0.4989
vn -0.3139 -0.7519 -0.5797
vn -0.2722 -0.7493 -0.6037
vn -0.3044 -0.7768 -0.5514
vn -0.2467 -0.3290 0.9116
vn -0.2894 -0.2912 0.9118
vn -0.2664 -0.3517 0.8974
vn -0.1743 0.4282 0.8867
vn -0.1073 0.4356 0.8937
vn -0.1334 0.4429 0.8866
vn 0.0767 0.8775 0.4735
vn -0.0104 0.9178 0.3969
vn -0.0117 0.8763 0.4817
vn -0.2394 0.3544 0.9039
vn 0.0213 0.5499 0.8349
vn -0.2706 0.4490 0.8516
vn -0.1235 0.8184 0.5612
vn -0.1894 0.8074 0.5588
vn -0.1636 0.8031 0.5729
vn -0.3172 0.2188 0.9228
vn -0.3061 0.2787 0.9103
vn -0.3365 0.2475 0.9086
vn 0.4628 0.6699 0.5806
vn 0.4995 0.6358 0.5884
vn 0.5101 0.6774 0.5300
vn 0.2005 0.5483 0.8119
vn 0.1640 0.4846 0.8592
vn 0.2409 0.5018 0.8307
vn -0.0344 0.4389 0.8979
vn 0.0347 0.3523 0.9353
vn 0.0664 0.3747 0.9248
vn -0.3987 0.8977 0.1876
vn -0.3774 0.9107 0.1679
vn -0.4812 0.8612 0.1636
vn -0.6073 0.7889 0.0943
vn -0.6455 0.7619 -0.0536
vn -0.6677 0.7444 0.0045
vn -0.5431 0.3594 -0.7589
vn -0.6097 0.3210 -0.7247
vn -0.5553 0.4136 -0.7215
vn -0.2537 0.0844 0.9636
vn -0.2022 0.0853 0.9756
vn -0.3234 0.1777 0.9294
vn 0.2153 0.6061 0.7657
vn 0.1182 0.4941 0.8613
vn 0.1909 0.5151 0.8356
vn -0.8749 0.4791 0.0716
vn -0.8318 0.5053 0.2295
vn -0.8312 0.5560 -0.0001
vn -0.9230 -0.1594 -0.3502
vn -0.8907 -0.2113 -0.4025
vn -0.9100 -0.2814 -0.3045
vn -0.7962 -0.3252 -0.5102
vn -0.6681 -0.1000 -0.7374
vn -0.7322 -0.3790 -0.5659
vn -0.7624 0.6419 0.0819
vn -0.7360 0.6364 0.2310
vn -0.4855 0.8582 0.1669
vn -0.0779 0.1741 0.9816
vn 0.0561 0.0682 0.9961
vn -0.0455 0.1964 0.9795
vn 0.2478 0.5090 0.8244
vn 0.2375 0.5480 0.8021
vn 0.2265 0.5115 0.8289
vn -0.8841 0.3844 0.2657
vn -0.8887 0.3834 0.2514
vn -0.8884 0.3722 0.2689
vn -0.7064 -0.2641 0.6566
vn -0.8443 -0.1919 0.5004
vn -0.7955 -0.2887 0.5328
vn -0.8380 -0.1269 0.5307
vn -0.6788 -0.2516 0.6899
vn -0.7555 -0.1252 0.6431
vn -0.7302 0.0875 -0.6776
vn -0.8051 -0.0480 -0.5912
vn -0.7981 0.0142 -0.6024
vn -0.9432 0.3323 -0.0034
vn -0.9307 0.3616 0.0557
vn -0.8724 0.4858 -0.0536
vn -0.8868 0.2493 0.3892
vn -0.8450 0.2206 0.4872
vn -0.8354 0.2525 0.4883
vn -0.4921 0.8657 0.0923
vn -0.4427 0.8947 0.0592
vn -0.5990 0.7987 -0.0567
vn -0.2688 -0.0310 0.9627
vn 0.0349 -0.1399 0.9895
vn -0.0271 0.0193 0.9994
vn -0.6864 0.4099 0.6007
vn -0.6590 0.4550 0.5990
vn -0.8035 0.3784 0.4596
vn -0.5077 0.3408 0.7912
vn -0.4889 0.3459 0.8008
vn -0.5293 0.3855 0.7558
vn 0.2727 0.9187 -0.2859
vn 0.1644 0.9697 -0.1807
vn 0.1977 0.9708 -0.1359
vn -0.2349 0.9711 -0.0414
vn -0.2425 0.9670 -0.0776
vn -0.2784 0.9595 -0.0424
vn -0.4904 0.7313 0.4740
vn -0.3826 0.7487 0.5415
vn -0.4803 0.7491 0.4562
vn -0.6488 0.3159 0.6923
vn -0.6168 0.3244 0.7172
vn -0.6124 0.3688 0.6992
vn -0.7628 0.3725 0.5285
vn -0.6802 0.3403 0.6493
vn -0.6402 0.4381 0.6311
vn -0.9080 0.0713 0.4129
vn -0.8894 -0.0433 0.4550
vn -0.8798 0.1111 0.4621
vn -0.8963 0.1450 0.4192
vn -0.9053 0.1112 0.4099
vn -0.8825 0.1094 0.4573
vn -0.9502 0.2238 0.2170
vn -0.9255 0.2273 0.3029
vn -0.9210 0.3059 0.2412
vn -0.9128 -0.4002 0.0818
vn -0.8926 -0.4482 -0.0491
vn -0.8798 -0.4672 0.0871
vn -0.6524 0.7472 0.1268
vn -0.6083 0.7936 0.0125
vn -0.6649 0.7455 -0.0468
vn -0.7153 0.3502 -0.6048
vn -0.7577 0.3642 -0.5416
vn -0.6836 0.4038 -0.6080
vn -0.7482 0.5403 -0.3852
vn -0.7020 0.6211 -0.3483
vn -0.6920 0.5959 -0.4075
vn -0.8478 0.4229 0.3200
vn -0.9294 0.2920 0.2258
vn -0.8826 0.3053 0.3576
vn -0.9847 0.1650 -0.0560
vn -0.9956 0.0884 0.0296
vn -0.9825 0.1770 0.0578
vn -0.9862 0.1648 0.0151
vn -0.9927 0.1182 -0.0241
vn -0.9852 0.1673 0.0369
vn -0.9288 0.3552 -0.1059
vn -0.9010 0.4106 -0.1399
vn -0.8947 0.3465 -0.2820
vn -0.8505 -0.5181 -0.0902
vn -0.8342 -0.5481 -0.0611
vn -0.8565 -0.5118 -0.0664
vn -0.5257 0.8504 -0.0239
vn -0.4974 0.8650 -0.0655
vn -0.5059 0.8597 -0.0706
vn -0.8193 0.3821 -0.4274
vn -0.8050 0.3537 -0.4764
vn -0.8352 0.2774 -0.4750
vn -0.6484 0.7569 -0.0814
vn -0.6653 0.7311 -0.1510
vn -0.6759 0.7278 -0.1161
vn -0.2928 0.8422 -0.4527
vn -0.1471 0.8637 -0.4821
vn -0.2825 0.8243 -0.4906
vn -0.8446 0.3429 -0.4111
vn -0.8497 0.3359 -0.4064
vn -0.8520 0.3431 -0.3955
vn -0.9346 0.0827 -0.3459
vn -0.9506 0.0621 -0.3042
vn -0.9560 0.0911 -0.2788
vn -0.8818 0.2014 -0.4265
vn -0.8767 0.2310 -0.4219
vn -0.8730 0.1925 -0.4481
vn -0.5524 -0.0007 -0.8336
vn -0.6142 -0.0251 -0.7887
vn -0.5759 0.0485 -0.8160
vn -0.9461 0.2384 -0.2191
vn -0.9558 0.2684 -0.1201
vn -0.9027 0.3408 -0.2627
vn -0.1551 0.9644 0.2144
vn -0.1887 0.9490 0.2526
vn -0.0917 0.9707 0.2223
vn -0.3168 0.7878 0.5283
vn -0.3320 0.7509 0.5709
vn -0.2657 0.7946 0.5459
vn -0.2643 0.7489 0.6078
vn -0.3277 0.7383 0.5895
vn -0.3262 0.6983 0.6372
vn -0.3214 0.7603 0.5644
vn -0.3381 0.7414 0.5797
vn -0.3164 0.7489 0.5823
vn -0.2876 0.7613 0.5811
vn -0.3204 0.7559 0.5708
vn -0.2937 0.7504 0.5922
vn 0.5806 0.8108 0.0748
vn 0.5827 0.8120 0.0320
vn 0.5613 0.8242 0.0752
vn -0.2294 0.9154 -0.3308
vn -0.2272 0.9015 -0.3683
vn -0.2479 0.9014 -0.3551
vn -0.2185 0.9374 -0.2713
vn -0.2470 0.9126 -0.3257
vn -0.2766 0.9140 -0.2968
vn -0.4574 0.8320 -0.3138
vn -0.4816 0.7861 -0.3874
vn -0.5223 0.8132 -0.2568
vn -0.5135 0.8572 -0.0400
vn -0.5033 0.8597 -0.0866
vn -0.5403 0.8399 -0.0515
vn 0.0108 0.9355 0.3533
vn -0.0130 0.9503 0.3109
vn -0.1123 0.9120 0.3946
vn -0.4572 0.8678 -0.1947
vn -0.4077 0.8841 -0.2284
vn -0.4633 0.8553 -0.2321
vn -0.5145 0.8066 -0.2909
vn -0.5405 0.7610 -0.3588
vn -0.5521 0.7758 -0.3055
vn -0.9176 0.3246 0.2294
vn -0.9151 0.4017 0.0346
vn -0.9493 0.3018 0.0884
vn -0.7088 0.6497 0.2747
vn -0.6863 0.6755 0.2696
vn -0.7141 0.6528 0.2528
vn -0.8442 0.5040 -0.1825
vn -0.8585 0.4660 -0.2140
vn -0.8731 0.4580 -0.1672
vn -0.2796 0.4306 0.8581
vn -0.1998 0.4000 0.8945
vn -0.1989 0.4298 0.8807
vn 0.0038 -0.0902 0.9959
vn 0.0467 -0.0806 0.9957
vn 0.0109 -0.0698 0.9975
vn -0.7528 0.4045 0.5193
vn -0.7376 0.3869 0.5534
vn -0.7459 0.4295 0.5091
vn -0.9905 -0.1266 -0.0540
vn -0.9712 -0.2221 0.0859
vn -0.9899 -0.1376 0.0333
vn -0.8934 0.4456 -0.0577
vn -0.8519 0.5229 -0.0298
vn -0.9069 0.4038 -0.1205
vn -0.9876 -0.1412 -0.0680
vn -0.9852 -0.1632 -0.0533
vn -0.9840 -0.1579 0.0825
vn -0.8708 0.4835 0.0891
vn -0.8676 0.4967 0.0217
vn -0.9478 0.3103 -0.0732
vn -0.9262 0.3770 0.0015
vn -0.9202 0.3836 0.0784
vn -0.8844 0.4494 0.1257
vn -0.9103 0.4064 -0.0782
vn -0.9223 0.3824 -0.0558
vn -0.8966 0.4409 -0.0403
vn -0.9815 -0.1318 -0.1391
vn -0.9871 -0.1247 -0.1008
vn -0.9932 -0.0582 -0.1004
vn -0.5356 0.7401 -0.4066
vn -0.5286 0.7322 -0.4295
vn -0.5378 0.7148 -0.4471
vn -0.4098 0.9087 0.0797
vn -0.5127 0.8572 -0.0478
vn -0.5483 0.8340 -0.0622
vn -0.8515 0.5203 0.0656
vn -0.8529 0.5209 0.0343
vn -0.8678 0.4952 0.0411
vn -0.7733 0.5226 0.3591
vn -0.8042 0.5061 0.3117
vn -0.7930 0.4914 0.3601
vn -0.7829 0.5250 0.3339
vn -0.7630 0.5211 0.3825
vn -0.7594 0.5549 0.3397
vn -0.2386 0.8773 -0.4164
vn -0.3111 0.8280 -0.4665
vn -0.2802 0.8609 -0.4246
vn -0.5539 0.6231 0.5523
vn -0.5270 0.6018 0.6001
vn -0.5051 0.6356 0.5838
vn -0.3268 0.6006 0.7297
vn -0.3636 0.5264 0.7686
vn -0.2565 0.5792 0.7738
vn -0.1636 0.8274 0.5373
vn -0.2187 0.7856 0.5788
vn -0.1816 0.7833 0.5946
vn -0.0811 0.9504 -0.3002
vn -0.0806 0.9689 -0.2340
vn -0.0525 0.9532 -0.2978
vn -0.2027 0.9390 -0.2777
vn -0.1788 0.9438 -0.2778
vn -0.1406 0.8868 -0.4403
vn -0.3590 0.9232 -0.1371
vn -0.4204 0.8904 -0.1744
vn -0.4098 0.9066 -0.1005
vn -0.0166 0.9705 -0.2404
vn -0.0583 0.9826 -0.1765
vn -0.0014 0.9863 -0.1650
vn -0.5149 0.8478 -0.1268
vn -0.5082 0.8508 -0.1339
vn -0.5249 0.8400 -0.1372
vn -0.5599 0.8262 -0.0623
vn -0.5980 0.7898 -0.1366
vn -0.5846 0.8103 -0.0393
vn -0.2784 0.9189 -0.2795
vn -0.2838 0.9071 -0.3108
vn -0.2878 0.9136 -0.2874
vn 0.1552 0.8310 0.5341
vn -0.0047 0.8818 0.4717
vn 0.0330 0.8269 0.5614
vn 0.2298 0.8501 0.4738
vn 0.1334 0.8812 0.4536
vn 0.2244 0.8477 0.4807
vn -0.7486 -0.6363 -0.1867
vn -0.7669 -0.6200 -0.1657
vn -0.7679 -0.6067 -0.2053
vn -0.7150 0.5459 0.4367
vn -0.7288 0.5087 0.4583
vn -0.6910 0.5368 0.4841
vn -0.7917 -0.2588 0.5534
vn -0.8446 -0.3414 0.4125
vn -0.7581 -0.3782 0.5313
vn -0.9675 -0.0000 0.2527
vn -0.9289 0.0711 0.3636
vn -0.9707 0.0690 0.2303
vn -0.2508 -0.5682 0.7837
vn -0.3327 -0.6288 0.7027
vn -0.1277 -0.5011 0.8559
vn -0.8535 -0.4615 -0.2422
vn -0.8812 -0.4569 -0.1215
vn -0.8860 -0.3497 -0.3045
vn 0.0002 0.3675 0.9300
vn -0.0163 0.3331 0.9428
vn 0.0087 0.3193 0.9476
vn -0.8533 0.3741 -0.3633
vn -0.8008 0.5715 -0.1792
vn -0.7604 0.5830 -0.2863
vn -0.7635 0.5240 0.3775
vn -0.7843 0.5218 0.3357
vn -0.8054 0.4741 0.3558
vn -0.8629 0.4389 0.2503
vn -0.8801 0.4741 0.0250
vn -0.8785 0.4026 0.2570
vn -0.8210 0.1504 0.5508
vn -0.8383 0.1231 0.5311
vn -0.8169 0.1354 0.5607
vn -0.8292 0.1674 0.5332
vn -0.8067 0.1412 0.5738
vn -0.8003 0.1574 0.5786
vn -0.3723 -0.2989 0.8787
vn -0.2075 -0.4103 0.8880
vn -0.1758 -0.2896 0.9408
vn -0.6154 -0.3086 0.7252
vn -0.5773 -0.2118 0.7885
vn -0.6336 -0.1282 0.7630
vn -0.7538 0.2174 0.6201
vn -0.7158 0.1032 0.6907
vn -0.6870 0.1406 0.7129
vn 0.4402 -0.1740 0.8809
vn 0.4397 -0.1847 0.8790
vn 0.4502 -0.1846 0.8736
vn 0.1611 -0.4636 0.8713
vn 0.1666 -0.4631 0.8705
vn 0.1637 -0.4592 0.8731
vn 0.4642 -0.1727 0.8688
vn 0.4555 -0.1774 0.8724
vn 0.4621 -0.1950 0.8651
vn 0.4303 -0.1391 0.8919
vn 0.4317 -0.1636 0.8871
vn 0.4504 -0.1485 0.8804
vn 0.4286 -0.3429 0.8359
vn 0.4243 -0.3500 0.8351
vn 0.4325 -0.3514 0.8303
vn 0.2331 -0.4077 0.8829
vn 0.2411 -0.4130 0.8782
vn 0.2393 -0.3786 0.8941
vn 0.9058 -0.2548 0.3384
vn 0.8923 -0.2948 0.3420
vn 0.8983 -0.2914 0.3287
vn 0.9104 0.2187 0.3512
vn 0.9263 0.2034 0.3171
vn 0.9209 0.2173 0.3236
vn -0.0264 -0.5995 0.8000
vn 0.0395 -0.5589 0.8283
vn 0.0221 -0.5438 0.8389
vn -0.0749 -0.7662 0.6382
vn -0.0610 -0.7739 0.6304
vn 0.0344 -0.5550 0.8312
vn -0.1015 0.2995 0.9487
vn -0.4024 0.2309 0.8859
vn -0.0748 0.2320 0.9698
vn -0.2471 -0.0746 0.9661
vn -0.2399 -0.0800 0.9675
vn -0.2037 -0.0346 0.9784
vn 0.5983 -0.0825 0.7970
vn 0.6481 -0.1023 0.7547
vn 0.6959 0.0083 0.7180
vn 0.3521 -0.8136 0.4627
vn 0.3432 -0.8269 0.4455
vn 0.3796 -0.8290 0.4106
vn 0.3262 -0.8479 0.4179
vn 0.2678 -0.8553 0.4436
vn 0.2537 -0.8787 0.4044
vn 0.2975 0.2723 0.9151
vn 0.2320 0.2397 0.9427
vn 0.3272 0.2525 0.9106
vn 0.7258 -0.0013 0.6879
vn 0.7363 -0.0100 0.6766
vn 0.7365 0.0033 0.6764
vn 0.5617 -0.6342 0.5313
vn 0.6163 -0.6347 0.4662
vn 0.5742 -0.6271 0.5264
vn 0.4934 -0.6854 0.5355
vn 0.4922 -0.7290 0.4757
vn 0.5070 -0.6827 0.5262
vn -0.0605 -0.3193 0.9457
vn -0.0633 -0.3034 0.9508
vn -0.0850 -0.3035 0.9490
vn -0.4336 -0.0990 0.8957
vn -0.3940 -0.0898 0.9147
vn -0.3951 0.0003 0.9186
vn -0.1606 -0.0291 0.9866
vn -0.1294 -0.0414 0.9907
vn -0.1326 -0.0091 0.9911
vn -0.4850 -0.0062 0.8745
vn -0.4769 0.0012 0.8789
vn -0.4909 0.0025 0.8712
vn -0.3875 -0.1036 0.9160
vn -0.3809 -0.1165 0.9172
vn -0.3794 -0.0956 0.9203
vn 0.0930 -0.9956 -0.0065
vn 0.0391 -0.9694 0.2422
vn -0.0878 -0.9655 0.2452
vn -0.8485 -0.3088 0.4298
vn -0.8117 -0.2835 0.5106
vn -0.8049 -0.1091 0.5833
vn -0.2178 -0.3549 0.9092
vn -0.7617 -0.4625 0.4538
vn -0.2236 -0.3425 0.9125
vn 0.9339 0.1015 0.3429
vn 0.5051 -0.4606 0.7299
vn 0.8935 -0.2159 -0.3938
vn 0.6143 -0.5232 0.5907
vn 0.6281 -0.4971 0.5986
vn 0.8789 -0.4678 0.0926
vt 0.447244 0.455620
vt 0.459675 0.445436
vt 0.449868 0.461251
vt 0.471445 0.451567
vt 0.488797 0.449290
vt 0.482275 0.435662
vt 0.468303 0.416000
vt 0.496453 0.418204
vt 0.497093 0.444663
vt 0.473778 0.407634
vt 0.469505 0.397050
vt 0.453153 0.400756
vt 0.470754 0.377596
vt 0.441264 0.392718
vt 0.444180 0.409976
vt 0.531137 0.917678
vt 0.545010 0.927924
vt 0.515981 0.928423
vt 0.451323 0.427505
vt 0.444177 0.428202
vt 0.543714 0.916147
vt 0.548742 0.916289
vt 0.447609 0.446620
vt 0.440766 0.432699
vt 0.560895 0.911487
vt 0.014810 0.326961
vt 0.010259 0.318639
vt 0.011951 0.320153
vt 0.672408 0.057524
vt 0.673200 0.056770
vt 0.677138 0.057131
vt 0.010619 0.325801
vt 0.672419 0.061073
vt 0.014841 0.313754
vt 0.675223 0.060181
vt 0.679534 0.058181
vt 0.451790 0.914440
vt 0.461261 0.925564
vt 0.450766 0.913250
vt 0.013262 0.314404
vt 0.005114 0.319136
vt 0.014006 0.310784
vt 0.019559 0.299021
vt 0.016667 0.305635
vt 0.453319 0.913539
vt 0.466497 0.907850
vt 0.029867 0.334468
vt 0.033349 0.306586
vt 0.021592 0.338579
vt 0.016193 0.344453
vt 0.030916 0.355250
vt 0.047838 0.345862
vt 0.050890 0.330182
vt 0.043803 0.359805
vt 0.058122 0.352033
vt 0.076210 0.366842
vt 0.060126 0.380737
vt 0.064055 0.359989
vt 0.036195 0.372178
vt 0.040140 0.383405
vt 0.052272 0.391007
vt 0.034602 0.392513
vt 0.020776 0.364309
vt 0.521249 0.315565
vt 0.535200 0.319260
vt 0.506688 0.315293
vt 0.540859 0.332381
vt 0.556479 0.331688
vt 0.040002 0.409657
vt 0.023863 0.408068
vt 0.028932 0.412931
vt 0.559003 0.325161
vt 0.564093 0.330442
vt 0.565570 0.326020
vt 0.833603 0.094600
vt 0.846799 0.086266
vt 0.835680 0.099239
vt 0.553335 0.351023
vt 0.518998 0.332644
vt 0.537797 0.354760
vt 0.528451 0.352234
vt 0.477388 0.320666
vt 0.491525 0.321657
vt 0.475065 0.336333
vt 0.499519 0.329300
vt 0.480872 0.359836
vt 0.499318 0.334810
vt 0.496617 0.355628
vt 0.159812 0.149545
vt 0.151793 0.143371
vt 0.164170 0.124611
vt 0.765471 0.089160
vt 0.771749 0.085669
vt 0.770406 0.097758
vt 0.174905 0.147753
vt 0.188816 0.119510
vt 0.201539 0.116613
vt 0.199761 0.125480
vt 0.189476 0.144184
vt 0.407868 0.027200
vt 0.408948 0.030070
vt 0.403380 0.028180
vt 0.060294 0.019623
vt 0.044254 0.017993
vt 0.038870 0.011296
vt 0.050182 0.005614
vt 0.065508 0.006478
vt 0.511590 0.379264
vt 0.491692 0.377628
vt 0.498234 0.365594
vt 0.491465 0.391733
vt 0.460911 0.369796
vt 0.466471 0.336368
vt 0.461033 0.352779
vt 0.451178 0.906976
vt 0.490028 0.925443
vt 0.455364 0.926950
vt 0.471489 0.949392
vt 0.487246 0.935247
vt 0.458081 0.953609
vt 0.447552 0.955788
vt 0.034252 0.276407
vt 0.058647 0.307253
vt 0.070987 0.322700
vt 0.076248 0.336762
vt 0.531947 0.884721
vt 0.553237 0.888390
vt 0.550660 0.895780
vt 0.584841 0.850295
vt 0.568910 0.866530
vt 0.552611 0.875377
vt 0.576773 0.859938
vt 0.571180 0.865720
vt 0.566700 0.851390
vt 0.573149 0.831964
vt 0.586832 0.842385
vt 0.545989 0.846644
vt 0.538181 0.834620
vt 0.521013 0.870167
vt 0.935611 0.698412
vt 0.930027 0.717876
vt 0.915477 0.708573
vt 0.543623 0.901041
vt 0.523366 0.899941
vt 0.943079 0.700395
vt 0.906738 0.717260
vt 0.922758 0.725336
vt 0.511647 0.893133
vt 0.500489 0.875736
vt 0.494622 0.896548
vt 0.539156 0.935400
vt 0.531624 0.942347
vt 0.513913 0.946645
vt 0.453802 0.383107
vt 0.507467 0.928658
vt 0.498390 0.940658
vt 0.510168 0.979743
vt 0.490582 0.963786
vt 0.499271 0.921834
vt 0.483586 0.910790
vt 0.454801 0.358722
vt 0.439259 0.386006
vt 0.503580 0.912730
vt 0.451627 0.369349
vt 0.853976 0.026340
vt 0.837249 0.046121
vt 0.834058 0.017992
vt 0.848301 0.011217
vt 0.208597 0.935667
vt 0.216360 0.948660
vt 0.218734 0.951413
vt 0.194771 0.939776
vt 0.193408 0.915951
vt 0.885457 0.058221
vt 0.867103 0.031184
vt 0.649706 0.855288
vt 0.657227 0.876896
vt 0.630863 0.861601
vt 0.635333 0.882456
vt 0.665082 0.862262
vt 0.826992 0.047480
vt 0.821613 0.032632
vt 0.679193 0.851986
vt 0.660182 0.841501
vt 0.821952 0.017221
vt 0.833870 0.005054
vt 0.826150 0.004720
vt 0.405160 0.152320
vt 0.394316 0.162618
vt 0.400281 0.150684
vt 0.406500 0.163200
vt 0.677131 0.830306
vt 0.644074 0.843092
vt 0.622599 0.853989
vt 0.626127 0.841165
vt 0.642830 0.829127
vt 0.665951 0.822064
vt 0.663730 0.817146
vt 0.651837 0.822159
vt 0.664240 0.815890
vt 0.665319 0.817181
vt 0.470376 0.006929
vt 0.460840 0.004130
vt 0.460690 0.003250
vt 0.459991 0.009156
vt 0.170620 0.099290
vt 0.173350 0.098951
vt 0.171510 0.100060
vt 0.667660 0.818660
vt 0.770464 0.013867
vt 0.767565 0.012197
vt 0.770274 0.012067
vt 0.927036 0.005745
vt 0.925522 0.010486
vt 0.921830 0.004233
vt 0.765403 0.006209
vt 0.770454 0.008755
vt 0.919147 0.007875
vt 0.677555 0.822359
vt 0.680420 0.812448
vt 0.690717 0.803633
vt 0.698355 0.821549
vt 0.715911 0.822711
vt 0.703568 0.831258
vt 0.680748 0.797631
vt 0.713618 0.104128
vt 0.720145 0.118687
vt 0.711496 0.123385
vt 0.698885 0.119036
vt 0.676993 0.003024
vt 0.673656 0.005409
vt 0.667690 0.003020
vt 0.930967 0.945510
vt 0.949081 0.946364
vt 0.939809 0.952493
vt 0.934483 0.954676
vt 0.201627 0.087383
vt 0.202909 0.095903
vt 0.187028 0.095871
vt 0.713532 0.128199
vt 0.718062 0.123294
vt 0.706460 0.132100
vt 0.216462 0.096305
vt 0.911516 0.928602
vt 0.915935 0.943867
vt 0.926810 0.924300
vt 0.927299 0.968196
vt 0.936220 0.958960
vt 0.937541 0.016615
vt 0.928360 0.020260
vt 0.929095 0.010494
vt 0.922114 0.978491
vt 0.914129 0.970822
vt 0.903478 0.956203
vt 0.887203 0.946813
vt 0.642090 0.466990
vt 0.625378 0.461911
vt 0.642889 0.460150
vt 0.930121 0.980515
vt 0.944446 0.008913
vt 0.932141 0.009689
vt 0.690462 0.839403
vt 0.807740 0.054690
vt 0.817819 0.045943
vt 0.812822 0.060468
vt 0.682688 0.839471
vt 0.692828 0.846896
vt 0.701661 0.842871
vt 0.712059 0.804009
vt 0.699940 0.789086
vt 0.724904 0.798072
vt 0.711258 0.783600
vt 0.726212 0.815267
vt 0.720836 0.781456
vt 0.714199 0.777736
vt 0.741823 0.798586
vt 0.735760 0.774136
vt 0.706577 0.070942
vt 0.700244 0.080698
vt 0.698213 0.066227
vt 0.732094 0.771261
vt 0.706479 0.080721
vt 0.714264 0.086968
vt 0.743004 0.780270
vt 0.742127 0.766464
vt 0.750244 0.789360
vt 0.261159 0.094733
vt 0.253169 0.102542
vt 0.247929 0.099938
vt 0.231147 0.094434
vt 0.232361 0.105298
vt 0.213744 0.101799
vt 0.364544 0.759420
vt 0.378221 0.768193
vt 0.374732 0.772851
vt 0.371439 0.748390
vt 0.381256 0.751153
vt 0.380147 0.744585
vt 0.929612 0.993492
vt 0.922636 0.990367
vt 0.891786 0.972461
vt 0.533537 0.795570
vt 0.531270 0.783890
vt 0.544277 0.781726
vt 0.898366 0.981212
vt 0.557691 0.792105
vt 0.855479 0.956972
vt 0.853754 0.933225
vt 0.875283 0.924111
vt 0.919998 0.914371
vt 0.907526 0.903824
vt 0.246497 0.085996
vt 0.327518 0.951930
vt 0.321401 0.929506
vt 0.342444 0.946485
vt 0.382779 0.952403
vt 0.384294 0.942241
vt 0.386940 0.950110
vt 0.374557 0.939414
vt 0.752907 0.765578
vt 0.396443 0.908501
vt 0.409127 0.924766
vt 0.399145 0.927654
vt 0.399439 0.946717
vt 0.411788 0.935894
vt 0.403258 0.955339
vt 0.389196 0.918575
vt 0.751640 0.760720
vt 0.886380 0.909992
vt 0.352536 0.915448
vt 0.357522 0.892579
vt 0.389112 0.880439
vt 0.354199 0.871049
vt 0.364649 0.864208
vt 0.398470 0.892537
vt 0.350460 0.131700
vt 0.360225 0.127031
vt 0.356030 0.147982
vt 0.369064 0.132966
vt 0.364094 0.153600
vt 0.420742 0.939055
vt 0.412293 0.963001
vt 0.508135 0.015254
vt 0.492165 0.008788
vt 0.510163 0.009450
vt 0.361004 0.774386
vt 0.357892 0.755162
vt 0.350381 0.765998
vt 0.622692 0.451453
vt 0.613506 0.463911
vt 0.607202 0.457653
vt 0.906141 0.984601
vt 0.638801 0.444895
vt 0.634342 0.430813
vt 0.646977 0.436343
vt 0.620171 0.441602
vt 0.846467 0.943808
vt 0.868420 0.978582
vt 0.830173 0.972354
vt 0.541974 0.816289
vt 0.520847 0.807064
vt 0.523122 0.818046
vt 0.523389 0.836491
vt 0.494657 0.815438
vt 0.855400 0.985370
vt 0.844870 0.988030
vt 0.828132 0.991871
vt 0.515504 0.012675
vt 0.513070 0.017940
vt 0.620602 0.846765
vt 0.574394 0.449770
vt 0.557511 0.462631
vt 0.561164 0.452935
vt 0.577639 0.439758
vt 0.585983 0.447462
vt 0.595286 0.442583
vt 0.342814 0.754619
vt 0.598997 0.455926
vt 0.604918 0.444027
vt 0.595514 0.809180
vt 0.581277 0.805278
vt 0.590456 0.794820
vt 0.594994 0.827732
vt 0.606404 0.818929
vt 0.583116 0.822097
vt 0.571225 0.816931
vt 0.559528 0.808890
vt 0.576299 0.796977
vt 0.648674 0.448591
vt 0.903319 0.987142
vt 0.581988 0.785453
vt 0.820320 0.951743
vt 0.828253 0.942660
vt 0.311539 0.952684
vt 0.298353 0.934232
vt 0.321512 0.946559
vt 0.295589 0.950043
vt 0.296879 0.919613
vt 0.238159 0.931353
vt 0.253149 0.919789
vt 0.276158 0.913422
vt 0.266102 0.897343
vt 0.245171 0.959151
vt 0.284531 0.950881
vt 0.796687 0.978345
vt 0.798779 0.993734
vt 0.439765 0.843407
vt 0.465775 0.820564
vt 0.452447 0.849763
vt 0.461712 0.847926
vt 0.418641 0.830078
vt 0.443120 0.819728
vt 0.408651 0.834303
vt 0.433554 0.861619
vt 0.399487 0.311970
vt 0.385967 0.303568
vt 0.406889 0.296941
vt 0.373037 0.342612
vt 0.352107 0.336644
vt 0.371908 0.319147
vt 0.229140 0.947663
vt 0.415819 0.811044
vt 0.381336 0.376513
vt 0.350797 0.364221
vt 0.394438 0.355729
vt 0.328774 0.332217
vt 0.312795 0.350968
vt 0.289070 0.340222
vt 0.332033 0.394120
vt 0.304868 0.377027
vt 0.290292 0.360072
vt 0.265550 0.360243
vt 0.257372 0.340710
vt 0.240564 0.341150
vt 0.270146 0.388982
vt 0.277304 0.404591
vt 0.249446 0.399148
vt 0.254101 0.366617
vt 0.237651 0.376947
vt 0.236958 0.402566
vt 0.244520 0.416068
vt 0.277288 0.414435
vt 0.300647 0.419632
vt 0.318861 0.418145
vt 0.277515 0.439078
vt 0.313958 0.439250
vt 0.354101 0.421275
vt 0.375938 0.406226
vt 0.386282 0.423016
vt 0.408211 0.408756
vt 0.379333 0.446379
vt 0.422447 0.391155
vt 0.425272 0.402040
vt 0.347726 0.894408
vt 0.325699 0.900098
vt 0.338125 0.870741
vt 0.327751 0.885294
vt 0.306333 0.881119
vt 0.318268 0.870684
vt 0.499351 0.045532
vt 0.495019 0.029852
vt 0.512644 0.032066
vt 0.522600 0.031506
vt 0.534436 0.015180
vt 0.207885 0.328384
vt 0.216344 0.326817
vt 0.214348 0.343478
vt 0.204923 0.353438
vt 0.199335 0.332626
vt 0.536067 0.039688
vt 0.525026 0.039815
vt 0.228302 0.349782
vt 0.219836 0.372559
vt 0.164597 0.352567
vt 0.180089 0.326614
vt 0.138295 0.313758
vt 0.143973 0.339576
vt 0.166558 0.369169
vt 0.139862 0.354539
vt 0.438032 0.029244
vt 0.447115 0.048587
vt 0.439193 0.043859
vt 0.436249 0.028172
vt 0.471395 0.032115
vt 0.476893 0.051067
vt 0.301471 0.893005
vt 0.552779 0.026932
vt 0.551499 0.015300
vt 0.569149 0.013367
vt 0.596142 0.008050
vt 0.587694 0.017799
vt 0.576733 0.005581
vt 0.234762 0.923950
vt 0.567090 0.027350
vt 0.569220 0.019140
vt 0.573000 0.019140
vt 0.405295 0.808496
vt 0.390050 0.805970
vt 0.401656 0.793675
vt 0.380218 0.788369
vt 0.354849 0.783546
vt 0.362517 0.794020
vt 0.564230 0.018790
vt 0.241050 0.329980
vt 0.187758 0.395686
vt 0.205430 0.371431
vt 0.133922 0.366571
vt 0.115801 0.333681
vt 0.114752 0.323024
vt 0.113287 0.304966
vt 0.119997 0.350087
vt 0.113661 0.357451
vt 0.120446 0.365687
vt 0.127467 0.375067
vt 0.114674 0.382995
vt 0.104320 0.365251
vt 0.104232 0.344139
vt 0.085993 0.354475
vt 0.088393 0.377276
vt 0.090817 0.339705
vt 0.088999 0.347377
vt 0.864215 0.848719
vt 0.865851 0.860186
vt 0.847605 0.851687
vt 0.860686 0.860613
vt 0.095502 0.388861
vt 0.107056 0.406957
vt 0.141608 0.401094
vt 0.034572 0.941113
vt 0.028786 0.951492
vt 0.029959 0.933200
vt 0.162697 0.393084
vt 0.143052 0.390464
vt 0.124108 0.419503
vt 0.044457 0.935257
vt 0.042807 0.925764
vt 0.031247 0.915816
vt 0.038493 0.914129
vt 0.048494 0.907116
vt 0.058664 0.914964
vt 0.812661 0.003790
vt 0.812130 0.007946
vt 0.802536 0.010868
vt 0.041912 0.893840
vt 0.060696 0.892750
vt 0.055817 0.923973
vt 0.846292 0.874009
vt 0.841551 0.864396
vt 0.845740 0.866680
vt 0.839885 0.876275
vt 0.352090 0.003020
vt 0.358340 0.003020
vt 0.354850 0.005930
vt 0.722430 0.103780
vt 0.733555 0.106116
vt 0.723690 0.111125
vt 0.071465 0.901100
vt 0.078168 0.910386
vt 0.412913 0.895934
vt 0.421798 0.907694
vt 0.414413 0.911882
vt 0.416900 0.916790
vt 0.368394 0.118042
vt 0.404704 0.882183
vt 0.428510 0.891913
vt 0.422562 0.875649
vt 0.412901 0.866037
vt 0.405161 0.869852
vt 0.393901 0.866590
vt 0.438242 0.018516
vt 0.805632 0.812530
vt 0.816502 0.805939
vt 0.819062 0.830599
vt 0.788876 0.826647
vt 0.795729 0.808032
vt 0.803355 0.831898
vt 0.829565 0.834632
vt 0.821901 0.843194
vt 0.834322 0.817363
vt 0.975520 0.008080
vt 0.983328 0.013448
vt 0.977831 0.014972
vt 0.806529 0.845930
vt 0.834760 0.802600
vt 0.849190 0.813331
vt 0.852443 0.793392
vt 0.843391 0.795433
vt 0.841490 0.831313
vt 0.839118 0.850455
vt 0.854419 0.843569
vt 0.863709 0.812834
vt 0.867959 0.820773
vt 0.857228 0.830658
vt 0.856937 0.860583
vt 0.852110 0.868286
vt 0.830973 0.855551
vt 0.776510 0.805210
vt 0.792894 0.844829
vt 0.807232 0.842090
vt 0.772363 0.835101
vt 0.774147 0.858576
vt 0.797451 0.856428
vt 0.988972 0.008181
vt 0.994328 0.014751
vt 0.700510 0.003020
vt 0.702390 0.006760
vt 0.699250 0.006760
vt 0.802945 0.863688
vt 0.789070 0.874520
vt 0.809187 0.875731
vt 0.120435 0.883644
vt 0.124395 0.903231
vt 0.075889 0.889775
vt 0.821086 0.882549
vt 0.819834 0.871019
vt 0.975369 0.003223
vt 0.402330 0.963390
vt 0.736646 0.812139
vt 0.762672 0.826546
vt 0.752372 0.823537
vt 0.768861 0.824950
vt 0.776581 0.824519
vt 0.782886 0.819370
vt 0.012350 0.004790
vt 0.012015 0.003061
vt 0.015092 0.004274
vt 0.803302 0.796037
vt 0.807347 0.799538
vt 0.802748 0.809126
vt 0.415308 0.026179
vt 0.419082 0.010113
vt 0.110192 0.317507
vt 0.864754 0.835182
vt 0.104261 0.330081
vt 0.098847 0.332510
vt 0.728445 0.186280
vt 0.740901 0.192941
vt 0.731285 0.202156
vt 0.735403 0.182723
vt 0.113660 0.357448
vt 0.724652 0.199440
vt 0.596657 0.845974
vt 0.591379 0.857215
vt 0.823303 0.070800
vt 0.825860 0.084625
vt 0.818961 0.083537
vt 0.561217 0.830137
vt 0.550794 0.828663
vt 0.508644 0.854438
vt 0.402520 0.064630
vt 0.401400 0.063880
vt 0.406110 0.063890
vt 0.037884 0.942009
vt 0.039410 0.941980
vt 0.044731 0.026072
vt 0.048474 0.028785
vt 0.044265 0.026896
vt 0.039146 0.939944
vt 0.049132 0.039375
vt 0.042494 0.943046
vt 0.713521 0.058256
vt 0.717350 0.057430
vt 0.715690 0.058850
vt 0.046254 0.939975
vt 0.044836 0.946196
vt 0.042401 0.036570
vt 0.041470 0.028793
vt 0.733084 0.116484
vt 0.827923 0.873228
vt 0.611924 0.835037
vt 0.603484 0.844929
vt 0.546092 0.463684
vt 0.544635 0.446115
vt 0.549038 0.444678
vt 0.321173 0.762582
vt 0.311198 0.750399
vt 0.329162 0.760424
vt 0.620738 0.875406
vt 0.294315 0.767258
vt 0.309700 0.770410
vt 0.305523 0.756873
vt 0.612222 0.881344
vt 0.619083 0.887335
vt 0.846027 0.101870
vt 0.045699 0.419295
vt 0.033399 0.421228
vt 0.022952 0.424289
vt 0.300710 0.743526
vt 0.611098 0.433260
vt 0.053085 0.406931
vt 0.579196 0.866777
vt 0.056749 0.396034
vt 0.112071 0.481538
vt 0.107135 0.473961
vt 0.116700 0.463881
vt 0.107954 0.449771
vt 0.358763 0.043019
vt 0.363316 0.034841
vt 0.368644 0.042921
vt 0.093543 0.461533
vt 0.094219 0.456535
vt 0.655884 0.684649
vt 0.642940 0.694161
vt 0.639266 0.680236
vt 0.634773 0.695574
vt 0.626574 0.682308
vt 0.631284 0.669957
vt 0.605099 0.680010
vt 0.621283 0.670754
vt 0.614372 0.684607
vt 0.560692 0.031517
vt 0.563940 0.034060
vt 0.556426 0.037189
vt 0.653903 0.671857
vt 0.671533 0.668042
vt 0.658257 0.687205
vt 0.132061 0.463194
vt 0.123698 0.448585
vt 0.121686 0.439213
vt 0.106876 0.427988
vt 0.121976 0.430698
vt 0.145844 0.452114
vt 0.672744 0.684043
vt 0.662322 0.690815
vt 0.112756 0.415206
vt 0.057259 0.874046
vt 0.045603 0.877644
vt 0.153186 0.425293
vt 0.117606 0.417297
vt 0.072126 0.872767
vt 0.090488 0.869401
vt 0.149180 0.885301
vt 0.125204 0.873409
vt 0.147558 0.907223
vt 0.133742 0.919870
vt 0.150833 0.866886
vt 0.129233 0.847851
vt 0.104850 0.845280
vt 0.104890 0.839320
vt 0.099912 0.860054
vt 0.092758 0.844860
vt 0.064680 0.847100
vt 0.050261 0.843879
vt 0.064248 0.826172
vt 0.049930 0.828993
vt 0.031712 0.831565
vt 0.254985 0.560388
vt 0.242550 0.543960
vt 0.273705 0.539588
vt 0.100845 0.829479
vt 0.107233 0.814352
vt 0.843687 0.741953
vt 0.802372 0.742722
vt 0.820927 0.719354
vt 0.870090 0.729157
vt 0.881100 0.708552
vt 0.309862 0.572035
vt 0.324851 0.534281
vt 0.089832 0.803317
vt 0.119728 0.778308
vt 0.145348 0.815438
vt 0.160910 0.791484
vt 0.300680 0.527484
vt 0.255830 0.083010
vt 0.253470 0.077580
vt 0.256910 0.077580
vt 0.771083 0.215366
vt 0.779349 0.223856
vt 0.770136 0.227347
vt 0.485273 0.456795
vt 0.475106 0.467414
vt 0.494250 0.470155
vt 0.817259 0.699356
vt 0.811580 0.685922
vt 0.830783 0.688114
vt 0.821981 0.670569
vt 0.091715 0.013766
vt 0.082038 0.015576
vt 0.079038 0.009055
vt 0.096137 0.007991
vt 0.855217 0.688509
vt 0.840174 0.695111
vt 0.859817 0.692566
vt 0.864936 0.678992
vt 0.846286 0.667287
vt 0.809312 0.659932
vt 0.823094 0.651954
vt 0.834175 0.653599
vt 0.890035 0.678137
vt 0.265844 0.108152
vt 0.270911 0.142572
vt 0.229288 0.126318
vt 0.382899 0.590002
vt 0.350729 0.536377
vt 0.245826 0.593035
vt 0.254179 0.643428
vt 0.284583 0.651350
vt 0.237308 0.609666
vt 0.225672 0.624747
vt 0.241520 0.679125
vt 0.261409 0.682272
vt 0.255327 0.688117
vt 0.278770 0.685717
vt 0.296059 0.701178
vt 0.301003 0.687692
vt 0.307516 0.707722
vt 0.278132 0.708685
vt 0.152673 0.852467
vt 0.168252 0.852874
vt 0.163056 0.845811
vt 0.167273 0.845329
vt 0.289394 0.718961
vt 0.290455 0.733415
vt 0.282720 0.730220
vt 0.295720 0.726570
vt 0.272804 0.715833
vt 0.272580 0.706840
vt 0.287777 0.708972
vt 0.301645 0.718852
vt 0.303045 0.713830
vt 0.171240 0.846770
vt 0.259786 0.712351
vt 0.244918 0.712590
vt 0.114336 0.844251
vt 0.241583 0.724825
vt 0.230588 0.714524
vt 0.796770 0.024960
vt 0.793461 0.019720
vt 0.796770 0.019140
vt 0.070380 0.856291
vt 0.076696 0.850015
vt 0.074120 0.849870
vt 0.227171 0.727222
vt 0.239334 0.728829
vt 0.228923 0.734483
vt 0.208456 0.738989
vt 0.196812 0.741003
vt 0.195437 0.734398
vt 0.641030 0.666830
vt 0.543290 0.005561
vt 0.538240 0.007160
vt 0.539463 0.003444
vt 0.223155 0.760001
vt 0.218100 0.748087
vt 0.234187 0.757048
vt 0.233275 0.749338
vt 0.659598 0.664057
vt 0.666043 0.660340
vt 0.060223 0.860451
vt 0.215308 0.744926
vt 0.239640 0.738654
vt 0.935787 0.094131
vt 0.933670 0.083514
vt 0.946246 0.090020
vt 0.479869 0.569280
vt 0.474829 0.573825
vt 0.455822 0.568462
vt 0.486009 0.580084
vt 0.735994 0.893637
vt 0.728316 0.894258
vt 0.724841 0.888314
vt 0.461455 0.554994
vt 0.474206 0.547778
vt 0.487535 0.563516
vt 0.460818 0.536647
vt 0.451255 0.541936
vt 0.474067 0.531121
vt 0.454668 0.515464
vt 0.472968 0.514583
vt 0.437247 0.508395
vt 0.440367 0.525411
vt 0.471043 0.499939
vt 0.451633 0.497752
vt 0.435571 0.518883
vt 0.419394 0.518308
vt 0.665139 0.906960
vt 0.661473 0.888144
vt 0.673455 0.878775
vt 0.653736 0.915035
vt 0.672274 0.909603
vt 0.655573 0.932633
vt 0.664087 0.925417
vt 0.633646 0.915083
vt 0.653526 0.906729
vt 0.425130 0.488865
vt 0.418832 0.482800
vt 0.207779 0.509762
vt 0.221453 0.522717
vt 0.205255 0.529368
vt 0.214442 0.504084
vt 0.690916 0.917446
vt 0.676185 0.942087
vt 0.689055 0.930204
vt 0.655309 0.950252
vt 0.697950 0.897291
vt 0.676585 0.893550
vt 0.923134 0.772631
vt 0.956070 0.766628
vt 0.937636 0.801845
vt 0.924490 0.791019
vt 0.978095 0.791035
vt 0.979860 0.798869
vt 0.970327 0.804422
vt 0.954932 0.807429
vt 0.973017 0.776850
vt 0.664490 0.354616
vt 0.657874 0.388314
vt 0.645350 0.370109
vt 0.641041 0.358659
vt 0.650842 0.353108
vt 0.452788 0.991888
vt 0.483161 0.987879
vt 0.440102 0.985542
vt 0.442045 0.971411
vt 0.439397 0.973953
vt 0.053099 0.270244
vt 0.051970 0.254920
vt 0.058104 0.262764
vt 0.941708 0.756160
vt 0.955957 0.752019
vt 0.075347 0.284964
vt 0.076288 0.278928
vt 0.079524 0.289664
vt 0.946936 0.719454
vt 0.486163 0.882596
vt 0.467453 0.856927
vt 0.499245 0.827004
vt 0.926746 0.735789
vt 0.901567 0.744482
vt 0.509580 0.902350
vt 0.920920 0.758327
vt 0.764816 0.487688
vt 0.773560 0.498550
vt 0.768472 0.512136
vt 0.749147 0.490850
vt 0.746902 0.521592
vt 0.736651 0.502771
vt 0.766154 0.527561
vt 0.750032 0.536260
vt 0.966090 0.817010
vt 0.955266 0.813431
vt 0.983272 0.813332
vt 0.737432 0.532549
vt 0.653199 0.400835
vt 0.650870 0.415002
vt 0.648161 0.409063
vt 0.660883 0.430973
vt 0.718150 0.526318
vt 0.725215 0.563808
vt 0.697007 0.576672
vt 0.729864 0.523181
vt 0.715600 0.507044
vt 0.697915 0.545569
vt 0.691824 0.523955
vt 0.696274 0.394689
vt 0.690093 0.429826
vt 0.700544 0.412192
vt 0.677724 0.449469
vt 0.722597 0.446160
vt 0.715657 0.445387
vt 0.684282 0.605097
vt 0.662600 0.590790
vt 0.688640 0.601160
vt 0.674787 0.577175
vt 0.654198 0.576356
vt 0.660964 0.568159
vt 0.678192 0.556366
vt 0.645358 0.554458
vt 0.627997 0.585324
vt 0.669754 0.516356
vt 0.631202 0.524209
vt 0.632709 0.564927
vt 0.618851 0.551985
vt 0.606670 0.538232
vt 0.607673 0.519113
vt 0.592706 0.499716
vt 0.584486 0.512207
vt 0.628563 0.504706
vt 0.608226 0.484944
vt 0.656576 0.500290
vt 0.635283 0.491078
vt 0.881010 0.808304
vt 0.872159 0.795510
vt 0.887614 0.797595
vt 0.877437 0.783039
vt 0.415224 0.322154
vt 0.394905 0.326027
vt 0.394740 0.291330
vt 0.458363 0.882087
vt 0.916522 0.803171
vt 0.902340 0.784219
vt 0.765550 0.469490
vt 0.904080 0.811611
vt 0.746455 0.466288
vt 0.740130 0.468260
vt 0.410025 0.341509
vt 0.446520 0.357020
vt 0.440240 0.357340
vt 0.692671 0.503609
vt 0.709520 0.483070
vt 0.439500 0.373281
vt 0.415319 0.373346
vt 0.446641 0.347433
vt 0.435247 0.339319
vt 0.694311 0.489105
vt 0.704690 0.481560
vt 0.678163 0.496882
vt 0.882455 0.755680
vt 0.641762 0.385915
vt 0.673101 0.397645
vt 0.685485 0.380744
vt 0.722796 0.400035
vt 0.722760 0.373143
vt 0.732043 0.389704
vt 0.690796 0.363256
vt 0.744396 0.376607
vt 0.729528 0.363172
vt 0.747082 0.419453
vt 0.744491 0.446386
vt 0.666904 0.612042
vt 0.681027 0.628502
vt 0.663466 0.631747
vt 0.673334 0.647552
vt 0.651815 0.642140
vt 0.719148 0.590270
vt 0.728600 0.578357
vt 0.742316 0.594883
vt 0.652114 0.632040
vt 0.636614 0.621847
vt 0.640830 0.602468
vt 0.622133 0.617543
vt 0.707182 0.609248
vt 0.722700 0.611976
vt 0.715101 0.635073
vt 0.749686 0.616292
vt 0.741820 0.628174
vt 0.733081 0.631160
vt 0.745045 0.642820
vt 0.751400 0.661268
vt 0.755663 0.645493
vt 0.767898 0.651926
vt 0.731665 0.648899
vt 0.702821 0.618153
vt 0.606876 0.590257
vt 0.605795 0.615754
vt 0.589348 0.605346
vt 0.692789 0.631914
vt 0.691166 0.638337
vt 0.706664 0.650188
vt 0.591094 0.587451
vt 0.572386 0.589357
vt 0.567447 0.603560
vt 0.546658 0.589219
vt 0.553574 0.567001
vt 0.573679 0.572609
vt 0.539434 0.575726
vt 0.529508 0.573476
vt 0.526741 0.593909
vt 0.539529 0.614508
vt 0.528129 0.615913
vt 0.519388 0.622291
vt 0.494423 0.618876
vt 0.009467 0.103863
vt 0.007894 0.078227
vt 0.024078 0.084955
vt 0.004071 0.101300
vt 0.501974 0.610430
vt 0.496950 0.593443
vt 0.488000 0.611634
vt 0.508596 0.567599
vt 0.499575 0.567743
vt 0.472944 0.597203
vt 0.473491 0.621372
vt 0.463862 0.580959
vt 0.760637 0.887890
vt 0.765590 0.878523
vt 0.772603 0.887989
vt 0.776316 0.884624
vt 0.754318 0.907300
vt 0.782571 0.893165
vt 0.789379 0.900011
vt 0.811429 0.897347
vt 0.752881 0.755964
vt 0.763198 0.749344
vt 0.764500 0.759594
vt 0.112489 0.003862
vt 0.129710 0.005227
vt 0.108040 0.010237
vt 0.102207 0.006599
vt 0.744931 0.905421
vt 0.746288 0.931179
vt 0.733953 0.919430
vt 0.755007 0.917466
vt 0.752836 0.930867
vt 0.764284 0.905303
vt 0.434686 0.005129
vt 0.445164 0.011625
vt 0.432278 0.008118
vt 0.740340 0.875232
vt 0.747349 0.883589
vt 0.730406 0.901102
vt 0.720684 0.899791
vt 0.462957 0.576346
vt 0.449712 0.577116
vt 0.719419 0.915286
vt 0.708151 0.890053
vt 0.729544 0.929778
vt 0.736176 0.934847
vt 0.757274 0.946283
vt 0.744824 0.953107
vt 0.766699 0.954209
vt 0.752940 0.957580
vt 0.723089 0.948447
vt 0.734284 0.959447
vt 0.186790 0.607070
vt 0.198118 0.587481
vt 0.191578 0.607772
vt 0.224147 0.587504
vt 0.206134 0.598260
vt 0.768407 0.964943
vt 0.755155 0.965816
vt 0.787339 0.963698
vt 0.783701 0.945369
vt 0.773588 0.943211
vt 0.443590 0.006580
vt 0.448460 0.005040
vt 0.759825 0.942684
vt 0.761925 0.934815
vt 0.628330 0.003020
vt 0.630060 0.005770
vt 0.621035 0.007461
vt 0.784431 0.920988
vt 0.803376 0.955024
vt 0.407150 0.107154
vt 0.401504 0.097079
vt 0.407071 0.095911
vt 0.393512 0.100130
vt 0.392833 0.108184
vt 0.795153 0.938537
vt 0.007208 0.010283
vt 0.013263 0.019191
vt 0.007616 0.021872
vt 0.018913 0.008361
vt 0.395420 0.091950
vt 0.766778 0.979746
vt 0.756675 0.980571
vt 0.395082 0.073336
vt 0.405693 0.082220
vt 0.395190 0.084610
vt 0.807711 0.910647
vt 0.829434 0.918121
vt 0.814154 0.920170
vt 0.829722 0.902610
vt 0.398057 0.068655
vt 0.208914 0.575416
vt 0.194617 0.610575
vt 0.211527 0.599836
vt 0.210670 0.611228
vt 0.210490 0.623001
vt 0.186302 0.615041
vt 0.193723 0.630031
vt 0.206834 0.639646
vt 0.180533 0.641645
vt 0.187591 0.647621
vt 0.169029 0.669472
vt 0.195205 0.659945
vt 0.185123 0.675498
vt 0.199341 0.648405
vt 0.206509 0.659669
vt 0.221377 0.606350
vt 0.239490 0.864435
vt 0.219299 0.856848
vt 0.233761 0.842161
vt 0.067617 0.503847
vt 0.077914 0.522028
vt 0.058845 0.539372
vt 0.049252 0.507190
vt 0.206289 0.821771
vt 0.217519 0.791630
vt 0.223176 0.814092
vt 0.199871 0.849369
vt 0.184769 0.835614
vt 0.172870 0.820323
vt 0.199328 0.147481
vt 0.221360 0.157378
vt 0.284587 0.117991
vt 0.303775 0.133074
vt 0.314087 0.107807
vt 0.324679 0.078567
vt 0.344064 0.090520
vt 0.310268 0.089125
vt 0.300912 0.071514
vt 0.340257 0.114177
vt 0.868057 0.658193
vt 0.912374 0.650284
vt 0.116121 0.727244
vt 0.081713 0.688927
vt 0.112565 0.717168
vt 0.861589 0.652758
vt 0.886496 0.636079
vt 0.873758 0.635539
vt 0.852581 0.638057
vt 0.869746 0.628056
vt 0.878839 0.620359
vt 0.896785 0.622951
vt 0.906964 0.630652
vt 0.332357 0.123431
vt 0.316679 0.115514
vt 0.881327 0.612843
vt 0.887641 0.600907
vt 0.834732 0.629378
vt 0.834148 0.611056
vt 0.857251 0.614763
vt 0.843928 0.592424
vt 0.872241 0.588004
vt 0.852627 0.586650
vt 0.840463 0.574732
vt 0.865107 0.575598
vt 0.850712 0.567580
vt 0.856070 0.401090
vt 0.856483 0.404828
vt 0.836638 0.396387
vt 0.867410 0.384284
vt 0.860883 0.396068
vt 0.835705 0.381430
vt 0.880831 0.574417
vt 0.847060 0.371817
vt 0.875416 0.364064
vt 0.883549 0.370896
vt 0.844416 0.359239
vt 0.358282 0.050516
vt 0.361976 0.050871
vt 0.358010 0.058220
vt 0.823624 0.358941
vt 0.833599 0.342555
vt 0.861418 0.350979
vt 0.869900 0.341494
vt 0.814970 0.342968
vt 0.825993 0.333803
vt 0.819987 0.322675
vt 0.843098 0.308030
vt 0.849594 0.319694
vt 0.861593 0.336851
vt 0.858282 0.322148
vt 0.858108 0.287850
vt 0.869446 0.290881
vt 0.848780 0.294389
vt 0.836454 0.290412
vt 0.843764 0.264988
vt 0.871827 0.274163
vt 0.254339 0.064166
vt 0.251060 0.067170
vt 0.235506 0.062834
vt 0.832939 0.277604
vt 0.817847 0.281853
vt 0.822537 0.257948
vt 0.816330 0.243963
vt 0.866927 0.230422
vt 0.834443 0.207487
vt 0.855724 0.213952
vt 0.792352 0.229911
vt 0.777955 0.174657
vt 0.858443 0.168723
vt 0.857239 0.141279
vt 0.852380 0.206990
vt 0.767770 0.202530
vt 0.471690 0.471210
vt 0.786500 0.250931
vt 0.770530 0.237583
vt 0.806444 0.257732
vt 0.809411 0.267320
vt 0.786670 0.263008
vt 0.773364 0.254180
vt 0.774118 0.278587
vt 0.803751 0.275150
vt 0.762915 0.282353
vt 0.438527 0.459848
vt 0.779679 0.289721
vt 0.767895 0.304849
vt 0.779255 0.322069
vt 0.787439 0.301510
vt 0.796212 0.308710
vt 0.765021 0.328579
vt 0.795106 0.332952
vt 0.765478 0.346948
vt 0.757253 0.301177
vt 0.569680 0.946766
vt 0.560870 0.931313
vt 0.576834 0.922179
vt 0.569842 0.911096
vt 0.546661 0.950054
vt 0.746143 0.317358
vt 0.744468 0.334889
vt 0.740497 0.357087
vt 0.763745 0.364549
vt 0.734486 0.320882
vt 0.557873 0.968630
vt 0.548756 0.981178
vt 0.529856 0.972437
vt 0.537823 0.936096
vt 0.493102 0.991183
vt 0.675213 0.361600
vt 0.498579 0.995252
vt 0.531133 0.988362
vt 0.707630 0.357680
vt 0.772562 0.374128
vt 0.751156 0.399399
vt 0.777799 0.392360
vt 0.752516 0.408677
vt 0.756148 0.438977
vt 0.079750 0.504510
vt 0.061409 0.489007
vt 0.084150 0.506910
vt 0.765635 0.138770
vt 0.761865 0.114734
vt 0.793418 0.104445
vt 0.406424 0.611949
vt 0.412747 0.593591
vt 0.435122 0.613693
vt 0.810461 0.125942
vt 0.737570 0.162323
vt 0.760629 0.175987
vt 0.550780 0.411149
vt 0.528184 0.438813
vt 0.523697 0.405987
vt 0.920423 0.076548
vt 0.897311 0.094952
vt 0.956179 0.876228
vt 0.985765 0.839210
vt 0.994930 0.848000
vt 0.949699 0.860852
vt 0.914511 0.465524
vt 0.966376 0.482399
vt 0.922282 0.484677
vt 0.878515 0.088179
vt 0.837403 0.068659
vt 0.900028 0.039526
vt 0.984043 0.498946
vt 0.984715 0.524701
vt 0.942734 0.525288
vt 0.920003 0.502644
vt 0.910638 0.492900
vt 0.912663 0.510261
vt 0.911802 0.503187
vt 0.432226 0.626612
vt 0.430991 0.641487
vt 0.417817 0.647698
vt 0.411451 0.632147
vt 0.397104 0.641128
vt 0.400222 0.652422
vt 0.402385 0.665213
vt 0.384077 0.655120
vt 0.378170 0.670079
vt 0.927399 0.529303
vt 0.909677 0.539963
vt 0.917501 0.538537
vt 0.385674 0.681413
vt 0.378948 0.691427
vt 0.371097 0.655434
vt 0.350944 0.666058
vt 0.348101 0.635091
vt 0.370349 0.644625
vt 0.395361 0.626022
vt 0.363102 0.539256
vt 0.394010 0.558270
vt 0.185539 0.860221
vt 0.195781 0.888983
vt 0.193721 0.896105
vt 0.162859 0.894188
vt 0.162647 0.904338
vt 0.749323 0.837350
vt 0.728606 0.830690
vt 0.773471 0.744792
vt 0.787726 0.732415
vt 0.789089 0.752103
vt 0.773832 0.731465
vt 0.996207 0.074915
vt 0.989951 0.072874
vt 0.997346 0.066307
vt 0.757617 0.739735
vt 0.747077 0.752716
vt 0.733865 0.743469
vt 0.761984 0.718154
vt 0.718518 0.730712
vt 0.739734 0.721180
vt 0.480576 0.643956
vt 0.472906 0.637102
vt 0.482237 0.630110
vt 0.014623 0.068951
vt 0.028555 0.073988
vt 0.026430 0.067296
vt 0.036299 0.488876
vt 0.068374 0.459099
vt 0.025254 0.496041
vt 0.027332 0.537881
vt 0.853815 0.184662
vt 0.140070 0.091643
vt 0.145728 0.082985
vt 0.139596 0.105289
vt 0.868857 0.258184
vt 0.843120 0.904384
vt 0.204558 0.567693
vt 0.217769 0.562356
vt 0.227387 0.556896
vt 0.898963 0.004934
vt 0.915900 0.019273
vt 0.907635 0.024657
vt 0.904411 0.020923
vt 0.894339 0.020198
vt 0.882084 0.009819
vt 0.803251 0.700353
vt 0.789336 0.711929
vt 0.782862 0.697946
vt 0.794131 0.705190
vt 0.798679 0.687828
vt 0.793596 0.684040
vt 0.765268 0.709108
vt 0.772242 0.680966
vt 0.753317 0.697311
vt 0.753851 0.684317
vt 0.877354 0.193710
vt 0.877454 0.200470
vt 0.859990 0.191313
vt 0.877953 0.184215
vt 0.898915 0.188646
vt 0.893027 0.197833
vt 0.823240 0.712470
vt 0.835301 0.707381
vt 0.804672 0.727618
vt 0.804522 0.718439
vt 0.804292 0.718419
vt 0.748800 0.710823
vt 0.710508 0.719963
vt 0.732901 0.708659
vt 0.712389 0.708182
vt 0.898865 0.182382
vt 0.834590 0.694494
vt 0.791858 0.672678
vt 0.768259 0.667513
vt 0.796963 0.653333
vt 0.781132 0.645902
vt 0.738287 0.678390
vt 0.739658 0.691294
vt 0.367158 0.088489
vt 0.374068 0.108729
vt 0.359559 0.094108
vt 0.381571 0.081536
vt 0.807236 0.431425
vt 0.800547 0.443366
vt 0.799059 0.420884
vt 0.388401 0.100198
vt 0.383047 0.117787
vt 0.800174 0.395266
vt 0.789940 0.405580
vt 0.817740 0.399510
vt 0.826648 0.395177
vt 0.820005 0.388750
vt 0.821765 0.416180
vt 0.828580 0.401790
vt 0.810433 0.370687
vt 0.795670 0.361306
vt 0.784860 0.344359
vt 0.800560 0.351536
vt 0.808244 0.316368
vt 0.806641 0.296621
vt 0.366760 0.072930
vt 0.366935 0.060038
vt 0.372444 0.077049
vt 0.788749 0.417895
vt 0.786907 0.431295
vt 0.775992 0.427601
vt 0.383105 0.050922
vt 0.768948 0.413489
vt 0.158062 0.167836
vt 0.168887 0.171997
vt 0.167977 0.177537
vt 0.166987 0.164379
vt 0.903418 0.332819
vt 0.892021 0.346751
vt 0.894056 0.327169
vt 0.881521 0.321453
vt 0.882692 0.291195
vt 0.290394 0.109787
vt 0.287749 0.099735
vt 0.893410 0.587013
vt 0.901470 0.594460
vt 0.900367 0.606290
vt 0.893146 0.574862
vt 0.156178 0.183030
vt 0.894229 0.313744
vt 0.290054 0.068261
vt 0.291350 0.072350
vt 0.282587 0.067213
vt 0.385490 0.187004
vt 0.384914 0.161508
vt 0.172060 0.944197
vt 0.162148 0.921210
vt 0.177814 0.913117
vt 0.149460 0.928005
vt 0.733800 0.851829
vt 0.744486 0.857804
vt 0.758544 0.861195
vt 0.712417 0.838921
vt 0.714540 0.842950
vt 0.708510 0.844690
vt 0.525700 0.631256
vt 0.705009 0.715445
vt 0.890216 0.869416
vt 0.893368 0.846856
vt 0.902575 0.845489
vt 0.887171 0.860011
vt 0.883073 0.853571
vt 0.877488 0.834874
vt 0.206923 0.914954
vt 0.215965 0.929128
vt 0.206157 0.900942
vt 0.195312 0.899114
vt 0.884487 0.830112
vt 0.952265 0.534279
vt 0.987729 0.538920
vt 0.993278 0.549119
vt 0.896679 0.170419
vt 0.877162 0.153598
vt 0.905113 0.152930
vt 0.890280 0.151700
vt 0.956010 0.554600
vt 0.876040 0.169508
vt 0.997600 0.031940
vt 0.996199 0.042260
vt 0.991394 0.035333
vt 0.379523 0.702428
vt 0.358287 0.711262
vt 0.366473 0.695326
vt 0.329172 0.693991
vt 0.314043 0.700032
vt 0.336064 0.680072
vt 0.353770 0.708491
vt 0.370684 0.681887
vt 0.395870 0.696740
vt 0.933370 0.536488
vt 0.940706 0.526957
vt 0.944133 0.532482
vt 0.909555 0.161819
vt 0.937899 0.525728
vt 0.928240 0.541950
vt 0.790676 0.099313
vt 0.781340 0.093142
vt 0.794931 0.086032
vt 0.364170 0.679300
vt 0.367960 0.680470
vt 0.990125 0.127120
vt 0.985497 0.114434
vt 0.995253 0.114870
vt 0.872003 0.007427
vt 0.860973 0.009820
vt 0.860920 0.003020
vt 0.352781 0.676620
vt 0.358853 0.678998
vt 0.983266 0.123850
vt 0.889470 0.866090
vt 0.217807 0.933664
vt 0.890405 0.828387
vt 0.983554 0.075599
vt 0.975224 0.092148
vt 0.970112 0.076621
vt 0.993670 0.560150
vt 0.987851 0.560584
vt 0.992370 0.545310
vt 0.158209 0.713023
vt 0.166730 0.714174
vt 0.157383 0.722768
vt 0.574388 0.678558
vt 0.566434 0.669222
vt 0.578769 0.666945
vt 0.181490 0.525640
vt 0.178758 0.515298
vt 0.190373 0.518211
vt 0.614201 0.944903
vt 0.626699 0.954471
vt 0.611523 0.959622
vt 0.575210 0.659970
vt 0.155904 0.482857
vt 0.171937 0.485352
vt 0.160037 0.499377
vt 0.146885 0.493774
vt 0.141024 0.479824
vt 0.162576 0.450518
vt 0.191630 0.462748
vt 0.193113 0.487991
vt 0.208458 0.483149
vt 0.215492 0.467775
vt 0.214912 0.433792
vt 0.236687 0.491757
vt 0.239221 0.458432
vt 0.189196 0.435673
vt 0.194294 0.417187
vt 0.126032 0.489759
vt 0.130531 0.501753
vt 0.585624 0.685580
vt 0.175098 0.733109
vt 0.164505 0.727794
vt 0.177276 0.721311
vt 0.195123 0.709407
vt 0.177673 0.710367
vt 0.193198 0.699666
vt 0.170833 0.699738
vt 0.180062 0.702270
vt 0.207739 0.700940
vt 0.179798 0.693525
vt 0.155778 0.697714
vt 0.165802 0.698153
vt 0.151207 0.704168
vt 0.633377 0.933808
vt 0.647552 0.961823
vt 0.632401 0.961081
vt 0.636300 0.964180
vt 0.156232 0.671040
vt 0.152341 0.647416
vt 0.165234 0.648830
vt 0.172521 0.686582
vt 0.158016 0.690810
vt 0.166135 0.694828
vt 0.152726 0.639030
vt 0.673479 0.958006
vt 0.684960 0.967591
vt 0.903050 0.599490
vt 0.902600 0.597450
vt 0.398500 0.129681
vt 0.403922 0.123469
vt 0.405720 0.124960
vt 0.780500 0.464437
vt 0.757961 0.444090
vt 0.783758 0.454846
vt 0.792924 0.463097
vt 0.758948 0.599325
vt 0.754200 0.634598
vt 0.758311 0.622655
vt 0.787696 0.627301
vt 0.785231 0.612379
vt 0.775261 0.596868
vt 0.764276 0.576376
vt 0.773260 0.579150
vt 0.746081 0.584770
vt 0.474790 0.023698
vt 0.469033 0.015991
vt 0.483028 0.017476
vt 0.193640 0.079600
vt 0.190630 0.081890
vt 0.188370 0.079600
vt 0.157483 0.116264
vt 0.145586 0.117454
vt 0.144640 0.114600
vt 0.168751 0.119636
vt 0.177058 0.122123
vt 0.514161 0.336460
vt 0.308768 0.485969
vt 0.311991 0.472989
vt 0.324511 0.482585
vt 0.288667 0.478019
vt 0.326692 0.464230
vt 0.334206 0.453036
vt 0.305445 0.454505
vt 0.270286 0.468677
vt 0.253451 0.454385
vt 0.260045 0.426006
vt 0.262304 0.470888
vt 0.273839 0.493801
vt 0.253875 0.496865
vt 0.265190 0.523445
vt 0.234550 0.523910
vt 0.286602 0.505675
vt 0.252540 0.522310
vt 0.287354 0.522493
vt 0.211907 0.671910
vt 0.207312 0.690562
vt 0.194669 0.681324
vt 0.960488 0.010289
vt 0.953767 0.012297
vt 0.961740 0.005040
vt 0.212480 0.713750
vt 0.193300 0.725828
vt 0.593255 0.670642
vt 0.602787 0.662305
vt 0.609643 0.664187
vt 0.182998 0.738605
vt 0.591372 0.681966
vt 0.113230 0.491915
vt 0.487981 0.406906
vt 0.509062 0.401396
vt 0.525337 0.382638
vt 0.518651 0.454970
vt 0.796550 0.634211
vt 0.820019 0.627995
vt 0.811865 0.618180
vt 0.833410 0.640007
vt 0.804553 0.605006
vt 0.811568 0.592576
vt 0.826231 0.591697
vt 0.798191 0.664945
vt 0.807694 0.670499
vt 0.857618 0.088071
vt 0.863215 0.098052
vt 0.557087 0.400530
vt 0.550790 0.378264
vt 0.561168 0.372057
vt 0.565705 0.388844
vt 0.563410 0.359650
vt 0.528425 0.368659
vt 0.196012 0.957600
vt 0.736114 0.577281
vt 0.843263 0.412690
vt 0.832095 0.586618
vt 0.819999 0.572756
vt 0.822886 0.438826
vt 0.830700 0.430270
vt 0.842121 0.419310
vt 0.831247 0.422884
vt 0.702967 0.101139
vt 0.696538 0.668465
vt 0.693000 0.658900
vt 0.707449 0.678471
vt 0.566994 0.622327
vt 0.552875 0.614241
vt 0.540444 0.630999
vt 0.707543 0.696482
vt 0.699547 0.683952
vt 0.728716 0.679627
vt 0.722643 0.699034
vt 0.745222 0.701418
vt 0.848491 0.697755
vt 0.789190 0.584460
vt 0.799376 0.577487
vt 0.906243 0.194462
vt 0.914162 0.182648
vt 0.924514 0.190121
vt 0.904224 0.183219
vt 0.705556 0.939662
vt 0.694414 0.882364
vt 0.686849 0.889596
vt 0.028986 0.058383
vt 0.016629 0.056099
vt 0.033725 0.050457
vt 0.007960 0.052950
vt 0.004584 0.047906
vt 0.013537 0.037322
vt 0.693175 0.979928
vt 0.687894 0.981789
vt 0.692442 0.964437
vt 0.026491 0.035584
vt 0.024619 0.025046
vt 0.032064 0.024332
vt 0.683295 0.957571
vt 0.034278 0.040191
vt 0.829013 0.885397
vt 0.495033 0.068762
vt 0.483955 0.059640
vt 0.500433 0.061463
vt 0.502324 0.480799
vt 0.520165 0.469240
vt 0.508736 0.486399
vt 0.317543 0.508787
vt 0.308073 0.510177
vt 0.495299 0.505652
vt 0.519659 0.495614
vt 0.477332 0.064720
vt 0.491642 0.496633
vt 0.481898 0.489535
vt 0.302167 0.519142
vt 0.307167 0.519922
vt 0.511116 0.509890
vt 0.490078 0.519243
vt 0.518595 0.523510
vt 0.536255 0.501962
vt 0.496926 0.529789
vt 0.481382 0.517326
vt 0.488199 0.544601
vt 0.578481 0.462229
vt 0.575828 0.486376
vt 0.564648 0.469711
vt 0.341832 0.480290
vt 0.347380 0.486200
vt 0.342356 0.500179
vt 0.554588 0.496151
vt 0.568872 0.515793
vt 0.581159 0.528542
vt 0.550344 0.518525
vt 0.559749 0.539830
vt 0.584151 0.558867
vt 0.598902 0.547973
vt 0.610831 0.572324
vt 0.587539 0.574331
vt 0.353086 0.460845
vt 0.374150 0.464130
vt 0.593382 0.464381
vt 0.337661 0.510591
vt 0.525910 0.535954
vt 0.504993 0.544787
vt 0.517657 0.553361
vt 0.530712 0.552840
vt 0.635604 0.475673
vt 0.649989 0.478761
vt 0.671998 0.477248
vt 0.610895 0.472586
vt 0.460612 0.489411
vt 0.328987 0.654129
vt 0.362496 0.609443
vt 0.354428 0.628276
vt 0.373847 0.633124
vt 0.387344 0.607312
vt 0.849060 0.113507
vt 0.073788 0.543400
s 0
f 990/1/1 213/2/2 861/3/3
f 861/3/4 213/2/5 304/4/6
f 304/4/7 213/2/8 540/5/9
f 213/2/10 819/6/11 540/5/12
f 75/7/13 819/6/14 213/2/15
f 862/8/16 760/9/17 819/6/18
f 819/6/19 75/7/20 862/8/21
f 482/10/22 862/8/23 75/7/24
f 75/7/25 853/11/26 482/10/27
f 725/12/28 186/13/29 853/11/30
f 776/14/31 725/12/32 849/15/33
f 849/16/34 385/17/35 776/18/36
f 853/11/37 75/7/38 725/12/39
f 725/12/40 75/7/41 76/19/42
f 76/19/43 726/20/44 725/12/45
f 849/15/46 725/12/47 726/20/48
f 385/17/49 849/16/50 726/21/51
f 726/21/52 949/22/53 385/17/54
f 213/2/55 726/20/56 76/19/57
f 661/23/58 949/24/59 726/20/60
f 661/25/61 385/17/62 949/22/63
f 213/2/64 661/23/65 726/20/66
f 661/23/67 213/2/68 990/1/69
f 75/7/70 213/2/71 76/19/72
f 639/26/73 981/27/74 9/28/75
f 9/29/76 981/30/77 10/31/78
f 930/32/79 981/27/80 639/26/81
f 930/33/82 9/29/83 10/31/84
f 11/34/85 639/26/86 9/28/87
f 981/35/88 930/33/89 11/36/90
f 11/36/91 930/33/92 10/31/93
f 11/37/94 772/38/95 981/39/96
f 10/40/97 981/41/98 772/42/99
f 856/43/100 10/40/101 772/44/102
f 856/43/103 11/34/104 10/40/105
f 11/45/106 162/46/107 772/38/108
f 718/47/109 639/26/110 11/34/111
f 209/48/112 718/47/113 11/34/114
f 209/48/115 11/34/116 856/43/117
f 995/49/118 639/26/119 718/47/120
f 995/49/121 915/50/122 639/26/123
f 995/49/124 718/47/125 915/50/126
f 718/47/127 727/51/128 915/50/129
f 727/51/130 718/47/131 72/52/132
f 640/53/133 72/52/134 718/47/135
f 727/51/136 72/52/137 794/54/138
f 852/55/139 794/54/140 72/52/141
f 126/56/142 563/57/143 368/58/144
f 368/58/145 794/54/146 852/55/147
f 368/58/148 563/57/149 794/54/150
f 727/51/151 794/54/152 449/59/153
f 333/60/154 449/59/155 563/57/156
f 794/54/157 563/57/158 449/59/159
f 332/61/160 713/62/161 333/60/162
f 727/51/163 449/59/164 424/63/165
f 727/51/166 424/63/167 915/50/168
f 449/64/169 713/65/170 424/66/171
f 333/60/172 713/62/173 449/59/174
f 424/66/175 713/65/176 231/67/177
f 713/65/178 199/68/179 231/67/180
f 695/69/181 199/70/182 713/62/183
f 695/69/184 337/71/185 199/70/186
f 199/68/187 337/72/188 667/73/189
f 337/72/190 648/74/191 667/73/192
f 667/75/193 564/76/194 199/77/195
f 199/68/196 988/78/197 231/67/198
f 398/79/199 231/67/200 170/80/201
f 231/67/202 398/79/203 424/66/204
f 398/79/205 170/80/206 583/81/207
f 639/82/208 915/83/209 930/84/210
f 915/83/211 638/85/212 930/84/213
f 930/84/214 638/85/215 338/86/216
f 638/85/217 36/87/218 338/86/219
f 36/87/220 418/88/221 338/86/222
f 789/89/223 418/90/224 203/91/225
f 684/92/226 599/93/227 789/94/228
f 203/91/229 684/95/230 789/89/231
f 601/96/232 114/97/233 609/98/234
f 599/99/235 601/96/236 609/98/237
f 601/100/238 171/101/239 114/102/240
f 599/103/241 609/104/242 114/105/243
f 599/103/244 114/105/245 467/106/246
f 599/103/247 467/106/248 789/107/249
f 467/108/250 865/109/251 789/110/252
f 418/88/253 789/110/254 865/109/255
f 418/88/256 865/109/257 338/86/258
f 615/111/259 186/13/260 865/109/261
f 865/109/262 186/13/263 338/86/264
f 186/13/265 879/112/266 338/86/267
f 338/86/268 9/113/269 930/84/270
f 162/114/271 9/113/272 338/86/273
f 9/115/274 162/46/275 11/45/276
f 772/38/277 162/46/278 416/116/279
f 856/117/280 772/38/281 39/118/282
f 772/38/283 670/119/284 39/118/285
f 12/120/286 856/117/287 39/118/288
f 856/117/289 12/120/290 53/121/291
f 53/122/292 209/48/293 856/43/294
f 431/123/295 640/53/296 209/48/297
f 209/48/298 640/53/299 718/47/300
f 640/53/301 431/123/302 790/124/303
f 640/53/304 852/55/305 72/52/306
f 640/53/307 790/124/308 852/55/309
f 852/55/310 790/124/311 274/125/312
f 274/125/313 368/58/314 852/55/315
f 210/126/316 368/127/317 274/128/318
f 786/129/319 563/130/320 126/131/321
f 786/129/322 693/132/323 563/133/324
f 602/134/325 786/129/326 126/131/327
f 914/135/328 407/136/329 786/129/330
f 602/134/331 914/135/332 786/129/333
f 523/137/334 914/135/335 602/134/336
f 523/137/337 602/134/338 126/131/339
f 876/138/340 523/137/341 750/139/342
f 750/139/343 523/137/344 126/131/345
f 126/131/346 368/127/347 210/126/348
f 274/140/349 735/141/350 959/142/351
f 210/126/352 274/143/353 959/144/354
f 735/141/355 274/140/356 790/145/357
f 91/146/358 959/142/359 735/141/360
f 828/147/361 91/146/362 735/141/363
f 91/148/364 128/149/365 959/144/366
f 91/148/367 607/150/368 128/149/369
f 465/151/370 935/152/371 385/17/372
f 935/152/373 776/18/374 385/17/375
f 776/18/376 935/152/377 957/153/378
f 284/154/379 725/12/380 776/14/381
f 186/13/382 725/12/383 284/154/384
f 776/18/385 957/153/386 544/155/387
f 641/156/388 544/155/389 957/153/390
f 412/157/391 641/156/392 957/153/393
f 416/116/394 641/156/395 670/119/396
f 544/155/397 641/156/398 416/116/399
f 428/158/400 670/119/401 641/156/402
f 670/119/403 772/38/404 416/116/405
f 416/116/406 576/159/407 544/155/408
f 576/159/409 416/116/410 956/160/411
f 956/160/412 416/116/413 162/46/414
f 338/86/415 879/112/416 162/114/417
f 956/161/418 162/114/419 879/112/420
f 544/162/421 284/154/422 776/14/423
f 576/159/424 284/163/425 544/155/426
f 576/164/427 879/112/428 284/154/429
f 576/164/430 956/161/431 879/112/432
f 186/13/433 615/111/434 853/11/435
f 186/13/436 284/154/437 879/112/438
f 423/165/439 989/166/440 25/167/441
f 56/168/442 423/165/443 25/167/444
f 161/169/445 788/170/446 423/171/447
f 423/171/448 56/172/449 161/169/450
f 56/172/451 771/173/452 161/169/453
f 240/174/454 423/165/455 788/175/456
f 426/176/457 989/177/458 103/178/459
f 989/177/460 457/179/461 103/178/462
f 989/177/463 426/176/464 425/180/465
f 425/181/466 277/182/467 989/166/468
f 277/183/469 425/180/470 108/184/471
f 25/167/472 989/166/473 277/182/474
f 277/182/475 542/185/476 25/167/477
f 55/186/478 25/167/479 542/185/480
f 55/186/481 542/185/482 822/187/483
f 577/188/484 822/189/485 542/190/486
f 692/191/487 822/189/488 577/188/489
f 108/184/490 889/192/491 277/183/492
f 425/180/493 426/176/494 108/184/495
f 108/184/496 426/176/497 460/193/498
f 103/178/499 460/193/500 426/176/501
f 103/178/502 918/194/503 460/193/504
f 460/193/505 939/195/506 502/196/507
f 108/184/508 460/193/509 529/197/510
f 460/193/511 4/198/512 529/197/513
f 826/199/514 460/193/515 502/196/516
f 826/199/517 4/198/518 460/193/519
f 826/200/520 3/201/521 4/198/522
f 826/202/523 2/203/524 3/204/525
f 2/203/526 826/202/527 529/205/528
f 2/206/529 529/207/530 4/208/531
f 245/209/532 4/198/533 3/201/534
f 245/210/535 2/211/536 4/212/537
f 529/213/538 245/214/539 889/215/540
f 543/216/541 3/217/542 2/211/543
f 889/215/544 245/214/545 3/218/546
f 3/219/547 543/220/548 552/221/549
f 249/222/550 889/192/551 3/219/552
f 249/222/553 3/219/554 552/221/555
f 249/222/556 410/223/557 283/224/558
f 543/220/559 269/225/560 552/221/561
f 269/226/562 543/227/563 741/228/564
f 741/228/565 770/229/566 269/226/567
f 770/230/568 313/231/569 269/232/570
f 740/233/571 543/234/572 2/235/573
f 2/235/574 245/236/575 740/233/576
f 740/237/577 742/238/578 543/239/579
f 742/240/580 741/228/581 543/241/582
f 742/242/583 770/229/584 741/228/585
f 770/243/586 742/238/587 740/237/588
f 252/244/589 740/233/590 397/245/591
f 252/244/592 174/246/593 740/233/594
f 740/233/595 180/247/596 397/245/597
f 740/233/598 245/236/599 529/248/600
f 180/249/601 740/250/602 529/251/603
f 158/252/604 5/253/605 180/247/606
f 397/245/607 180/247/608 675/254/609
f 397/245/610 215/255/611 252/244/612
f 397/245/613 675/254/614 215/255/615
f 180/247/616 5/253/617 675/254/618
f 158/256/619 913/257/620 5/258/621
f 158/252/622 180/247/623 451/259/624
f 451/260/625 180/249/626 529/261/627
f 889/192/628 108/184/629 529/197/630
f 282/262/631 889/192/632 249/222/633
f 282/263/634 277/264/635 889/265/636
f 277/266/637 282/262/638 542/267/639
f 282/262/640 249/222/641 283/224/642
f 542/267/643 282/262/644 871/268/645
f 283/224/646 871/268/647 282/262/648
f 552/221/649 919/269/650 249/222/651
f 63/270/652 552/221/653 269/225/654
f 552/221/655 63/270/656 919/269/657
f 919/269/658 63/270/659 779/271/660
f 866/272/661 779/271/662 63/270/663
f 919/269/664 29/273/665 249/222/666
f 919/269/667 779/271/668 29/273/669
f 488/274/670 779/271/671 866/272/672
f 488/274/673 866/272/674 312/275/675
f 230/276/676 779/271/677 488/274/678
f 29/273/679 779/271/680 230/276/681
f 488/274/682 229/277/683 230/276/684
f 488/278/685 312/279/686 986/280/687
f 986/281/688 229/277/689 488/274/690
f 312/279/691 866/282/692 63/283/693
f 997/284/694 230/276/695 229/277/696
f 453/285/697 997/284/698 229/277/699
f 997/284/700 453/285/701 331/286/702
f 453/287/703 229/288/704 986/289/705
f 174/290/706 312/291/707 770/243/708
f 740/237/709 174/290/710 770/243/711
f 770/243/712 312/291/713 313/292/714
f 174/290/715 986/289/716 312/291/717
f 738/293/718 529/294/719 826/295/720
f 529/294/721 557/296/722 451/297/723
f 557/296/724 529/294/725 738/293/726
f 557/296/727 158/298/728 451/297/729
f 557/299/730 913/300/731 158/252/732
f 613/301/733 215/255/734 675/254/735
f 300/302/736 90/303/737 613/304/738
f 613/301/739 675/254/740 5/253/741
f 613/301/742 5/253/743 422/305/744
f 54/306/745 300/302/746 613/304/747
f 215/255/748 613/301/749 90/307/750
f 215/255/751 90/307/752 832/308/753
f 827/309/754 252/244/755 215/255/756
f 174/310/757 252/244/758 455/311/759
f 455/312/760 986/289/761 174/290/762
f 827/309/763 455/311/764 252/244/765
f 215/313/766 301/314/767 827/315/768
f 455/316/769 453/317/770 986/318/771
f 454/319/772 453/317/773 455/316/774
f 453/285/775 1/320/776 331/286/777
f 712/321/778 526/322/779 1/323/780
f 1/323/781 526/322/782 331/324/783
f 526/322/784 985/325/785 331/324/786
f 331/324/787 985/325/788 230/326/789
f 712/321/790 1/323/791 134/327/792
f 134/328/793 1/320/794 453/285/795
f 454/319/796 134/327/797 453/317/798
f 827/309/799 454/329/800 455/311/801
f 134/327/802 380/330/803 712/321/804
f 127/331/805 712/321/806 380/330/807
f 134/327/808 827/315/809 380/330/810
f 827/315/811 134/327/812 454/319/813
f 405/332/814 712/321/815 127/331/816
f 405/332/817 127/331/818 746/333/819
f 405/332/820 746/333/821 165/334/822
f 712/321/823 405/332/824 292/335/825
f 712/336/826 292/337/827 526/338/828
f 526/338/829 292/337/830 146/339/831
f 526/338/832 146/339/833 985/340/834
f 985/325/835 653/341/836 230/326/837
f 230/326/838 653/341/839 317/342/840
f 997/284/841 331/286/842 230/276/843
f 785/343/844 502/344/845 939/345/846
f 826/346/847 226/347/848 738/293/849
f 826/346/850 502/348/851 226/347/852
f 227/349/853 557/350/854 738/351/855
f 227/349/856 5/258/857 913/257/858
f 422/305/859 5/253/860 227/352/861
f 400/353/862 54/354/863 613/355/864
f 54/354/865 400/353/866 159/356/867
f 227/349/868 159/356/869 400/353/870
f 325/357/871 832/308/872 90/307/873
f 90/307/874 300/358/875 456/359/876
f 163/360/877 214/361/878 300/302/879
f 297/362/880 214/361/881 163/360/882
f 876/138/883 561/363/884 297/362/885
f 214/361/886 297/362/887 962/364/888
f 300/365/889 214/366/890 456/359/891
f 456/359/892 214/366/893 962/367/894
f 939/345/895 903/368/896 785/369/897
f 918/194/898 939/195/899 460/193/900
f 939/195/901 918/194/902 903/370/903
f 903/371/904 479/372/905 1000/373/906
f 754/374/907 785/375/908 903/371/909
f 1000/373/910 754/374/911 903/371/912
f 934/376/913 785/375/914 754/374/915
f 785/377/916 226/347/917 502/348/918
f 785/375/919 934/376/920 226/378/921
f 934/376/922 551/379/923 226/378/924
f 934/380/925 716/381/926 551/382/927
f 351/383/928 716/381/929 934/380/930
f 934/380/931 754/384/932 351/383/933
f 351/383/934 883/385/935 716/381/936
f 883/385/937 351/383/938 407/136/939
f 883/385/940 914/135/941 372/386/942
f 407/136/943 914/135/944 883/385/945
f 716/381/946 883/385/947 372/386/948
f 375/387/949 716/381/950 372/386/951
f 716/381/952 54/306/953 159/388/954
f 613/355/955 422/389/956 400/353/957
f 400/390/958 422/305/959 227/352/960
f 738/351/961 551/379/962 227/349/963
f 227/391/964 551/382/965 716/381/966
f 738/351/967 226/378/968 551/379/969
f 456/359/970 720/392/971 678/393/972
f 325/357/973 456/359/974 678/393/975
f 456/359/976 325/357/977 90/307/978
f 325/394/979 582/395/980 832/396/981
f 325/394/982 678/397/983 582/395/984
f 582/395/985 514/398/986 301/314/987
f 582/395/988 301/314/989 832/396/990
f 834/399/991 514/398/992 582/395/993
f 102/400/994 514/398/995 834/399/996
f 102/400/997 319/401/998 514/398/999
f 319/401/1000 102/400/1001 383/402/1002
f 582/395/1003 340/403/1004 834/399/1005
f 720/404/1006 582/395/1007 678/397/1008
f 582/395/1009 720/404/1010 340/403/1011
f 456/359/1012 340/405/1013 720/392/1014
f 340/405/1015 456/359/1016 948/406/1017
f 962/364/1018 948/407/1019 456/408/1020
f 67/409/1021 948/407/1022 962/364/1023
f 962/364/1024 68/410/1025 67/409/1026
f 679/411/1027 340/412/1028 948/407/1029
f 977/413/1030 679/411/1031 948/407/1032
f 470/414/1033 977/413/1034 948/407/1035
f 773/415/1036 470/416/1037 926/417/1038
f 878/418/1039 977/419/1040 470/420/1041
f 834/399/1042 340/403/1043 679/421/1044
f 679/411/1045 977/413/1046 834/422/1047
f 878/418/1048 631/423/1049 977/419/1050
f 608/424/1051 977/419/1052 631/423/1053
f 878/418/1054 506/425/1055 631/423/1056
f 608/424/1057 505/426/1058 977/419/1059
f 608/424/1060 403/427/1061 505/426/1062
f 35/428/1063 505/426/1064 403/427/1065
f 608/424/1066 295/429/1067 92/430/1068
f 403/427/1069 608/424/1070 92/430/1071
f 403/427/1072 92/430/1073 343/431/1074
f 403/427/1075 343/431/1076 35/428/1077
f 343/431/1078 124/432/1079 35/428/1080
f 124/432/1081 518/433/1082 35/428/1083
f 697/434/1084 518/433/1085 124/432/1086
f 343/431/1087 92/430/1088 23/435/1089
f 345/436/1090 160/437/1091 23/435/1092
f 23/435/1093 194/438/1094 343/431/1095
f 194/438/1096 124/432/1097 343/431/1098
f 23/435/1099 334/439/1100 194/438/1101
f 334/439/1102 23/435/1103 160/437/1104
f 618/440/1105 334/439/1106 160/437/1107
f 160/437/1108 345/436/1109 145/441/1110
f 145/441/1111 345/436/1112 797/442/1113
f 797/442/1114 345/436/1115 295/429/1116
f 626/443/1117 797/442/1118 295/429/1119
f 295/429/1120 605/444/1121 626/443/1122
f 295/429/1123 345/436/1124 92/430/1125
f 433/445/1126 626/443/1127 605/444/1128
f 401/446/1129 433/445/1130 605/444/1131
f 401/446/1132 605/444/1133 233/447/1134
f 233/447/1135 605/444/1136 295/429/1137
f 608/424/1138 631/423/1139 295/429/1140
f 837/448/1141 233/447/1142 295/429/1143
f 837/448/1144 295/429/1145 631/423/1146
f 233/447/1147 837/448/1148 273/449/1149
f 837/448/1150 27/450/1151 273/449/1152
f 233/447/1153 273/449/1154 318/451/1155
f 837/448/1156 477/452/1157 27/450/1158
f 27/450/1159 477/452/1160 316/453/1161
f 228/454/1162 127/331/1163 380/330/1164
f 228/454/1165 380/330/1166 514/398/1167
f 301/314/1168 514/398/1169 380/330/1170
f 228/454/1171 514/398/1172 825/455/1173
f 228/454/1174 825/455/1175 120/456/1176
f 127/331/1177 228/454/1178 746/333/1179
f 228/454/1180 120/456/1181 746/333/1182
f 746/333/1183 120/456/1184 165/334/1185
f 481/457/1186 120/456/1187 825/455/1188
f 481/457/1189 825/455/1190 289/458/1191
f 481/457/1192 289/458/1193 120/456/1194
f 120/456/1195 289/458/1196 290/459/1197
f 905/460/1198 120/461/1199 290/462/1200
f 933/463/1201 290/462/1202 289/464/1203
f 290/465/1204 933/466/1205 413/467/1206
f 290/465/1207 413/467/1208 225/468/1209
f 290/465/1210 225/468/1211 905/469/1212
f 697/470/1213 413/471/1214 933/463/1215
f 195/472/1216 413/467/1217 697/434/1218
f 195/472/1219 839/473/1220 413/467/1221
f 905/469/1222 225/468/1223 627/474/1224
f 627/474/1225 40/475/1226 905/469/1227
f 627/474/1228 446/476/1229 40/475/1230
f 48/477/1231 446/476/1232 627/474/1233
f 944/478/1234 792/479/1235 627/474/1236
f 48/477/1237 627/474/1238 792/479/1239
f 499/480/1240 446/481/1241 842/482/1242
f 446/481/1243 499/483/1244 165/484/1245
f 40/485/1246 446/481/1247 165/484/1248
f 165/484/1249 905/460/1250 40/485/1251
f 165/484/1252 120/461/1253 905/460/1254
f 832/396/1255 301/314/1256 215/313/1257
f 301/314/1258 380/330/1259 827/315/1260
f 825/455/1261 202/486/1262 289/458/1263
f 518/487/1264 289/464/1265 411/488/1266
f 933/463/1267 289/464/1268 518/487/1269
f 289/489/1270 383/490/1271 411/491/1272
f 202/492/1273 383/490/1274 289/489/1275
f 383/402/1276 202/486/1277 319/401/1278
f 825/455/1279 319/401/1280 202/486/1281
f 514/398/1282 319/401/1283 825/455/1284
f 505/493/1285 102/400/1286 834/399/1287
f 977/494/1288 505/495/1289 834/496/1290
f 505/497/1291 35/498/1292 102/499/1293
f 35/498/1294 383/500/1295 102/499/1296
f 411/501/1297 383/500/1298 35/502/1299
f 411/488/1300 35/503/1301 518/487/1302
f 518/433/1303 697/434/1304 933/504/1305
f 194/438/1306 195/472/1307 697/434/1308
f 194/438/1309 697/434/1310 124/432/1311
f 194/438/1312 839/473/1313 195/472/1314
f 334/439/1315 839/473/1316 194/438/1317
f 334/439/1318 621/505/1319 839/473/1320
f 621/505/1321 937/506/1322 839/473/1323
f 937/506/1324 413/467/1325 839/473/1326
f 413/467/1327 937/506/1328 225/468/1329
f 225/468/1330 944/478/1331 627/474/1332
f 792/479/1333 944/478/1334 257/507/1335
f 48/477/1336 792/479/1337 258/508/1338
f 258/508/1339 446/476/1340 48/477/1341
f 258/508/1342 448/509/1343 446/476/1344
f 448/509/1345 842/510/1346 446/476/1347
f 258/508/1348 792/479/1349 594/511/1350
f 257/507/1351 594/511/1352 792/479/1353
f 257/507/1354 363/512/1355 594/511/1356
f 363/512/1357 257/507/1358 970/513/1359
f 970/513/1360 293/514/1361 153/515/1362
f 970/513/1363 257/507/1364 293/514/1365
f 970/513/1366 550/516/1367 363/512/1368
f 550/516/1369 970/513/1370 153/515/1371
f 363/512/1372 550/516/1373 730/517/1374
f 515/518/1375 550/516/1376 553/519/1377
f 515/518/1378 328/520/1379 550/516/1380
f 515/518/1381 745/521/1382 328/520/1383
f 515/522/1384 553/523/1385 435/524/1386
f 553/523/1387 6/525/1388 435/524/1389
f 553/519/1390 153/515/1391 549/526/1392
f 153/515/1393 553/519/1394 550/516/1395
f 549/526/1396 153/515/1397 294/527/1398
f 153/515/1399 293/514/1400 744/528/1401
f 8/529/1402 553/530/1403 549/531/1404
f 257/507/1405 944/478/1406 427/532/1407
f 225/468/1408 937/506/1409 944/478/1410
f 621/505/1411 944/478/1412 937/506/1413
f 427/532/1414 944/478/1415 621/505/1416
f 744/528/1417 427/532/1418 621/505/1419
f 744/528/1420 562/533/1421 427/532/1422
f 257/507/1423 427/532/1424 293/514/1425
f 427/532/1426 562/533/1427 293/514/1428
f 744/528/1429 293/514/1430 562/533/1431
f 294/527/1432 153/515/1433 744/528/1434
f 744/528/1435 707/534/1436 294/527/1437
f 8/529/1438 549/531/1439 271/535/1440
f 271/535/1441 549/531/1442 901/536/1443
f 901/536/1444 549/531/1445 294/537/1446
f 901/536/1447 294/537/1448 665/538/1449
f 665/538/1450 546/539/1451 901/536/1452
f 799/540/1453 901/536/1454 546/539/1455
f 546/541/1456 665/542/1457 294/543/1458
f 294/544/1459 628/545/1460 546/539/1461
f 546/539/1462 628/545/1463 799/540/1464
f 799/540/1465 512/546/1466 901/536/1467
f 901/547/1468 434/548/1469 271/549/1470
f 512/550/1471 434/548/1472 901/547/1473
f 892/551/1474 512/552/1475 799/553/1476
f 892/554/1477 731/555/1478 512/556/1479
f 799/540/1480 628/545/1481 296/557/1482
f 296/557/1483 89/558/1484 799/540/1485
f 146/559/1486 147/560/1487 985/561/1488
f 653/562/1489 985/561/1490 147/560/1491
f 292/337/1492 38/563/1493 146/339/1494
f 38/564/1495 292/335/1496 405/332/1497
f 38/564/1498 78/565/1499 146/559/1500
f 38/564/1501 784/566/1502 78/565/1503
f 38/564/1504 719/567/1505 784/566/1506
f 719/568/1507 38/564/1508 405/332/1509
f 498/569/1510 719/568/1511 405/332/1512
f 405/332/1513 165/334/1514 498/569/1515
f 499/483/1516 498/570/1517 165/484/1518
f 58/571/1519 78/572/1520 57/573/1521
f 58/571/1522 931/574/1523 147/575/1524
f 855/576/1525 931/574/1526 58/571/1527
f 57/573/1528 855/576/1529 58/571/1530
f 57/573/1531 150/577/1532 310/578/1533
f 150/577/1534 57/573/1535 78/572/1536
f 78/572/1537 77/579/1538 150/577/1539
f 57/580/1540 218/581/1541 855/582/1542
f 924/583/1543 57/573/1544 310/578/1545
f 77/579/1546 784/584/1547 99/585/1548
f 784/584/1549 77/579/1550 78/572/1551
f 719/586/1552 99/585/1553 784/587/1554
f 77/579/1555 99/585/1556 149/588/1557
f 77/579/1558 149/588/1559 150/577/1560
f 310/578/1561 150/577/1562 149/588/1563
f 708/589/1564 149/588/1565 435/524/1566
f 99/585/1567 745/590/1568 149/588/1569
f 99/585/1570 842/591/1571 729/592/1572
f 328/593/1573 99/585/1574 729/592/1575
f 745/590/1576 99/585/1577 328/593/1578
f 745/590/1579 435/524/1580 149/588/1581
f 745/590/1582 515/522/1583 435/524/1584
f 6/525/1585 43/594/1586 435/524/1587
f 435/524/1588 710/595/1589 434/548/1590
f 43/594/1591 710/595/1592 435/524/1593
f 435/524/1594 434/548/1595 622/596/1596
f 310/578/1597 149/588/1598 708/589/1599
f 310/578/1600 708/589/1601 622/596/1602
f 653/597/1603 147/575/1604 931/574/1605
f 270/598/1606 931/574/1607 855/576/1608
f 270/598/1609 855/576/1610 218/599/1611
f 270/598/1612 848/600/1613 931/574/1614
f 636/601/1615 848/600/1616 270/598/1617
f 270/598/1618 388/602/1619 636/601/1620
f 924/603/1621 270/604/1622 218/581/1623
f 924/605/1624 388/606/1625 270/607/1626
f 636/601/1627 388/602/1628 268/608/1629
f 636/601/1630 268/608/1631 530/609/1632
f 530/609/1633 268/608/1634 89/610/1635
f 644/611/1636 530/612/1637 45/613/1638
f 530/612/1639 89/558/1640 45/613/1641
f 89/558/1642 296/557/1643 45/613/1644
f 799/614/1645 89/610/1646 892/615/1647
f 218/581/1648 57/616/1649 924/603/1650
f 317/342/1651 461/617/1652 230/326/1653
f 461/618/1654 29/273/1655 230/276/1656
f 362/619/1657 317/620/1658 654/621/1659
f 362/619/1660 654/621/1661 848/600/1662
f 655/622/1663 848/600/1664 654/621/1665
f 317/620/1666 653/597/1667 654/621/1668
f 653/597/1669 655/622/1670 654/621/1671
f 688/623/1672 653/597/1673 931/574/1674
f 655/622/1675 653/597/1676 688/623/1677
f 848/600/1678 655/622/1679 688/623/1680
f 688/624/1681 931/625/1682 848/626/1683
f 146/627/1684 78/628/1685 147/575/1686
f 78/628/1687 58/629/1688 147/575/1689
f 842/630/1690 719/631/1691 498/570/1692
f 498/570/1693 499/483/1694 842/630/1695
f 99/585/1696 719/586/1697 842/591/1698
f 842/510/1699 448/509/1700 729/632/1701
f 328/593/1702 729/592/1703 445/633/1704
f 550/516/1705 328/520/1706 730/517/1707
f 729/634/1708 730/517/1709 445/635/1710
f 258/636/1711 730/637/1712 729/638/1713
f 363/639/1714 730/637/1715 258/636/1716
f 594/511/1717 363/640/1718 258/508/1719
f 729/638/1720 448/641/1721 258/636/1722
f 407/136/1723 758/642/1724 693/643/1725
f 693/644/1726 786/645/1727 407/646/1728
f 351/383/1729 758/642/1730 407/136/1731
f 914/135/1732 523/137/1733 897/647/1734
f 523/137/1735 876/138/1736 897/647/1737
f 876/138/1738 597/648/1739 897/647/1740
f 372/386/1741 914/135/1742 897/647/1743
f 372/386/1744 897/647/1745 597/648/1746
f 597/648/1747 375/387/1748 372/386/1749
f 163/360/1750 375/387/1751 597/648/1752
f 597/648/1753 876/138/1754 163/360/1755
f 876/138/1756 750/139/1757 765/649/1758
f 297/362/1759 163/360/1760 876/138/1761
f 765/649/1762 561/363/1763 876/138/1764
f 750/139/1765 210/126/1766 128/149/1767
f 959/144/1768 128/149/1769 210/126/1770
f 750/139/1771 126/131/1772 210/126/1773
f 7/650/1774 710/651/1775 43/652/1776
f 7/653/1777 8/529/1778 710/654/1779
f 7/655/1780 43/656/1781 732/657/1782
f 732/658/1783 8/529/1784 271/535/1785
f 43/656/1786 434/659/1787 732/657/1788
f 8/529/1789 6/660/1790 553/530/1791
f 6/660/1792 8/529/1793 7/653/1794
f 732/661/1795 6/662/1796 7/663/1797
f 271/535/1798 6/660/1799 732/658/1800
f 6/660/1801 434/664/1802 43/665/1803
f 6/660/1804 271/535/1805 434/664/1806
f 710/666/1807 732/657/1808 434/659/1809
f 710/666/1810 8/667/1811 732/657/1812
f 622/596/1813 708/589/1814 435/524/1815
f 731/555/1816 434/668/1817 512/556/1818
f 434/548/1819 731/669/1820 622/596/1821
f 731/669/1822 892/615/1823 622/596/1824
f 892/615/1825 89/610/1826 268/608/1827
f 892/615/1828 268/608/1829 388/602/1830
f 892/615/1831 388/602/1832 924/583/1833
f 310/578/1834 622/596/1835 924/583/1836
f 892/615/1837 924/583/1838 622/596/1839
f 557/350/1840 227/349/1841 913/257/1842
f 351/383/1843 754/384/1844 1000/670/1845
f 1000/670/1846 887/671/1847 351/383/1848
f 887/672/1849 758/673/1850 351/674/1851
f 887/672/1852 1000/373/1853 479/372/1854
f 918/675/1855 479/676/1856 903/677/1857
f 103/178/1858 864/678/1859 918/194/1860
f 667/679/1861 918/675/1862 864/680/1863
f 648/681/1864 918/675/1865 667/679/1866
f 667/682/1867 864/678/1868 564/683/1869
f 199/77/1870 564/76/1871 988/684/1872
f 758/685/1873 887/686/1874 695/69/1875
f 337/71/1876 695/69/1877 887/686/1878
f 887/686/1879 648/687/1880 337/71/1881
f 479/676/1882 918/675/1883 648/681/1884
f 887/688/1885 479/676/1886 648/681/1887
f 716/689/1888 159/356/1889 227/349/1890
f 693/690/1891 758/685/1892 695/69/1893
f 693/132/1894 593/691/1895 563/133/1896
f 332/61/1897 563/57/1898 593/692/1899
f 563/57/1900 332/61/1901 333/60/1902
f 593/692/1903 713/62/1904 332/61/1905
f 593/692/1906 695/69/1907 713/62/1908
f 695/69/1909 593/692/1910 693/690/1911
f 724/693/1912 169/694/1913 70/695/1914
f 493/696/1915 70/695/1916 169/694/1917
f 493/697/1918 715/698/1919 70/699/1920
f 493/696/1921 169/700/1922 804/701/1923
f 804/702/1924 169/703/1925 614/704/1926
f 169/703/1927 724/705/1928 614/704/1929
f 724/705/1930 803/706/1931 614/704/1932
f 614/704/1933 803/706/1934 943/707/1935
f 524/708/1936 943/707/1937 803/706/1938
f 793/709/1939 943/707/1940 524/708/1941
f 803/706/1942 704/710/1943 524/708/1944
f 69/711/1945 804/712/1946 614/713/1947
f 69/714/1948 193/715/1949 804/716/1950
f 715/717/1951 493/696/1952 791/718/1953
f 494/719/1954 791/718/1955 493/696/1956
f 649/720/1957 494/719/1958 493/696/1959
f 148/721/1960 494/719/1961 649/720/1962
f 275/722/1963 494/719/1964 148/721/1965
f 649/720/1966 707/534/1967 148/721/1968
f 649/723/1969 493/724/1970 804/716/1971
f 193/715/1972 649/723/1973 804/716/1974
f 649/720/1975 193/725/1976 707/534/1977
f 193/726/1978 628/545/1979 707/727/1980
f 707/534/1981 596/728/1982 148/721/1983
f 628/729/1984 294/527/1985 707/534/1986
f 296/557/1987 628/545/1988 45/613/1989
f 628/545/1990 193/726/1991 45/613/1992
f 193/726/1993 386/730/1994 45/613/1995
f 644/611/1996 45/613/1997 668/731/1998
f 386/730/1999 668/731/2000 45/613/2001
f 644/611/2002 26/732/2003 530/612/2004
f 26/732/2005 644/611/2006 391/733/2007
f 26/732/2008 969/734/2009 530/612/2010
f 969/734/2011 636/735/2012 530/612/2013
f 474/736/2014 391/733/2015 624/737/2016
f 391/733/2017 46/738/2018 951/739/2019
f 782/740/2020 391/733/2021 644/611/2022
f 644/611/2023 668/731/2024 782/740/2025
f 391/733/2026 782/740/2027 46/741/2028
f 783/742/2029 491/743/2030 105/744/2031
f 491/743/2032 278/745/2033 105/744/2034
f 278/745/2035 491/743/2036 267/746/2037
f 783/747/2038 105/748/2039 560/749/2040
f 560/750/2041 105/744/2042 30/751/2043
f 105/752/2044 278/753/2045 814/754/2046
f 64/755/2047 105/752/2048 259/756/2049
f 560/749/2050 747/757/2051 783/747/2052
f 560/749/2053 96/758/2054 747/757/2055
f 105/759/2056 64/760/2057 30/751/2058
f 96/761/2059 30/751/2060 62/762/2061
f 560/749/2062 30/763/2063 96/758/2064
f 468/764/2065 469/765/2066 15/766/2067
f 993/767/2068 469/768/2069 468/769/2070
f 304/4/2071 993/770/2072 468/771/2073
f 993/770/2074 540/5/2075 469/772/2076
f 469/772/2077 540/5/2078 760/9/2079
f 819/6/2080 760/9/2081 540/5/2082
f 540/5/2083 993/770/2084 304/4/2085
f 183/773/2086 829/774/2087 545/775/2088
f 545/775/2089 829/774/2090 402/776/2091
f 570/777/2092 709/778/2093 353/779/2094
f 975/780/2095 570/777/2096 353/779/2097
f 975/781/2098 353/782/2099 545/775/2100
f 570/783/2101 975/781/2102 927/784/2103
f 761/785/2104 927/784/2105 975/781/2106
f 975/781/2107 545/775/2108 402/776/2109
f 975/781/2110 402/776/2111 761/785/2112
f 402/776/2113 548/786/2114 823/787/2115
f 402/776/2116 972/788/2117 761/785/2118
f 972/788/2119 402/776/2120 823/787/2121
f 570/783/2122 927/784/2123 259/789/2124
f 62/762/2125 30/751/2126 64/760/2127
f 64/790/2128 1004/791/2129 62/792/2130
f 168/793/2131 747/757/2132 600/794/2133
f 747/757/2134 96/758/2135 600/794/2136
f 263/795/2137 783/747/2138 129/796/2139
f 129/796/2140 783/747/2141 747/757/2142
f 129/796/2143 747/757/2144 437/797/2145
f 263/795/2146 129/796/2147 938/798/2148
f 938/798/2149 129/796/2150 691/799/2151
f 660/800/2152 129/796/2153 437/797/2154
f 566/801/2155 565/802/2156 660/800/2157
f 144/803/2158 566/801/2159 660/800/2160
f 437/797/2161 144/803/2162 660/800/2163
f 567/804/2164 144/803/2165 632/805/2166
f 717/806/2167 567/804/2168 632/805/2169
f 960/807/2170 566/801/2171 144/803/2172
f 144/803/2173 567/804/2174 960/807/2175
f 474/736/2176 619/808/2177 717/809/2178
f 717/809/2179 619/808/2180 657/810/2181
f 717/809/2182 657/810/2183 749/811/2184
f 619/808/2185 474/736/2186 624/737/2187
f 922/812/2188 619/813/2189 624/814/2190
f 619/813/2191 922/812/2192 657/815/2193
f 624/816/2194 734/817/2195 922/812/2196
f 734/817/2197 960/807/2198 922/812/2199
f 656/818/2200 922/812/2201 960/807/2202
f 657/819/2203 922/812/2204 749/820/2205
f 567/821/2206 717/809/2207 749/811/2208
f 749/820/2209 922/812/2210 567/804/2211
f 960/807/2212 567/804/2213 656/818/2214
f 922/812/2215 656/818/2216 567/804/2217
f 566/801/2218 960/807/2219 734/817/2220
f 565/802/2221 566/801/2222 734/817/2223
f 734/817/2224 624/816/2225 565/802/2226
f 951/822/2227 565/802/2228 624/816/2229
f 46/823/2230 565/802/2231 951/822/2232
f 46/823/2233 660/800/2234 565/802/2235
f 951/824/2236 624/737/2237 391/733/2238
f 782/825/2239 490/826/2240 46/823/2241
f 668/827/2242 490/828/2243 782/829/2244
f 668/731/2245 909/830/2246 490/831/2247
f 386/730/2248 909/830/2249 668/731/2250
f 490/831/2251 909/830/2252 119/832/2253
f 119/833/2254 909/834/2255 336/835/2256
f 336/835/2257 943/836/2258 119/833/2259
f 943/836/2260 793/837/2261 390/838/2262
f 614/704/2263 943/707/2264 69/839/2265
f 69/840/2266 943/841/2267 224/842/2268
f 69/843/2269 224/844/2270 156/845/2271
f 156/845/2272 224/844/2273 676/846/2274
f 69/714/2275 156/847/2276 193/715/2277
f 193/715/2278 156/847/2279 676/848/2280
f 386/730/2281 193/726/2282 676/849/2283
f 943/836/2284 336/835/2285 224/850/2286
f 224/850/2287 336/835/2288 909/851/2289
f 224/850/2290 909/851/2291 676/846/2292
f 386/730/2293 676/849/2294 909/830/2295
f 994/852/2296 373/853/2297 371/854/2298
f 376/855/2299 373/856/2300 994/857/2301
f 373/856/2302 376/855/2303 492/858/2304
f 646/859/2305 371/860/2306 373/861/2307
f 376/855/2308 994/857/2309 444/862/2310
f 133/863/2311 376/855/2312 444/862/2313
f 651/864/2314 376/855/2315 133/863/2316
f 444/862/2317 250/865/2318 133/863/2319
f 441/866/2320 250/865/2321 444/862/2322
f 250/865/2323 367/867/2324 133/863/2325
f 367/867/2326 250/865/2327 115/868/2328
f 367/867/2329 115/868/2330 369/869/2331
f 466/870/2332 115/868/2333 250/865/2334
f 466/870/2335 250/865/2336 820/871/2337
f 115/868/2338 251/872/2339 369/869/2340
f 115/868/2341 52/873/2342 251/872/2343
f 52/873/2344 115/868/2345 466/870/2346
f 820/871/2347 496/874/2348 466/870/2349
f 496/874/2350 820/871/2351 44/875/2352
f 255/876/2353 44/877/2354 820/878/2355
f 44/877/2356 255/876/2357 917/879/2358
f 917/879/2359 255/876/2360 200/880/2361
f 85/881/2362 917/879/2363 201/882/2364
f 16/883/2365 44/884/2366 917/879/2367
f 466/870/2368 496/874/2369 44/875/2370
f 845/885/2371 466/870/2372 44/875/2373
f 845/885/2374 52/873/2375 466/870/2376
f 16/886/2377 845/885/2378 44/875/2379
f 17/887/2380 16/888/2381 917/889/2382
f 17/887/2383 31/890/2384 16/888/2385
f 908/891/2386 201/882/2387 200/880/2388
f 201/882/2389 974/892/2390 85/881/2391
f 974/892/2392 201/882/2393 958/893/2394
f 86/894/2395 85/881/2396 974/892/2397
f 201/882/2398 908/891/2399 958/893/2400
f 200/880/2401 201/882/2402 917/879/2403
f 200/880/2404 241/895/2405 908/891/2406
f 200/880/2407 835/896/2408 241/895/2409
f 255/876/2410 820/878/2411 835/896/2412
f 255/876/2413 835/896/2414 200/880/2415
f 554/897/2416 472/898/2417 21/899/2418
f 554/897/2419 21/899/2420 339/900/2421
f 846/901/2422 555/902/2423 873/903/2424
f 873/903/2425 190/904/2426 846/901/2427
f 21/899/2428 846/901/2429 190/904/2430
f 846/901/2431 21/899/2432 172/905/2433
f 920/906/2434 555/907/2435 846/908/2436
f 172/909/2437 920/910/2438 846/908/2439
f 172/911/2440 39/118/2441 920/912/2442
f 472/913/2443 12/120/2444 172/911/2445
f 472/913/2446 53/914/2447 12/120/2448
f 472/913/2449 179/915/2450 53/914/2451
f 12/120/2452 39/118/2453 172/911/2454
f 179/916/2455 472/917/2456 265/918/2457
f 21/899/2458 472/898/2459 172/905/2460
f 863/919/2461 265/920/2462 472/898/2463
f 828/921/2464 179/916/2465 265/918/2466
f 66/922/2467 828/921/2468 265/918/2469
f 431/123/2470 209/48/2471 179/916/2472
f 828/921/2473 431/123/2474 179/916/2475
f 431/123/2476 828/921/2477 735/923/2478
f 431/924/2479 735/141/2480 790/145/2481
f 844/925/2482 833/926/2483 128/149/2484
f 765/649/2485 750/139/2486 128/149/2487
f 765/649/2488 128/149/2489 833/926/2490
f 591/927/2491 561/363/2492 765/649/2493
f 765/649/2494 833/926/2495 591/927/2496
f 297/362/2497 561/363/2498 591/927/2499
f 297/362/2500 591/927/2501 962/364/2502
f 591/927/2503 833/926/2504 962/364/2505
f 833/926/2506 68/410/2507 962/364/2508
f 66/928/2509 607/929/2510 828/147/2511
f 828/930/2512 607/150/2513 91/148/2514
f 265/920/2515 417/931/2516 66/928/2517
f 863/919/2518 417/931/2519 265/920/2520
f 863/919/2521 554/897/2522 417/931/2523
f 554/897/2524 863/919/2525 472/898/2526
f 248/932/2527 339/933/2528 21/934/2529
f 248/932/2530 21/934/2531 395/935/2532
f 916/936/2533 647/937/2534 395/935/2535
f 916/936/2536 395/935/2537 21/934/2538
f 190/938/2539 916/936/2540 21/934/2541
f 916/936/2542 190/938/2543 443/939/2544
f 443/940/2545 190/941/2546 806/942/2547
f 190/941/2548 873/903/2549 806/942/2550
f 916/936/2551 443/939/2552 143/943/2553
f 806/944/2554 143/945/2555 443/946/2556
f 464/947/2557 143/945/2558 806/944/2559
f 216/948/2560 143/943/2561 464/949/2562
f 874/950/2563 216/948/2564 464/949/2565
f 143/943/2566 216/948/2567 642/951/2568
f 642/951/2569 916/936/2570 143/943/2571
f 916/936/2572 642/951/2573 647/937/2574
f 642/951/2575 963/952/2576 647/937/2577
f 642/951/2578 216/948/2579 963/952/2580
f 216/948/2581 462/953/2582 592/954/2583
f 216/948/2584 592/954/2585 963/952/2586
f 464/947/2587 414/955/2588 810/956/2589
f 495/957/2590 810/956/2591 414/955/2592
f 810/956/2593 874/958/2594 464/947/2595
f 520/959/2596 810/956/2597 495/957/2598
f 874/958/2599 810/956/2600 520/960/2601
f 520/961/2602 266/962/2603 874/963/2604
f 874/950/2605 266/962/2606 508/964/2607
f 266/962/2608 757/965/2609 508/964/2610
f 406/966/2611 508/964/2612 757/965/2613
f 874/950/2614 462/953/2615 216/948/2616
f 508/964/2617 645/967/2618 462/953/2619
f 508/964/2620 462/953/2621 874/950/2622
f 135/968/2623 406/966/2624 757/965/2625
f 872/969/2626 135/968/2627 757/965/2628
f 406/966/2629 135/968/2630 574/970/2631
f 135/968/2632 588/971/2633 574/970/2634
f 135/968/2635 302/972/2636 136/973/2637
f 588/971/2638 135/968/2639 136/973/2640
f 689/974/2641 588/971/2642 136/973/2643
f 588/971/2644 689/974/2645 450/975/2646
f 377/976/2647 450/975/2648 18/977/2649
f 450/975/2650 377/976/2651 155/978/2652
f 450/975/2653 155/978/2654 588/971/2655
f 377/976/2656 130/979/2657 155/978/2658
f 315/980/2659 574/970/2660 155/978/2661
f 315/980/2662 155/978/2663 396/981/2664
f 574/970/2665 588/971/2666 155/978/2667
f 850/982/2668 773/983/2669 509/984/2670
f 509/984/2671 773/983/2672 926/985/2673
f 850/986/2674 116/987/2675 773/415/2676
f 948/988/2677 926/417/2678 470/416/2679
f 67/409/2680 926/989/2681 948/407/2682
f 833/926/2683 67/409/2684 68/410/2685
f 248/990/2686 509/984/2687 247/991/2688
f 247/991/2689 339/900/2690 248/990/2691
f 248/932/2692 395/935/2693 509/992/2694
f 509/984/2695 395/993/2696 850/982/2697
f 850/994/2698 395/935/2699 378/995/2700
f 378/996/2701 647/997/2702 963/998/2703
f 963/952/2704 592/954/2705 79/999/2706
f 592/954/2707 574/970/2708 79/999/2709
f 963/952/2710 79/999/2711 384/1000/2712
f 378/996/2713 963/1001/2714 384/1002/2715
f 647/1003/2716 378/996/2717 395/1004/2718
f 850/986/2719 378/996/2720 116/987/2721
f 378/996/2722 878/418/2723 116/987/2724
f 378/996/2725 506/425/2726 878/418/2727
f 506/425/2728 378/996/2729 384/1002/2730
f 79/999/2731 477/1005/2732 384/1006/2733
f 316/1007/2734 477/1005/2735 79/999/2736
f 574/970/2737 316/1007/2738 79/999/2739
f 574/970/2740 315/980/2741 316/1007/2742
f 645/967/2743 574/970/2744 592/954/2745
f 645/967/2746 406/966/2747 574/970/2748
f 508/964/2749 406/966/2750 645/967/2751
f 645/967/2752 592/954/2753 462/953/2754
f 247/991/2755 554/897/2756 339/900/2757
f 417/931/2758 554/897/2759 247/991/2760
f 607/929/2761 417/931/2762 247/991/2763
f 66/928/2764 417/931/2765 607/929/2766
f 247/991/2767 509/984/2768 607/929/2769
f 607/929/2770 509/984/2771 926/985/2772
f 844/1008/2773 607/929/2774 926/985/2775
f 607/150/2776 844/925/2777 128/149/2778
f 555/907/2779 806/944/2780 873/1009/2781
f 555/907/2782 815/1010/2783 806/944/2784
f 464/947/2785 806/944/2786 815/1010/2787
f 464/947/2788 429/1011/2789 414/955/2790
f 429/1011/2791 464/947/2792 815/1010/2793
f 495/957/2794 414/955/2795 291/1012/2796
f 414/955/2797 132/1013/2798 880/1014/2799
f 414/955/2800 412/1015/2801 132/1013/2802
f 682/1016/2803 132/1013/2804 674/1017/2805
f 880/1014/2806 132/1013/2807 682/1016/2808
f 414/955/2809 880/1014/2810 291/1012/2811
f 366/1018/2812 495/957/2813 291/1012/2814
f 507/1019/2815 495/957/2816 366/1018/2817
f 520/959/2818 495/957/2819 507/1019/2820
f 971/1020/2821 520/1021/2822 907/1022/2823
f 520/1021/2824 507/1023/2825 341/1024/2826
f 520/1021/2827 341/1024/2828 907/1022/2829
f 341/1025/2830 507/1026/2831 940/1027/2832
f 341/1024/2833 65/1028/2834 907/1022/2835
f 907/1022/2836 65/1028/2837 971/1020/2838
f 971/1020/2839 266/962/2840 520/961/2841
f 759/1029/2842 971/1020/2843 65/1028/2844
f 586/1030/2845 971/1020/2846 759/1029/2847
f 971/1020/2848 586/1030/2849 266/962/2850
f 757/965/2851 266/962/2852 586/1030/2853
f 586/1030/2854 872/969/2855 757/965/2856
f 759/1029/2857 65/1028/2858 341/1024/2859
f 759/1029/2860 575/1031/2861 586/1030/2862
f 759/1032/2863 341/1025/2864 875/1033/2865
f 759/1032/2866 875/1033/2867 298/1034/2868
f 157/1035/2869 341/1025/2870 940/1027/2871
f 875/1033/2872 341/1025/2873 157/1035/2874
f 875/1033/2875 157/1035/2876 528/1036/2877
f 528/1036/2878 899/1037/2879 875/1033/2880
f 899/1037/2881 298/1034/2882 875/1033/2883
f 899/1037/2884 528/1036/2885 342/1038/2886
f 838/1039/2887 342/1038/2888 896/1040/2889
f 589/1041/2890 838/1039/2891 896/1040/2892
f 838/1039/2893 109/1042/2894 342/1038/2895
f 109/1042/2896 899/1037/2897 342/1038/2898
f 109/1042/2899 298/1034/2900 899/1037/2901
f 575/1043/2902 759/1032/2903 298/1034/2904
f 872/969/2905 586/1030/2906 575/1031/2907
f 801/1044/2908 575/1031/2909 181/1045/2910
f 181/1045/2911 525/1046/2912 801/1044/2913
f 298/1034/2914 181/1047/2915 575/1043/2916
f 525/1048/2917 181/1047/2918 298/1034/2919
f 298/1034/2920 501/1049/2921 525/1048/2922
f 525/1046/2923 585/1050/2924 801/1044/2925
f 891/1051/2926 585/1050/2927 525/1046/2928
f 996/1052/2929 104/1053/2930 891/1051/2931
f 500/1054/2932 541/1055/2933 891/1051/2934
f 541/1055/2935 585/1050/2936 891/1051/2937
f 196/1056/2938 891/1051/2939 104/1053/2940
f 500/1054/2941 891/1051/2942 196/1056/2943
f 205/1057/2944 196/1056/2945 104/1053/2946
f 999/1058/2947 205/1057/2948 104/1053/2949
f 139/1059/2950 999/1058/2951 104/1053/2952
f 999/1058/2953 139/1059/2954 359/1060/2955
f 359/1060/2956 360/1061/2957 999/1058/2958
f 999/1058/2959 360/1061/2960 484/1062/2961
f 360/1063/2962 898/1064/2963 484/1065/2964
f 360/1063/2965 142/1066/2966 898/1064/2967
f 929/1067/2968 999/1058/2969 484/1062/2970
f 999/1058/2971 929/1067/2972 101/1068/2973
f 101/1068/2974 929/1067/2975 743/1069/2976
f 492/858/2977 616/1070/2978 101/1068/2979
f 101/1068/2980 616/1070/2981 205/1057/2982
f 616/1070/2983 492/858/2984 831/1071/2985
f 492/858/2986 651/864/2987 831/1071/2988
f 492/858/2989 376/855/2990 651/864/2991
f 634/1072/2992 492/858/2993 101/1068/2994
f 634/1072/2995 101/1068/2996 743/1069/2997
f 743/1069/2998 929/1067/2999 484/1062/3000
f 42/1073/3001 634/1072/3002 743/1069/3003
f 373/856/3004 492/858/3005 634/1072/3006
f 634/1072/3007 646/1074/3008 373/856/3009
f 125/1075/3010 42/1076/3011 409/1077/3012
f 409/1077/3013 42/1076/3014 59/1078/3015
f 382/1079/3016 409/1077/3017 777/1080/3018
f 382/1079/3019 777/1080/3020 389/1081/3021
f 777/1080/3022 539/1082/3023 389/1081/3024
f 777/1083/3025 859/1084/3026 539/1085/3027
f 382/1086/3028 389/1087/3029 309/1088/3030
f 475/1089/3031 382/1086/3032 309/1088/3033
f 800/1090/3034 382/1079/3035 244/1091/3036
f 604/1092/3037 800/1090/3038 244/1091/3039
f 244/1091/3040 382/1079/3041 475/1093/3042
f 244/1091/3043 475/1093/3044 1002/1094/3045
f 475/1093/3046 309/1095/3047 389/1081/3048
f 1002/1096/3049 904/1097/3050 244/1098/3051
f 382/1079/3052 800/1090/3053 125/1075/3054
f 382/1079/3055 125/1075/3056 409/1077/3057
f 125/1075/3058 634/1099/3059 42/1076/3060
f 534/1100/3061 634/1099/3062 125/1075/3063
f 634/1099/3064 534/1100/3065 646/859/3066
f 125/1075/3067 646/859/3068 534/1100/3069
f 800/1090/3070 646/859/3071 125/1075/3072
f 800/1090/3073 947/1101/3074 646/859/3075
f 646/859/3076 947/1101/3077 994/1102/3078
f 994/857/3079 371/1103/3080 646/1104/3081
f 347/1105/3082 444/1106/3083 994/1102/3084
f 604/1092/3085 347/1105/3086 947/1101/3087
f 604/1092/3088 947/1101/3089 800/1090/3090
f 242/1107/3091 604/1092/3092 612/1108/3093
f 612/1108/3094 604/1092/3095 244/1091/3096
f 244/1091/3097 904/1109/3098 923/1110/3099
f 612/1108/3100 244/1091/3101 923/1110/3102
f 904/1109/3103 254/1111/3104 923/1110/3105
f 197/1112/3106 923/1110/3107 254/1111/3108
f 537/1113/3109 923/1110/3110 590/1114/3111
f 612/1108/3112 923/1110/3113 537/1113/3114
f 242/1107/3115 612/1108/3116 537/1113/3117
f 923/1115/3118 197/1116/3119 590/1117/3120
f 633/1118/3121 882/1119/3122 197/1116/3123
f 882/1119/3124 590/1117/3125 197/1116/3126
f 701/1120/3127 197/1121/3128 254/1111/3129
f 701/1120/3130 254/1111/3131 798/1122/3132
f 211/1123/3133 798/1122/3134 254/1111/3135
f 904/1109/3136 473/1124/3137 254/1111/3138
f 904/1097/3139 1002/1125/3140 476/1126/3141
f 476/1127/3142 1002/1094/3143 625/1128/3144
f 473/1129/3145 904/1130/3146 476/1131/3147
f 1002/1094/3148 475/1093/3149 625/1128/3150
f 473/1124/3151 625/1128/3152 475/1093/3153
f 473/1124/3154 475/1093/3155 764/1132/3156
f 473/1124/3157 476/1127/3158 625/1128/3159
f 211/1123/3160 254/1111/3161 473/1124/3162
f 211/1123/3163 212/1133/3164 798/1122/3165
f 212/1134/3166 198/1135/3167 798/1136/3168
f 643/1137/3169 198/1135/3170 764/1138/3171
f 198/1135/3172 212/1134/3173 764/1138/3174
f 211/1123/3175 983/1139/3176 212/1133/3177
f 764/1132/3178 211/1123/3179 473/1124/3180
f 764/1140/3181 983/1141/3182 211/1142/3183
f 764/1132/3184 475/1093/3185 389/1081/3186
f 764/1140/3187 212/1143/3188 983/1141/3189
f 432/1144/3190 198/1135/3191 643/1137/3192
f 197/1121/3193 701/1120/3194 912/1145/3195
f 858/1146/3196 197/1121/3197 912/1145/3198
f 701/1120/3199 798/1122/3200 912/1145/3201
f 198/1135/3202 858/1147/3203 798/1148/3204
f 432/1149/3205 858/1147/3206 198/1135/3207
f 643/1150/3208 764/1132/3209 389/1081/3210
f 643/1150/3211 389/1081/3212 539/1082/3213
f 60/1151/3214 432/1152/3215 643/1150/3216
f 643/1150/3217 539/1082/3218 805/1153/3219
f 805/1153/3220 60/1151/3221 643/1150/3222
f 798/1148/3223 858/1147/3224 912/1154/3225
f 633/1118/3226 197/1116/3227 858/1155/3228
f 590/1156/3229 882/1157/3230 775/1158/3231
f 306/1159/3232 537/1160/3233 590/1156/3234
f 775/1158/3235 306/1159/3236 590/1156/3237
f 306/1159/3238 666/1161/3239 537/1160/3240
f 459/1162/3241 306/1159/3242 691/799/3243
f 459/1162/3244 666/1161/3245 306/1159/3246
f 459/1162/3247 439/1163/3248 666/1161/3249
f 307/1164/3250 439/1163/3251 459/1162/3252
f 439/1163/3253 307/1164/3254 41/1165/3255
f 307/1164/3256 82/1166/3257 61/1167/3258
f 307/1164/3259 811/1168/3260 82/1166/3261
f 811/1168/3262 307/1164/3263 459/1162/3264
f 686/1169/3265 811/1168/3266 459/1162/3267
f 938/798/3268 519/1170/3269 263/795/3270
f 263/795/3271 519/1170/3272 633/1118/3273
f 519/1170/3274 938/798/3275 691/799/3276
f 306/1159/3277 519/1170/3278 691/799/3279
f 775/1158/3280 519/1170/3281 306/1159/3282
f 775/1158/3283 882/1157/3284 519/1170/3285
f 844/925/3286 926/989/3287 833/926/3288
f 67/409/3289 833/926/3290 926/989/3291
f 235/1171/3292 93/1172/3293 167/1173/3294
f 173/1174/3295 166/1175/3296 167/1176/3297
f 173/1174/3298 167/1176/3299 93/1177/3300
f 166/1178/3301 991/1179/3302 982/1180/3303
f 166/1178/3304 173/1181/3305 598/1182/3306
f 598/1182/3307 62/762/3308 166/1178/3309
f 598/1182/3310 600/1183/3311 62/762/3312
f 600/1183/3313 96/761/3314 62/762/3315
f 166/1184/3316 62/792/3317 991/1185/3318
f 64/790/3319 259/1186/3320 1004/791/3321
f 1004/791/3322 259/1186/3323 860/1187/3324
f 698/1188/3325 246/1189/3326 547/1190/3327
f 246/1189/3328 698/1188/3329 121/1191/3330
f 246/1189/3331 121/1191/3332 415/1192/3333
f 547/1190/3334 311/1193/3335 698/1188/3336
f 836/1194/3337 311/1195/3338 259/789/3339
f 259/1196/3340 311/1197/3341 860/1198/3342
f 836/1194/3343 259/789/3344 927/784/3345
f 617/1199/3346 906/1200/3347 836/1194/3348
f 906/1200/3349 617/1199/3350 946/1201/3351
f 755/1202/3352 617/1199/3353 927/784/3354
f 617/1199/3355 755/1202/3356 946/1201/3357
f 755/1202/3358 487/1203/3359 946/1201/3360
f 946/1201/3361 487/1203/3362 486/1204/3363
f 946/1201/3364 486/1204/3365 906/1200/3366
f 486/1204/3367 979/1205/3368 906/1200/3369
f 836/1194/3370 906/1200/3371 311/1206/3372
f 311/1206/3373 906/1200/3374 979/1205/3375
f 979/1207/3376 698/1188/3377 311/1193/3378
f 979/1207/3379 80/1208/3380 698/1188/3381
f 486/1204/3382 824/1209/3383 979/1205/3384
f 979/1205/3385 824/1209/3386 497/1210/3387
f 972/788/3388 220/1211/3389 761/785/3390
f 220/1211/3391 755/1202/3392 761/785/3393
f 755/1202/3394 987/1212/3395 487/1203/3396
f 220/1211/3397 987/1212/3398 755/1202/3399
f 987/1212/3400 485/1213/3401 487/1203/3402
f 487/1203/3403 485/1213/3404 486/1204/3405
f 486/1204/3406 485/1213/3407 824/1209/3408
f 559/1214/3409 399/1215/3410 485/1213/3411
f 485/1213/3412 399/1215/3413 824/1209/3414
f 399/1215/3415 497/1210/3416 824/1209/3417
f 559/1214/3418 485/1213/3419 987/1212/3420
f 558/1216/3421 559/1214/3422 830/1217/3423
f 559/1214/3424 558/1216/3425 568/1218/3426
f 559/1214/3427 568/1218/3428 399/1215/3429
f 751/1219/3430 558/1216/3431 830/1217/3432
f 568/1220/3433 558/1221/3434 751/1222/3435
f 535/1223/3436 568/1224/3437 73/1225/3438
f 535/1226/3439 399/1215/3440 568/1218/3441
f 73/1225/3442 685/1227/3443 535/1223/3444
f 288/1228/3445 671/1229/3446 535/1223/3447
f 535/1223/3448 685/1227/3449 288/1228/3450
f 685/1227/3451 942/1230/3452 288/1228/3453
f 942/1231/3454 573/1232/3455 288/1233/3456
f 685/1227/3457 84/1234/3458 942/1230/3459
f 84/1234/3460 123/1235/3461 942/1230/3462
f 573/1236/3463 942/1230/3464 20/1237/3465
f 942/1230/3466 123/1235/3467 20/1237/3468
f 84/1234/3469 87/1238/3470 123/1235/3471
f 123/1235/3472 87/1238/3473 122/1239/3474
f 489/1240/3475 122/1239/3476 87/1238/3477
f 781/1241/3478 122/1239/3479 489/1240/3480
f 122/1239/3481 781/1241/3482 763/1242/3483
f 123/1235/3484 122/1239/3485 361/1243/3486
f 122/1239/3487 763/1242/3488 361/1243/3489
f 20/1237/3490 123/1235/3491 361/1243/3492
f 361/1243/3493 763/1242/3494 285/1244/3495
f 285/1244/3496 763/1242/3497 781/1241/3498
f 781/1241/3499 778/1245/3500 894/1246/3501
f 781/1241/3502 766/1247/3503 778/1245/3504
f 781/1241/3505 998/1248/3506 766/1247/3507
f 778/1245/3508 766/1247/3509 606/1249/3510
f 998/1248/3511 606/1249/3512 766/1247/3513
f 894/1246/3514 778/1245/3515 623/1250/3516
f 623/1250/3517 778/1245/3518 606/1249/3519
f 578/1251/3520 894/1252/3521 623/1253/3522
f 606/1249/3523 998/1248/3524 176/1254/3525
f 176/1254/3526 950/1255/3527 264/1256/3528
f 606/1249/3529 176/1254/3530 264/1256/3531
f 264/1256/3532 287/1257/3533 606/1249/3534
f 606/1249/3535 287/1257/3536 881/1258/3537
f 287/1257/3538 260/1259/3539 881/1258/3540
f 260/1259/3541 1003/1260/3542 881/1258/3543
f 469/768/3544 260/1259/3545 15/1261/3546
f 260/1259/3547 469/768/3548 19/1262/3549
f 19/1262/3550 952/1263/3551 260/1259/3552
f 893/1264/3553 952/1263/3554 19/1262/3555
f 1003/1260/3556 260/1259/3557 478/1265/3558
f 469/768/3559 760/1266/3560 19/1262/3561
f 260/1259/3562 287/1257/3563 15/1261/3564
f 304/4/3565 468/771/3566 15/1267/3567
f 15/1261/3568 932/1268/3569 304/1269/3570
f 15/1261/3571 287/1257/3572 932/1268/3573
f 287/1257/3574 264/1256/3575 458/1270/3576
f 458/1270/3577 264/1256/3578 950/1255/3579
f 458/1270/3580 950/1255/3581 928/1271/3582
f 932/1268/3583 287/1257/3584 458/1270/3585
f 932/1268/3586 458/1270/3587 97/1272/3588
f 304/1269/3589 932/1268/3590 861/1273/3591
f 861/1273/3592 932/1268/3593 97/1272/3594
f 861/1273/3595 97/1272/3596 364/1274/3597
f 580/1275/3598 364/1274/3599 97/1272/3600
f 261/1276/3601 861/1273/3602 364/1274/3603
f 990/1/3604 861/3/3605 261/1277/3606
f 504/1278/3607 239/1279/3608 364/1274/3609
f 239/1279/3610 261/1276/3611 364/1274/3612
f 239/1279/3613 504/1278/3614 262/1280/3615
f 262/1280/3616 504/1278/3617 877/1281/3618
f 522/1282/3619 262/1280/3620 877/1281/3621
f 239/1279/3622 262/1280/3623 335/1283/3624
f 335/1283/3625 262/1280/3626 973/1284/3627
f 185/1285/3628 335/1283/3629 973/1284/3630
f 261/1276/3631 239/1279/3632 238/1286/3633
f 238/1287/3634 652/1288/3635 261/1289/3636
f 652/1288/3637 990/1290/3638 261/1289/3639
f 661/25/3640 990/1290/3641 652/1288/3642
f 661/25/3643 652/1288/3644 385/17/3645
f 652/1288/3646 238/1287/3647 330/1291/3648
f 335/1283/3649 238/1292/3650 239/1279/3651
f 335/1283/3652 739/1293/3653 238/1292/3654
f 185/1285/3655 581/1294/3656 335/1283/3657
f 739/1293/3658 335/1283/3659 581/1294/3660
f 841/1295/3661 581/1294/3662 185/1285/3663
f 330/1296/3664 238/1292/3665 739/1293/3666
f 739/1297/3667 581/1298/3668 188/1299/3669
f 188/1299/3670 330/1291/3671 739/1297/3672
f 652/1288/3673 330/1291/3674 465/1300/3675
f 330/1291/3676 935/152/3677 465/1300/3678
f 385/17/3679 652/1288/3680 465/1300/3681
f 935/152/3682 188/1299/3683 957/153/3684
f 641/156/3685 412/157/3686 428/158/3687
f 670/119/3688 428/158/3689 39/118/3690
f 920/912/3691 39/118/3692 428/158/3693
f 723/1301/3694 920/912/3695 428/158/3696
f 412/157/3697 723/1301/3698 428/158/3699
f 555/907/3700 920/906/3701 723/1302/3702
f 723/1302/3703 815/1010/3704 555/907/3705
f 815/1010/3706 723/1302/3707 429/1011/3708
f 412/1015/3709 414/955/3710 429/1011/3711
f 429/1303/3712 723/1301/3713 412/157/3714
f 412/157/3715 188/1299/3716 674/1304/3717
f 132/1013/3718 412/1015/3719 674/1305/3720
f 957/153/3721 188/1299/3722 412/157/3723
f 935/152/3724 330/1291/3725 188/1299/3726
f 682/1016/3727 674/1017/3728 581/1294/3729
f 841/1295/3730 682/1016/3731 581/1294/3732
f 683/1306/3733 880/1014/3734 682/1016/3735
f 286/1307/3736 880/1014/3737 683/1306/3738
f 902/1308/3739 286/1307/3740 683/1306/3741
f 436/1309/3742 291/1012/3743 880/1014/3744
f 286/1307/3745 436/1309/3746 880/1014/3747
f 100/1310/3748 507/1019/3749 366/1018/3750
f 436/1309/3751 286/1307/3752 902/1308/3753
f 436/1309/3754 366/1018/3755 291/1012/3756
f 173/1311/3757 276/1312/3758 598/1313/3759
f 510/1314/3760 884/1315/3761 503/1316/3762
f 131/1317/3763 503/1318/3764 884/1319/3765
f 510/1314/3766 503/1316/3767 569/1320/3768
f 95/1321/3769 510/1314/3770 677/1322/3771
f 677/1322/3772 510/1314/3773 19/1262/3774
f 95/1323/3775 677/1324/3776 314/1325/3777
f 510/1326/3778 95/1327/3779 240/174/3780
f 240/1328/3781 884/1329/3782 510/1330/3783
f 110/1331/3784 884/1329/3785 240/1328/3786
f 884/1332/3787 110/1333/3788 320/1334/3789
f 240/174/3790 843/1335/3791 564/76/3792
f 457/1336/3793 989/166/3794 240/174/3795
f 989/166/3796 423/165/3797 240/174/3798
f 240/174/3799 788/175/3800 110/1337/3801
f 110/1333/3802 788/1338/3803 308/1339/3804
f 320/1334/3805 705/1340/3806 322/1341/3807
f 322/1341/3808 140/1342/3809 320/1334/3810
f 322/1341/3811 321/1343/3812 140/1344/3813
f 884/1345/3814 320/1346/3815 140/1347/3816
f 140/1347/3817 175/1348/3818 884/1345/3819
f 140/1347/3820 357/1349/3821 175/1348/3822
f 140/1347/3823 321/1350/3824 357/1349/3825
f 322/1351/3826 768/1352/3827 321/1350/3828
f 767/1353/3829 768/1352/3830 322/1351/3831
f 681/1354/3832 767/1355/3833 322/1341/3834
f 681/1354/3835 323/1356/3836 767/1355/3837
f 767/1353/3838 323/1357/3839 74/1358/3840
f 767/1353/3841 769/1359/3842 768/1352/3843
f 767/1353/3844 711/1360/3845 769/1359/3846
f 420/1361/3847 769/1359/3848 711/1360/3849
f 421/1362/3850 768/1352/3851 769/1359/3852
f 421/1362/3853 321/1350/3854 768/1352/3855
f 321/1350/3856 421/1362/3857 357/1349/3858
f 175/1348/3859 357/1349/3860 187/1363/3861
f 175/1348/3862 187/1363/3863 884/1345/3864
f 884/1345/3865 187/1363/3866 131/1317/3867
f 598/1364/3868 503/1318/3869 168/793/3870
f 598/1364/3871 276/1365/3872 503/1318/3873
f 598/1364/3874 168/793/3875 600/794/3876
f 747/757/3877 168/793/3878 437/797/3879
f 632/805/3880 144/803/3881 437/797/3882
f 474/736/3883 717/809/3884 365/1366/3885
f 26/732/3886 474/736/3887 365/1366/3888
f 26/732/3889 391/733/3890 474/736/3891
f 26/732/3892 365/1366/3893 533/1367/3894
f 354/1368/3895 26/732/3896 533/1367/3897
f 354/1368/3898 672/1369/3899 26/732/3900
f 26/732/3901 672/1369/3902 521/1370/3903
f 969/734/3904 26/732/3905 521/1370/3906
f 848/600/3907 636/601/3908 692/1371/3909
f 692/1371/3910 362/619/3911 848/600/3912
f 362/619/3913 692/1371/3914 317/620/3915
f 461/618/3916 317/620/3917 692/1371/3918
f 737/1372/3919 461/618/3920 692/1371/3921
f 461/618/3922 737/1372/3923 29/273/3924
f 857/1373/3925 279/1374/3926 267/1375/3927
f 857/1373/3928 736/1376/3929 279/1374/3930
f 857/1377/3931 859/1378/3932 736/1379/3933
f 736/1376/3934 859/1084/3935 721/1380/3936
f 857/1373/3937 267/1375/3938 859/1084/3939
f 267/1375/3940 539/1085/3941 859/1084/3942
f 777/1083/3943 409/1381/3944 859/1084/3945
f 59/1382/3946 859/1084/3947 409/1381/3948
f 859/1084/3949 59/1382/3950 721/1380/3951
f 721/1380/3952 59/1382/3953 281/1383/3954
f 898/1384/3955 154/1385/3956 59/1382/3957
f 898/1386/3958 59/1387/3959 900/1388/3960
f 900/1389/3961 484/1065/3962 898/1064/3963
f 900/1389/3964 743/1390/3965 484/1065/3966
f 42/1391/3967 743/1390/3968 900/1389/3969
f 900/1388/3970 59/1387/3971 42/1073/3972
f 276/1312/3973 173/1174/3974 93/1177/3975
f 569/1392/3976 503/1393/3977 276/1312/3978
f 569/1392/3979 276/1312/3980 93/1177/3981
f 510/1314/3982 569/1320/3983 19/1262/3984
f 19/1262/3985 569/1320/3986 893/1264/3987
f 569/1394/3988 93/1177/3989 235/1395/3990
f 478/1396/3991 260/1259/3992 952/1263/3993
f 98/1397/3994 478/1398/3995 952/1399/3996
f 606/1249/3997 881/1258/3998 623/1400/3999
f 60/1151/4000 805/1153/4001 491/1401/4002
f 858/1155/4003 432/1402/4004 60/1403/4005
f 858/1155/4006 60/1403/4007 491/1404/4008
f 783/747/4009 858/1155/4010 491/1404/4011
f 783/747/4012 633/1118/4013 858/1155/4014
f 263/795/4015 633/1118/4016 783/747/4017
f 71/1405/4018 978/1406/4019 137/1407/4020
f 71/1405/4021 137/1407/4022 393/1408/4023
f 183/1409/4024 71/1405/4025 393/1408/4026
f 183/1409/4027 353/1410/4028 71/1405/4029
f 393/1411/4030 829/774/4031 183/773/4032
f 978/1412/4033 192/1413/4034 137/1414/4035
f 393/1411/4036 137/1414/4037 182/1415/4038
f 182/1415/4039 137/1414/4040 992/1416/4041
f 192/1413/4042 992/1416/4043 137/1414/4044
f 94/1417/4045 840/1418/4046 192/1413/4047
f 992/1416/4048 192/1413/4049 840/1418/4050
f 111/1419/4051 112/1420/4052 840/1418/4053
f 94/1417/4054 111/1419/4055 840/1418/4056
f 978/1412/4057 94/1417/4058 192/1413/4059
f 812/1421/4060 813/1422/4061 978/1423/4062
f 812/1421/4063 978/1423/4064 71/1424/4065
f 812/1421/4066 71/1424/4067 352/1425/4068
f 812/1421/4069 352/1425/4070 673/1426/4071
f 812/1421/4072 673/1426/4073 813/1422/4074
f 814/754/4075 813/1427/4076 673/1428/4077
f 814/754/4078 809/1429/4079 813/1430/4080
f 278/753/4081 809/1429/4082 814/754/4083
f 267/1375/4084 279/1374/4085 278/753/4086
f 278/753/4087 279/1374/4088 809/1429/4089
f 809/1429/4090 978/1412/4091 813/1431/4092
f 809/1429/4093 279/1374/4094 978/1412/4095
f 279/1374/4096 736/1376/4097 978/1412/4098
f 94/1417/4099 978/1412/4100 736/1376/4101
f 736/1376/4102 721/1380/4103 281/1383/4104
f 736/1376/4105 281/1383/4106 94/1417/4107
f 281/1383/4108 59/1382/4109 154/1385/4110
f 94/1417/4111 281/1383/4112 748/1432/4113
f 898/1384/4114 142/1433/4115 154/1385/4116
f 154/1385/4117 142/1433/4118 802/1434/4119
f 802/1434/4120 142/1433/4121 968/1435/4122
f 352/1425/4123 71/1424/4124 353/1436/4125
f 353/1437/4126 183/773/4127 545/775/4128
f 829/774/4129 393/1411/4130 182/1415/4131
f 829/774/4132 182/1415/4133 992/1416/4134
f 829/774/4135 992/1416/4136 350/1438/4137
f 350/1438/4138 992/1416/4139 840/1418/4140
f 191/1439/4141 350/1438/4142 840/1418/4143
f 350/1438/4144 191/1439/4145 34/1440/4146
f 191/1439/4147 408/1441/4148 34/1440/4149
f 191/1439/4150 589/1041/4151 408/1441/4152
f 620/1442/4153 109/1042/4154 838/1039/4155
f 191/1439/4156 838/1039/4157 589/1041/4158
f 191/1439/4159 620/1442/4160 838/1039/4161
f 611/1443/4162 620/1442/4163 112/1420/4164
f 112/1420/4165 620/1442/4166 191/1439/4167
f 112/1420/4168 191/1439/4169 840/1418/4170
f 517/1444/4171 208/1445/4172 753/1446/4173
f 208/1445/4174 517/1444/4175 728/1447/4176
f 753/1448/4177 516/1449/4178 517/1450/4179
f 208/1445/4180 463/1451/4181 107/1452/4182
f 208/1445/4183 728/1447/4184 463/1451/4185
f 902/1308/4186 463/1453/4187 728/1454/4188
f 107/1455/4189 463/1453/4190 751/1456/4191
f 751/1456/4192 463/1453/4193 680/1457/4194
f 208/1458/4195 107/1459/4196 751/1222/4197
f 73/1225/4198 751/1456/4199 680/1457/4200
f 685/1227/4201 73/1225/4202 84/1234/4203
f 84/1234/4204 73/1225/4205 886/1460/4206
f 680/1457/4207 886/1460/4208 73/1225/4209
f 886/1460/4210 680/1457/4211 463/1453/4212
f 463/1453/4213 683/1306/4214 886/1460/4215
f 683/1306/4216 463/1453/4217 902/1308/4218
f 683/1306/4219 682/1016/4220 841/1295/4221
f 683/1306/4222 841/1295/4223 532/1461/4224
f 185/1285/4225 204/1462/4226 841/1295/4227
f 886/1460/4228 683/1306/4229 532/1461/4230
f 841/1295/4231 204/1462/4232 532/1461/4233
f 886/1460/4234 532/1461/4235 394/1463/4236
f 84/1234/4237 886/1460/4238 394/1463/4239
f 84/1234/4240 394/1463/4241 87/1238/4242
f 87/1238/4243 394/1463/4244 973/1284/4245
f 303/1464/4246 781/1241/4247 489/1240/4248
f 303/1464/4249 998/1248/4250 781/1241/4251
f 303/1464/4252 950/1255/4253 998/1248/4254
f 303/1464/4255 13/1465/4256 950/1255/4257
f 973/1284/4258 489/1240/4259 87/1238/4260
f 973/1284/4261 303/1464/4262 489/1240/4263
f 973/1284/4264 262/1280/4265 303/1464/4266
f 303/1464/4267 262/1280/4268 522/1282/4269
f 13/1465/4270 303/1464/4271 522/1282/4272
f 522/1282/4273 877/1281/4274 13/1465/4275
f 504/1278/4276 580/1275/4277 877/1281/4278
f 877/1281/4279 580/1275/4280 13/1465/4281
f 364/1274/4282 580/1275/4283 504/1278/4284
f 928/1271/4285 97/1272/4286 458/1270/4287
f 97/1272/4288 928/1271/4289 580/1275/4290
f 13/1465/4291 580/1275/4292 950/1255/4293
f 998/1248/4294 950/1255/4295 176/1254/4296
f 928/1271/4297 950/1255/4298 580/1275/4299
f 895/1466/4300 659/1467/4301 976/1468/4302
f 659/1467/4303 728/1447/4304 976/1468/4305
f 976/1469/4306 517/1450/4307 895/1470/4308
f 659/1471/4309 895/1470/4310 100/1310/4311
f 659/1471/4312 100/1310/4313 366/1018/4314
f 659/1467/4315 366/1472/4316 728/1447/4317
f 728/1473/4318 366/1018/4319 436/1309/4320
f 728/1473/4321 436/1309/4322 902/1308/4323
f 728/1447/4324 517/1444/4325 976/1468/4326
f 121/1474/4327 288/1475/4328 966/1476/4329
f 671/1477/4330 288/1475/4331 121/1474/4332
f 415/1478/4333 966/1479/4334 20/1237/4335
f 20/1237/4336 511/1480/4337 415/1478/4338
f 511/1480/4339 20/1237/4340 795/1481/4341
f 20/1237/4342 285/1244/4343 795/1481/4344
f 20/1237/4345 361/1243/4346 285/1244/4347
f 578/1482/4348 285/1244/4349 894/1246/4350
f 781/1241/4351 894/1246/4352 285/1244/4353
f 121/1191/4354 870/1483/4355 671/1484/4356
f 497/1210/4357 870/1485/4358 698/1486/4359
f 497/1210/4360 80/1487/4361 979/1205/4362
f 497/1210/4363 399/1215/4364 870/1485/4365
f 399/1215/4366 535/1226/4367 870/1485/4368
f 535/1226/4369 671/1488/4370 870/1485/4371
f 966/1479/4372 288/1228/4373 20/1237/4374
f 288/1228/4375 573/1236/4376 20/1237/4377
f 966/1476/4378 415/1489/4379 121/1474/4380
f 511/1480/4381 795/1481/4382 796/1490/4383
f 415/1491/4384 511/1492/4385 796/1493/4386
f 795/1481/4387 578/1482/4388 796/1490/4389
f 578/1482/4390 795/1481/4391 285/1244/4392
f 822/189/4393 780/1494/4394 55/1495/4395
f 55/1496/4396 854/1497/4397 579/1498/4398
f 55/1496/4399 579/1498/4400 56/172/4401
f 780/1499/4402 854/1497/4403 55/1496/4404
f 822/1500/4405 692/1371/4406 780/1501/4407
f 692/1371/4408 636/601/4409 780/1502/4410
f 969/734/4411 780/1499/4412 636/735/4413
f 854/1497/4414 969/734/4415 521/1370/4416
f 780/1499/4417 969/734/4418 854/1497/4419
f 577/1503/4420 737/1372/4421 692/1371/4422
f 737/1372/4423 410/223/4424 29/273/4425
f 29/273/4426 410/223/4427 249/222/4428
f 283/224/4429 410/223/4430 737/1372/4431
f 283/224/4432 737/1372/4433 577/1503/4434
f 871/268/4435 283/224/4436 577/1503/4437
f 577/1503/4438 542/1504/4439 871/1505/4440
f 360/1061/4441 359/1060/4442 968/1506/4443
f 142/1433/4444 360/1507/4445 968/1435/4446
f 788/1508/4447 610/1509/4448 308/1510/4449
f 961/1511/4450 610/1509/4451 788/1508/4452
f 851/1512/4453 610/1509/4454 961/1511/4455
f 610/1509/4456 851/1512/4457 556/1513/4458
f 161/169/4459 556/1514/4460 851/1515/4461
f 771/173/4462 556/1514/4463 161/169/4464
f 556/1514/4465 771/173/4466 774/1516/4467
f 774/1516/4468 771/173/4469 387/1517/4470
f 774/1518/4471 610/1509/4472 556/1513/4473
f 308/1339/4474 138/1519/4475 110/1333/4476
f 308/1339/4477 344/1520/4478 138/1519/4479
f 110/1333/4480 138/1519/4481 320/1334/4482
f 138/1519/4483 705/1340/4484 320/1334/4485
f 138/1519/4486 344/1520/4487 387/1521/4488
f 138/1522/4489 207/1523/4490 714/1524/4491
f 207/1523/4492 272/1525/4493 714/1524/4494
f 138/1519/4495 387/1521/4496 354/1526/4497
f 207/1523/4498 138/1522/4499 354/1527/4500
f 207/1528/4501 354/1529/4502 533/1530/4503
f 207/1531/4504 533/1532/4505 527/1533/4506
f 527/1533/4507 74/1358/4508 207/1531/4509
f 632/805/4510 365/1534/4511 717/1535/4512
f 365/1534/4513 632/805/4514 635/1536/4515
f 365/1534/4516 635/1536/4517 533/1537/4518
f 74/1358/4519 527/1533/4520 379/1538/4521
f 207/1531/4522 323/1357/4523 272/1539/4524
f 323/1357/4525 207/1531/4526 74/1358/4527
f 663/1540/4528 714/1541/4529 272/1542/4530
f 714/1524/4531 705/1543/4532 138/1522/4533
f 714/1544/4534 681/1354/4535 705/1340/4536
f 705/1340/4537 681/1354/4538 322/1341/4539
f 714/1541/4540 663/1540/4541 681/1354/4542
f 323/1545/4543 681/1354/4544 663/1540/4545
f 272/1546/4546 323/1547/4547 663/1548/4548
f 74/1358/4549 379/1538/4550 767/1353/4551
f 711/1360/4552 767/1353/4553 379/1538/4554
f 379/1538/4555 818/1549/4556 480/1550/4557
f 480/1551/4558 711/1552/4559 379/1553/4560
f 480/1554/4561 818/1555/4562 381/1556/4563
f 527/1533/4564 818/1557/4565 379/1538/4566
f 527/1533/4567 635/1536/4568 818/1557/4569
f 527/1533/4570 533/1537/4571 635/1536/4572
f 711/1360/4573 818/1557/4574 635/1536/4575
f 381/1558/4576 818/1557/4577 711/1360/4578
f 480/1551/4579 381/1559/4580 711/1552/4581
f 161/1560/4582 961/1511/4583 788/1508/4584
f 161/169/4585 851/1515/4586 961/1561/4587
f 610/1509/4588 774/1518/4589 344/1562/4590
f 610/1509/4591 344/1562/4592 308/1510/4593
f 354/1563/4594 387/1564/4595 672/1565/4596
f 521/1370/4597 579/1498/4598 854/1497/4599
f 387/1517/4600 579/1498/4601 521/1370/4602
f 521/1566/4603 672/1567/4604 387/1521/4605
f 774/1568/4606 387/1521/4607 344/1520/4608
f 690/1569/4609 807/1570/4610 152/1571/4611
f 81/1572/4612 152/1573/4613 808/1574/4614
f 664/1575/4615 152/1576/4616 88/1577/4617
f 152/1578/4618 664/1579/4619 690/1580/4620
f 152/1573/4621 807/1581/4622 808/1574/4623
f 151/1582/4624 32/1583/4625 81/1584/4626
f 151/1582/4627 81/1584/4628 910/1585/4629
f 954/1586/4630 151/1582/4631 910/1585/4632
f 151/1582/4633 33/1587/4634 32/1583/4635
f 151/1582/4636 954/1586/4637 33/1587/4638
f 152/1576/4639 81/1584/4640 32/1583/4641
f 32/1583/4642 88/1577/4643 152/1576/4644
f 32/1583/4645 118/1588/4646 921/1589/4647
f 88/1577/4648 32/1583/4649 921/1589/4650
f 118/1588/4651 787/1590/4652 921/1589/4653
f 88/1577/4654 921/1589/4655 17/887/4656
f 17/887/4657 921/1589/4658 31/890/4659
f 787/1590/4660 31/890/4661 921/1589/4662
f 733/1591/4663 787/1590/4664 280/1592/4665
f 118/1588/4666 280/1592/4667 787/1590/4668
f 31/890/4669 787/1590/4670 299/1593/4671
f 16/888/4672 31/890/4673 299/1593/4674
f 733/1591/4675 299/1593/4676 787/1590/4677
f 733/1591/4678 217/1594/4679 299/1593/4680
f 733/1591/4681 280/1592/4682 217/1594/4683
f 756/1595/4684 280/1592/4685 118/1588/4686
f 118/1588/4687 32/1583/4688 33/1587/4689
f 118/1588/4690 33/1587/4691 756/1595/4692
f 595/1596/4693 280/1592/4694 756/1595/4695
f 595/1596/4696 145/441/4697 280/1592/4698
f 145/441/4699 595/1596/4700 618/440/4701
f 275/722/4702 33/1587/4703 954/1586/4704
f 715/717/4705 275/722/4706 954/1586/4707
f 715/717/4708 791/718/4709 275/722/4710
f 275/722/4711 791/718/4712 494/719/4713
f 148/721/4714 33/1587/4715 275/722/4716
f 70/695/4717 715/717/4718 704/1597/4719
f 724/693/4720 70/695/4721 704/1597/4722
f 704/1597/4723 715/717/4724 954/1586/4725
f 954/1586/4726 910/1585/4727 524/1598/4728
f 910/1599/4729 81/1572/4730 808/1574/4731
f 910/1600/4732 808/1601/4733 117/1602/4734
f 808/1601/4735 807/1570/4736 117/1602/4737
f 706/1603/4738 117/1602/4739 868/1604/4740
f 868/1604/4741 355/1605/4742 706/1603/4743
f 117/1602/4744 807/1570/4745 868/1604/4746
f 868/1604/4747 807/1570/4748 430/1606/4749
f 868/1604/4750 925/1607/4751 355/1605/4752
f 706/1603/4753 355/1605/4754 703/1608/4755
f 355/1605/4756 925/1607/4757 658/1609/4758
f 658/1609/4759 925/1607/4760 430/1606/4761
f 925/1607/4762 868/1604/4763 430/1606/4764
f 869/1610/4765 404/1611/4766 430/1606/4767
f 807/1570/4768 690/1569/4769 430/1606/4770
f 690/1569/4771 664/1612/4772 430/1606/4773
f 664/1579/4774 88/1613/4775 85/881/4776
f 664/1612/4777 869/1610/4778 430/1606/4779
f 664/1579/4780 223/1614/4781 869/1615/4782
f 223/1614/4783 936/1616/4784 869/1615/4785
f 86/894/4786 223/1614/4787 664/1579/4788
f 664/1579/4789 85/881/4790 86/894/4791
f 223/1617/4792 86/1618/4793 51/1619/4794
f 223/1617/4795 51/1619/4796 41/1165/4797
f 223/1617/4798 41/1165/4799 888/1620/4800
f 430/1606/4801 936/1621/4802 223/1617/4803
f 430/1606/4804 404/1622/4805 936/1621/4806
f 888/1620/4807 430/1606/4808 223/1617/4809
f 430/1606/4810 888/1620/4811 658/1609/4812
f 51/1619/4813 439/1163/4814 41/1165/4815
f 974/1623/4816 51/1619/4817 86/1618/4818
f 51/1624/4819 974/892/4820 439/1625/4821
f 85/881/4822 88/1613/4823 917/879/4824
f 17/887/4825 917/889/4826 88/1577/4827
f 80/1626/4828 497/1210/4829 698/1627/4830
f 698/1628/4831 870/1629/4832 121/1630/4833
f 940/1631/4834 100/1632/4835 965/1633/4836
f 100/1632/4837 940/1631/4838 507/1019/4839
f 940/1631/4840 965/1633/4841 256/1634/4842
f 256/1635/4843 157/1035/4844 940/1027/4845
f 629/1636/4846 342/1038/4847 528/1036/4848
f 629/1636/4849 896/1040/4850 342/1038/4851
f 22/1637/4852 528/1036/4853 157/1035/4854
f 629/1636/4855 528/1036/4856 22/1637/4857
f 896/1040/4858 629/1636/4859 22/1637/4860
f 603/1638/4861 408/1441/4862 589/1041/4863
f 762/1639/4864 589/1041/4865 896/1040/4866
f 762/1639/4867 896/1040/4868 22/1637/4869
f 762/1639/4870 22/1637/4871 516/1640/4872
f 157/1035/4873 516/1640/4874 22/1637/4875
f 516/1640/4876 157/1035/4877 256/1635/4878
f 895/1641/4879 517/1642/4880 516/1640/4881
f 895/1641/4882 256/1635/4883 965/1643/4884
f 895/1641/4885 516/1640/4886 256/1635/4887
f 232/1644/4888 398/1645/4889 583/1646/4890
f 583/1647/4891 203/1648/4892 232/1649/4893
f 232/1650/4894 113/1651/4895 398/1652/4896
f 583/1653/4897 171/1654/4898 203/91/4899
f 232/1650/4900 203/91/4901 418/90/4902
f 418/90/4903 113/1651/4904 232/1650/4905
f 113/1655/4906 638/85/4907 398/79/4908
f 36/87/4909 113/1655/4910 418/88/4911
f 638/85/4912 113/1655/4913 36/87/4914
f 638/85/4915 424/66/4916 398/79/4917
f 638/85/4918 915/83/4919 424/66/4920
f 447/1656/4921 699/1657/4922 847/1658/4923
f 24/1659/4924 28/1660/4925 699/1657/4926
f 24/1659/4927 305/1661/4928 28/1660/4929
f 447/1656/4930 24/1659/4931 699/1657/4932
f 24/1659/4933 945/1662/4934 305/1661/4935
f 24/1659/4936 572/1663/4937 945/1662/4938
f 945/1662/4939 433/445/4940 401/446/4941
f 626/443/4942 433/445/4943 797/442/4944
f 433/445/4945 324/1664/4946 47/1665/4947
f 324/1664/4948 217/1594/4949 47/1665/4950
f 47/1665/4951 145/441/4952 797/442/4953
f 217/1594/4954 280/1592/4955 145/441/4956
f 47/1665/4957 217/1594/4958 145/441/4959
f 433/445/4960 584/1666/4961 324/1664/4962
f 572/1663/4963 433/445/4964 945/1662/4965
f 572/1663/4966 584/1666/4967 433/445/4968
f 24/1659/4969 584/1666/4970 572/1663/4971
f 370/1667/4972 584/1666/4973 24/1659/4974
f 584/1666/4975 370/1667/4976 513/1668/4977
f 324/1664/4978 584/1666/4979 513/1668/4980
f 513/1668/4981 217/1594/4982 324/1664/4983
f 299/1593/4984 217/1594/4985 513/1668/4986
f 299/1593/4987 513/1668/4988 16/888/4989
f 630/1669/4990 845/1670/4991 253/1671/4992
f 52/1672/4993 845/1670/4994 630/1669/4995
f 845/1670/4996 16/888/4997 253/1671/4998
f 16/888/4999 513/1668/5000 253/1671/5001
f 370/1667/5002 253/1671/5003 513/1668/5004
f 370/1667/5005 24/1659/5006 253/1671/5007
f 669/1673/5008 630/1669/5009 253/1671/5010
f 686/1169/5011 164/1674/5012 82/1166/5013
f 702/1675/5014 83/1676/5015 164/1674/5016
f 164/1674/5017 83/1676/5018 61/1167/5019
f 82/1166/5020 164/1674/5021 61/1167/5022
f 61/1167/5023 41/1165/5024 307/1164/5025
f 660/800/5026 703/1608/5027 164/1674/5028
f 703/1608/5029 702/1675/5030 164/1674/5031
f 46/823/5032 703/1608/5033 660/800/5034
f 46/823/5035 490/826/5036 703/1608/5037
f 355/1605/5038 702/1675/5039 703/1608/5040
f 702/1675/5041 355/1605/5042 83/1676/5043
f 658/1609/5044 83/1676/5045 355/1605/5046
f 61/1167/5047 658/1609/5048 888/1620/5049
f 61/1167/5050 888/1620/5051 41/1165/5052
f 658/1609/5053 61/1167/5054 83/1676/5055
f 706/1603/5056 703/1608/5057 490/826/5058
f 867/1677/5059 706/1678/5060 490/1679/5061
f 119/833/5062 867/1680/5063 490/826/5064
f 184/1681/5065 867/1680/5066 119/833/5067
f 943/836/5068 184/1681/5069 119/833/5070
f 184/1681/5071 706/1603/5072 867/1680/5073
f 390/838/5074 184/1681/5075 943/836/5076
f 117/1602/5077 706/1603/5078 184/1681/5079
f 524/708/5080 117/1682/5081 184/1683/5082
f 184/1683/5083 390/1684/5084 524/708/5085
f 390/838/5086 793/837/5087 524/1685/5088
f 910/1686/5089 117/1682/5090 524/708/5091
f 954/1586/5092 524/1598/5093 704/1597/5094
f 724/693/5095 704/1597/5096 803/1687/5097
f 404/1611/5098 869/1610/5099 936/1621/5100
f 326/1688/5101 615/111/5102 964/1689/5103
f 964/1689/5104 862/8/5105 326/1688/5106
f 615/111/5107 326/1688/5108 853/11/5109
f 853/11/5110 326/1688/5111 482/10/5112
f 326/1688/5113 862/8/5114 482/10/5115
f 964/1689/5116 467/108/5117 314/1325/5118
f 467/108/5119 964/1689/5120 615/111/5121
f 467/108/5122 615/111/5123 865/109/5124
f 467/108/5125 114/1690/5126 314/1325/5127
f 170/80/5128 314/1325/5129 114/1690/5130
f 314/1325/5131 862/8/5132 964/1689/5133
f 862/8/5134 314/1325/5135 677/1324/5136
f 862/8/5137 677/1324/5138 19/1691/5139
f 862/8/5140 19/1691/5141 760/9/5142
f 34/1440/5143 236/1692/5144 219/1693/5145
f 236/1692/5146 237/1694/5147 219/1693/5148
f 219/1693/5149 237/1694/5150 220/1211/5151
f 694/1695/5152 219/1693/5153 220/1211/5154
f 237/1694/5155 538/1696/5156 220/1211/5157
f 538/1696/5158 234/1697/5159 220/1211/5160
f 220/1211/5161 234/1697/5162 987/1212/5163
f 374/1698/5164 559/1214/5165 987/1212/5166
f 987/1212/5167 234/1697/5168 374/1698/5169
f 237/1694/5170 762/1639/5171 538/1696/5172
f 237/1694/5173 236/1692/5174 603/1638/5175
f 237/1694/5176 603/1638/5177 762/1639/5178
f 762/1639/5179 516/1640/5180 538/1696/5181
f 589/1041/5182 762/1639/5183 603/1638/5184
f 236/1692/5185 34/1440/5186 603/1638/5187
f 408/1441/5188 603/1638/5189 34/1440/5190
f 349/1699/5191 350/1438/5192 34/1440/5193
f 349/1699/5194 34/1440/5195 548/786/5196
f 548/786/5197 34/1440/5198 823/787/5199
f 440/1700/5200 350/1438/5201 349/1699/5202
f 829/774/5203 350/1438/5204 440/1700/5205
f 402/776/5206 829/774/5207 440/1700/5208
f 548/786/5209 402/776/5210 440/1700/5211
f 349/1699/5212 548/786/5213 440/1700/5214
f 564/76/5215 457/1336/5216 240/174/5217
f 955/1701/5218 564/76/5219 843/1335/5220
f 329/1702/5221 955/1701/5222 843/1335/5223
f 240/174/5224 95/1327/5225 843/1335/5226
f 95/1703/5227 314/1325/5228 637/1704/5229
f 637/1704/5230 314/1325/5231 170/80/5232
f 329/1705/5233 843/1706/5234 637/1704/5235
f 637/1704/5236 843/1706/5237 95/1703/5238
f 329/1702/5239 564/76/5240 955/1701/5241
f 564/1707/5242 329/1705/5243 988/78/5244
f 231/67/5245 988/78/5246 170/80/5247
f 170/80/5248 988/78/5249 329/1705/5250
f 329/1705/5251 637/1704/5252 170/80/5253
f 170/80/5254 114/1690/5255 171/1708/5256
f 864/678/5257 103/178/5258 457/179/5259
f 564/683/5260 864/678/5261 457/179/5262
f 53/122/5263 179/916/5264 209/48/5265
f 674/1304/5266 188/1299/5267 581/1298/5268
f 300/302/5269 375/387/5270 163/360/5271
f 300/302/5272 54/306/5273 375/387/5274
f 54/306/5275 716/381/5276 375/387/5277
f 25/1709/5278 55/1496/5279 56/172/5280
f 579/1498/5281 771/173/5282 56/172/5283
f 387/1517/5284 771/173/5285 579/1498/5286
f 171/1708/5287 583/81/5288 170/80/5289
f 601/96/5290 599/99/5291 171/1654/5292
f 203/91/5293 171/1654/5294 599/99/5295
f 203/91/5296 599/99/5297 684/95/5298
f 394/1463/5299 204/1462/5300 973/1284/5301
f 204/1462/5302 185/1285/5303 973/1284/5304
f 394/1463/5305 532/1461/5306 204/1462/5307
f 965/1643/5308 100/1710/5309 895/1641/5310
f 751/1222/5311 830/1711/5312 208/1458/5313
f 559/1214/5314 374/1698/5315 483/1712/5316
f 516/1640/5317 234/1697/5318 538/1696/5319
f 483/1712/5320 374/1698/5321 348/1713/5322
f 374/1698/5323 234/1697/5324 348/1713/5325
f 234/1714/5326 208/1458/5327 348/1715/5328
f 559/1716/5329 348/1717/5330 830/1711/5331
f 348/1717/5332 208/1458/5333 830/1711/5334
f 568/1224/5335 751/1222/5336 73/1225/5337
f 313/1718/5338 312/279/5339 63/283/5340
f 63/283/5341 269/226/5342 313/1718/5343
f 328/520/5344 445/635/5345 730/517/5346
f 967/1719/5347 525/1720/5348 501/1049/5349
f 967/1719/5350 501/1049/5351 327/1721/5352
f 967/1722/5353 996/1052/5354 525/1046/5355
f 967/1722/5356 471/1723/5357 996/1052/5358
f 891/1051/5359 525/1046/5360 996/1052/5361
f 356/1724/5362 471/1723/5363 967/1722/5364
f 104/1053/5365 996/1052/5366 471/1723/5367
f 356/1724/5368 139/1059/5369 471/1723/5370
f 359/1060/5371 356/1724/5372 968/1506/5373
f 359/1060/5374 139/1059/5375 356/1724/5376
f 356/1725/5377 967/1726/5378 327/1721/5379
f 501/1049/5380 109/1042/5381 941/1727/5382
f 941/1727/5383 109/1042/5384 620/1442/5385
f 941/1727/5386 141/1728/5387 327/1721/5388
f 611/1443/5389 941/1727/5390 620/1442/5391
f 531/1729/5392 112/1420/5393 111/1419/5394
f 611/1443/5395 112/1420/5396 531/1729/5397
f 531/1729/5398 141/1728/5399 611/1443/5400
f 802/1434/5401 141/1728/5402 531/1729/5403
f 531/1729/5404 748/1432/5405 802/1434/5406
f 748/1432/5407 531/1729/5408 111/1419/5409
f 748/1432/5410 111/1419/5411 94/1417/5412
f 34/1440/5413 694/1695/5414 823/787/5415
f 823/787/5416 694/1695/5417 972/788/5418
f 34/1440/5419 219/1693/5420 694/1695/5421
f 972/788/5422 694/1695/5423 220/1211/5424
f 927/784/5425 617/1199/5426 836/1194/5427
f 281/1383/5428 154/1385/5429 748/1432/5430
f 802/1434/5431 748/1432/5432 154/1385/5433
f 968/1435/5434 356/1725/5435 141/1728/5436
f 356/1725/5437 327/1721/5438 141/1728/5439
f 941/1727/5440 611/1443/5441 141/1728/5442
f 802/1434/5443 968/1435/5444 141/1728/5445
f 673/1428/5446 570/1730/5447 259/756/5448
f 814/754/5449 673/1428/5450 259/756/5451
f 105/752/5452 814/754/5453 259/756/5454
f 927/784/5455 761/785/5456 755/1202/5457
f 501/1049/5458 298/1034/5459 109/1042/5460
f 327/1721/5461 501/1049/5462 941/1727/5463
f 483/1712/5464 348/1713/5465 559/1214/5466
f 753/1731/5467 234/1697/5468 516/1640/5469
f 208/1732/5470 234/1697/5471 753/1731/5472
f 673/1733/5473 709/1734/5474 570/1735/5475
f 673/1733/5476 353/1736/5477 709/1734/5478
f 352/1425/5479 353/1736/5480 673/1733/5481
f 347/1105/5482 984/1737/5483 908/891/5484
f 908/891/5485 984/1737/5486 958/893/5487
f 241/895/5488 444/1106/5489 347/1105/5490
f 908/891/5491 241/895/5492 347/1105/5493
f 441/1738/5494 444/1106/5495 241/895/5496
f 241/895/5497 835/896/5498 442/1739/5499
f 835/896/5500 820/878/5501 442/1739/5502
f 442/1739/5503 820/878/5504 441/1738/5505
f 820/871/5506 250/865/5507 441/866/5508
f 442/1739/5509 441/1738/5510 241/895/5511
f 958/893/5512 984/1737/5513 974/892/5514
f 974/1740/5515 984/1741/5516 438/1742/5517
f 347/1743/5518 242/1744/5519 984/1741/5520
f 984/1741/5521 242/1744/5522 537/1745/5523
f 242/1107/5524 347/1105/5525 604/1092/5526
f 994/1102/5527 947/1101/5528 347/1105/5529
f 438/1742/5530 984/1741/5531 537/1745/5532
f 439/1625/5533 911/1746/5534 666/1747/5535
f 14/1748/5536 911/1746/5537 439/1625/5538
f 536/1749/5539 666/1750/5540 911/1751/5541
f 536/1749/5542 537/1745/5543 666/1750/5544
f 536/1749/5545 438/1742/5546 537/1745/5547
f 974/892/5548 438/1752/5549 439/1625/5550
f 438/1752/5551 14/1748/5552 439/1625/5553
f 536/1749/5554 14/1753/5555 438/1742/5556
f 911/1751/5557 14/1753/5558 536/1749/5559
f 805/1153/5560 539/1082/5561 267/1754/5562
f 491/1401/5563 805/1153/5564 267/1754/5565
f 596/728/5566 707/534/5567 744/528/5568
f 621/505/5569 595/1596/5570 744/528/5571
f 618/440/5572 621/505/5573 334/439/5574
f 160/437/5575 145/441/5576 618/440/5577
f 595/1596/5578 621/505/5579 618/440/5580
f 595/1596/5581 596/728/5582 744/528/5583
f 148/721/5584 756/1595/5585 33/1587/5586
f 148/721/5587 596/728/5588 756/1595/5589
f 596/728/5590 595/1596/5591 756/1595/5592
f 447/1656/5593 253/1671/5594 24/1659/5595
f 222/1755/5596 253/1756/5597 447/1757/5598
f 222/1758/5599 447/1759/5600 221/1760/5601
f 447/1656/5602 49/1761/5603 221/1762/5604
f 571/1763/5605 221/1760/5606 49/1764/5607
f 253/1756/5608 222/1755/5609 669/1765/5610
f 696/1766/5611 669/1767/5612 222/1758/5613
f 221/1760/5614 696/1766/5615 222/1758/5616
f 696/1768/5617 221/1762/5618 571/1769/5619
f 571/1763/5620 178/1770/5621 452/1771/5622
f 178/1770/5623 571/1763/5624 49/1764/5625
f 1001/1772/5626 178/1770/5627 177/1773/5628
f 1001/1772/5629 452/1771/5630 178/1770/5631
f 452/1771/5632 1001/1772/5633 816/1774/5634
f 367/867/5635 452/1771/5636 133/863/5637
f 817/1775/5638 452/1771/5639 367/867/5640
f 251/872/5641 571/1763/5642 452/1771/5643
f 452/1771/5644 817/1775/5645 251/872/5646
f 369/869/5647 817/1775/5648 367/867/5649
f 890/1776/5650 651/864/5651 133/863/5652
f 890/1776/5653 831/1071/5654 651/864/5655
f 837/448/5656 631/423/5657 384/1002/5658
f 384/1002/5659 631/423/5660 506/425/5661
f 346/1777/5662 392/1778/5663 50/1779/5664
f 50/1780/5665 392/1781/5666 821/1782/5667
f 847/1658/5668 50/1780/5669 821/1782/5670
f 821/1783/5671 392/1778/5672 18/977/5673
f 662/1784/5674 821/1783/5675 18/977/5676
f 392/1778/5677 377/976/5678 18/977/5679
f 587/1785/5680 662/1784/5681 18/977/5682
f 662/1784/5683 700/1786/5684 821/1783/5685
f 662/1784/5686 587/1785/5687 243/1787/5688
f 587/1785/5689 650/1788/5690 243/1787/5691
f 650/1788/5692 587/1785/5693 687/1789/5694
f 650/1788/5695 687/1789/5696 37/1790/5697
f 687/1789/5698 689/974/5699 136/973/5700
f 302/972/5701 37/1790/5702 687/1789/5703
f 687/1789/5704 136/973/5705 302/972/5706
f 37/1790/5707 106/1791/5708 650/1788/5709
f 801/1044/5710 106/1791/5711 37/1790/5712
f 585/1050/5713 541/1055/5714 106/1791/5715
f 801/1044/5716 585/1050/5717 106/1791/5718
f 801/1044/5719 37/1790/5720 872/969/5721
f 37/1790/5722 302/972/5723 872/969/5724
f 872/969/5725 575/1031/5726 801/1044/5727
f 302/972/5728 135/968/5729 872/969/5730
f 401/446/5731 233/447/5732 945/1662/5733
f 945/1662/5734 233/447/5735 305/1661/5736
f 28/1660/5737 305/1661/5738 50/1780/5739
f 847/1658/5740 699/1657/5741 28/1660/5742
f 847/1658/5743 28/1660/5744 50/1780/5745
f 50/1780/5746 305/1661/5747 346/1792/5748
f 116/987/5749 878/418/5750 773/415/5751
f 773/415/5752 878/418/5753 470/420/5754
f 318/451/5755 346/1792/5756 233/447/5757
f 130/1793/5758 346/1792/5759 318/451/5760
f 377/976/5761 392/1778/5762 346/1794/5763
f 346/1792/5764 305/1661/5765 233/447/5766
f 821/1782/5767 177/1795/5768 847/1658/5769
f 700/1786/5770 177/1773/5771 821/1783/5772
f 700/1786/5773 1001/1772/5774 177/1773/5775
f 700/1786/5776 980/1796/5777 1001/1772/5778
f 243/1787/5779 700/1786/5780 662/1784/5781
f 816/1774/5782 1001/1772/5783 953/1797/5784
f 816/1774/5785 953/1797/5786 890/1776/5787
f 1001/1772/5788 980/1796/5789 953/1797/5790
f 953/1797/5791 980/1796/5792 206/1798/5793
f 206/1798/5794 616/1070/5795 953/1797/5796
f 206/1798/5797 980/1796/5798 722/1799/5799
f 205/1057/5800 616/1070/5801 206/1798/5802
f 206/1798/5803 722/1799/5804 205/1057/5805
f 980/1796/5806 700/1786/5807 243/1787/5808
f 980/1796/5809 243/1787/5810 722/1799/5811
f 650/1788/5812 541/1055/5813 243/1787/5814
f 106/1791/5815 541/1055/5816 650/1788/5817
f 541/1055/5818 500/1054/5819 243/1787/5820
f 500/1054/5821 722/1799/5822 243/1787/5823
f 722/1799/5824 500/1054/5825 196/1056/5826
f 377/976/5827 346/1794/5828 130/979/5829
f 447/1656/5830 847/1658/5831 49/1761/5832
f 49/1761/5833 847/1658/5834 177/1795/5835
f 178/1770/5836 49/1764/5837 177/1773/5838
f 318/1800/5839 315/980/5840 396/981/5841
f 273/1801/5842 315/980/5843 318/1800/5844
f 315/980/5845 273/1801/5846 316/1007/5847
f 273/1801/5848 27/1802/5849 316/1007/5850
f 155/978/5851 130/979/5852 318/1803/5853
f 155/978/5854 318/1803/5855 396/981/5856
f 477/452/5857 837/448/5858 384/1002/5859
f 433/445/5860 47/1665/5861 797/442/5862
f 345/436/5863 23/435/5864 92/430/5865
f 669/1767/5866 696/1766/5867 251/872/5868
f 251/872/5869 696/1766/5870 571/1763/5871
f 251/872/5872 630/1804/5873 669/1767/5874
f 630/1804/5875 251/872/5876 52/873/5877
f 369/869/5878 251/872/5879 817/1775/5880
f 18/977/5881 450/975/5882 587/1785/5883
f 687/1789/5884 450/975/5885 689/974/5886
f 104/1053/5887 471/1723/5888 139/1059/5889
f 999/1058/5890 101/1068/5891 205/1057/5892
f 687/1789/5893 587/1785/5894 450/975/5895
f 133/863/5896 452/1771/5897 816/1774/5898
f 133/863/5899 816/1774/5900 890/1776/5901
f 890/1776/5902 953/1797/5903 831/1071/5904
f 953/1797/5905 616/1070/5906 831/1071/5907
f 205/1057/5908 722/1799/5909 196/1056/5910
f 358/1805/5911 632/805/5912 437/797/5913
f 358/1805/5914 437/797/5915 420/1361/5916
f 358/1805/5917 635/1536/5918 632/805/5919
f 711/1360/5920 635/1536/5921 358/1805/5922
f 420/1361/5923 711/1360/5924 358/1805/5925
f 420/1361/5926 437/797/5927 885/1806/5928
f 885/1806/5929 419/1807/5930 420/1361/5931
f 885/1806/5932 437/797/5933 168/793/5934
f 769/1359/5935 420/1361/5936 421/1362/5937
f 421/1362/5938 420/1361/5939 419/1807/5940
f 189/1808/5941 421/1362/5942 419/1807/5943
f 189/1808/5944 419/1807/5945 885/1806/5946
f 357/1349/5947 421/1362/5948 189/1808/5949
f 187/1363/5950 357/1349/5951 189/1808/5952
f 885/1806/5953 187/1363/5954 189/1808/5955
f 752/1809/5956 187/1363/5957 885/1806/5958
f 131/1317/5959 187/1363/5960 752/1809/5961
f 131/1317/5962 752/1809/5963 503/1318/5964
f 503/1318/5965 752/1809/5966 168/793/5967
f 885/1806/5968 168/793/5969 752/1809/5970
f 686/1169/5971 459/1162/5972 691/799/5973
f 660/800/5974 164/1674/5975 129/796/5976
f 164/1674/5977 691/799/5978 129/796/5979
f 164/1674/5980 686/1169/5981 691/799/5982
f 82/1166/5983 811/1168/5984 686/1169/5985
f 519/1170/5986 882/1157/5987 633/1118/5988
f 62/792/5989 1004/791/5990 991/1185/5991
f 569/1320/5992 235/1810/5993 893/1264/5994
f 166/1175/5995 982/1811/5996 167/1176/5997
